Date,USDINR18DECFUT O,USDINR18DECFUT H,USDINR18DECFUT L,USDINR18DECFUT C,USDINR18DECFUT V
11/30/2018 4:59:00 PM,69.79,69.7925,69.78,69.785,8682
11/30/2018 4:58:00 PM,69.7925,69.795,69.7875,69.7875,3830
11/30/2018 4:57:00 PM,69.7875,69.805,69.7875,69.795,9394
11/30/2018 4:56:00 PM,69.805,69.8075,69.7875,69.7925,10743
11/30/2018 4:55:00 PM,69.8275,69.83,69.805,69.805,7546
11/30/2018 4:54:00 PM,69.835,69.835,69.8225,69.83,13720
11/30/2018 4:53:00 PM,69.8475,69.85,69.83,69.835,5293
11/30/2018 4:52:00 PM,69.855,69.855,69.8475,69.8475,3611
11/30/2018 4:51:00 PM,69.85,69.8575,69.845,69.855,4462
11/30/2018 4:50:00 PM,69.8625,69.8625,69.84,69.85,4535
11/30/2018 4:49:00 PM,69.87,69.875,69.86,69.86,1873
11/30/2018 4:48:00 PM,69.865,69.8725,69.86,69.87,1090
11/30/2018 4:47:00 PM,69.87,69.88,69.865,69.865,5145
11/30/2018 4:46:00 PM,69.87,69.8725,69.8575,69.87,16402
11/30/2018 4:45:00 PM,69.8625,69.875,69.8625,69.87,12750
11/30/2018 4:44:00 PM,69.8625,69.865,69.8625,69.8625,10630
11/30/2018 4:43:00 PM,69.865,69.87,69.8575,69.8625,7981
11/30/2018 4:42:00 PM,69.8625,69.87,69.855,69.8625,8010
11/30/2018 4:41:00 PM,69.855,69.865,69.855,69.8625,3002
11/30/2018 4:40:00 PM,69.875,69.875,69.8525,69.855,2712
11/30/2018 4:39:00 PM,69.8725,69.875,69.87,69.8725,2434
11/30/2018 4:38:00 PM,69.89,69.89,69.8725,69.8725,2515
11/30/2018 4:37:00 PM,69.885,69.895,69.885,69.89,1213
11/30/2018 4:36:00 PM,69.8825,69.89,69.88,69.885,2040
11/30/2018 4:35:00 PM,69.87,69.885,69.8675,69.8825,2374
11/30/2018 4:34:00 PM,69.865,69.875,69.8625,69.87,2135
11/30/2018 4:33:00 PM,69.865,69.8675,69.8375,69.865,29434
11/30/2018 4:32:00 PM,69.9025,69.905,69.86,69.865,38828
11/30/2018 4:31:00 PM,69.8975,69.905,69.89,69.9025,5279
11/30/2018 4:30:00 PM,69.885,69.9,69.885,69.9,1710
11/30/2018 4:29:00 PM,69.8925,69.895,69.8825,69.885,3326
11/30/2018 4:28:00 PM,69.8775,69.8925,69.8775,69.8925,1760
11/30/2018 4:27:00 PM,69.8725,69.89,69.8725,69.88,3338
11/30/2018 4:26:00 PM,69.8825,69.8825,69.8675,69.8725,3642
11/30/2018 4:25:00 PM,69.88,69.89,69.8775,69.88,7208
11/30/2018 4:24:00 PM,69.89,69.89,69.87,69.88,7464
11/30/2018 4:23:00 PM,69.89,69.895,69.88,69.89,18402
11/30/2018 4:22:00 PM,69.87,69.8925,69.87,69.8925,6022
11/30/2018 4:21:00 PM,69.8625,69.87,69.8525,69.87,10881
11/30/2018 4:20:00 PM,69.88,69.895,69.8625,69.8675,13521
11/30/2018 4:19:00 PM,69.9175,69.92,69.88,69.88,12923
11/30/2018 4:18:00 PM,69.9275,69.9325,69.915,69.9175,2645
11/30/2018 4:17:00 PM,69.9325,69.9375,69.92,69.9275,3768
11/30/2018 4:16:00 PM,69.925,69.9325,69.925,69.9325,5529
11/30/2018 4:15:00 PM,69.9225,69.9325,69.92,69.925,3258
11/30/2018 4:14:00 PM,69.925,69.925,69.9075,69.925,10048
11/30/2018 4:13:00 PM,69.94,69.9475,69.92,69.9275,5513
11/30/2018 4:12:00 PM,69.93,69.94,69.93,69.9375,3249
11/30/2018 4:11:00 PM,69.9425,69.945,69.925,69.93,14138
11/30/2018 4:10:00 PM,69.95,69.9525,69.945,69.945,6394
11/30/2018 4:09:00 PM,69.965,69.97,69.95,69.95,14056
11/30/2018 4:08:00 PM,69.9725,69.9725,69.965,69.965,1598
11/30/2018 4:07:00 PM,69.9675,69.9775,69.9675,69.9775,894
11/30/2018 4:06:00 PM,69.965,69.9775,69.965,69.9675,902
11/30/2018 4:05:00 PM,69.97,69.975,69.965,69.965,3912
11/30/2018 4:04:00 PM,69.9825,69.985,69.97,69.97,1351
11/30/2018 4:03:00 PM,69.9875,69.9925,69.9825,69.9825,2300
11/30/2018 4:02:00 PM,69.975,69.9875,69.975,69.9875,289
11/30/2018 4:01:00 PM,69.98,69.98,69.9675,69.975,1122
11/30/2018 4:00:00 PM,69.975,69.9825,69.9725,69.98,1244
11/30/2018 3:59:00 PM,69.97,69.9825,69.965,69.975,4401
11/30/2018 3:58:00 PM,69.985,69.9925,69.97,69.97,4343
11/30/2018 3:57:00 PM,69.9925,69.9925,69.98,69.9875,2215
11/30/2018 3:56:00 PM,70.005,70.0075,69.9925,69.995,761
11/30/2018 3:55:00 PM,70.005,70.0075,70.0025,70.005,572
11/30/2018 3:54:00 PM,70,70.01,70,70,1346
11/30/2018 3:53:00 PM,70.0175,70.0175,70,70,714
11/30/2018 3:52:00 PM,70.0125,70.0175,70.0125,70.0175,207
11/30/2018 3:51:00 PM,70.0125,70.0125,70.01,70.0125,138
11/30/2018 3:50:00 PM,70.0125,70.0125,70.005,70.01,994
11/30/2018 3:49:00 PM,70.0225,70.025,70.01,70.0125,699
11/30/2018 3:48:00 PM,70.0125,70.025,70.01,70.025,298
11/30/2018 3:47:00 PM,70.0125,70.0175,70.0075,70.0125,1531
11/30/2018 3:46:00 PM,70.0075,70.015,70.0075,70.015,1102
11/30/2018 3:45:00 PM,70,70.0075,69.9975,70.0075,1614
11/30/2018 3:44:00 PM,69.995,70.005,69.995,70,452
11/30/2018 3:43:00 PM,70,70.0075,69.995,69.995,2471
11/30/2018 3:42:00 PM,69.9825,70,69.9825,70,5616
11/30/2018 3:41:00 PM,69.9775,69.9925,69.975,69.9825,3232
11/30/2018 3:40:00 PM,69.975,69.985,69.9725,69.975,4243
11/30/2018 3:39:00 PM,70.02,70.0225,69.9725,69.975,10288
11/30/2018 3:38:00 PM,70.0225,70.025,70.0175,70.02,456
11/30/2018 3:37:00 PM,70.0225,70.025,70.0175,70.0225,2058
11/30/2018 3:36:00 PM,70.0275,70.0275,70.015,70.0275,1755
11/30/2018 3:35:00 PM,70.0225,70.03,70.02,70.0275,2311
11/30/2018 3:34:00 PM,70.015,70.025,70.0125,70.025,3711
11/30/2018 3:33:00 PM,70.0175,70.0225,70.0075,70.0175,3892
11/30/2018 3:32:00 PM,70.045,70.045,70.0225,70.025,1702
11/30/2018 3:31:00 PM,70.0475,70.055,70.0425,70.0425,3827
11/30/2018 3:30:00 PM,70.0425,70.05,70.035,70.0475,2396
11/30/2018 3:29:00 PM,70.0275,70.0375,70.0275,70.0325,1701
11/30/2018 3:28:00 PM,70.01,70.0275,70.01,70.025,1030
11/30/2018 3:27:00 PM,70.0125,70.015,70.0075,70.01,1008
11/30/2018 3:26:00 PM,70.0125,70.02,70.0125,70.015,1534
11/30/2018 3:25:00 PM,70.0175,70.0175,70.01,70.0125,876
11/30/2018 3:24:00 PM,70.0275,70.03,70.0125,70.0175,2449
11/30/2018 3:23:00 PM,70.03,70.0325,70.025,70.03,1114
11/30/2018 3:22:00 PM,70.045,70.045,70.0325,70.0325,736
11/30/2018 3:21:00 PM,70.045,70.045,70.04,70.045,706
11/30/2018 3:20:00 PM,70.025,70.0425,70.025,70.0425,1497
11/30/2018 3:19:00 PM,70.02,70.0275,70.02,70.025,735
11/30/2018 3:18:00 PM,70.0275,70.0325,70.0225,70.0225,898
11/30/2018 3:17:00 PM,70.03,70.03,70.0225,70.0275,1883
11/30/2018 3:16:00 PM,70.04,70.04,70.0275,70.03,2233
11/30/2018 3:15:00 PM,70.0425,70.045,70.035,70.04,2204
11/30/2018 3:14:00 PM,70.0475,70.0525,70.0325,70.0425,2498
11/30/2018 3:13:00 PM,70.0625,70.0625,70.0475,70.0475,1102
11/30/2018 3:12:00 PM,70.055,70.065,70.055,70.0625,1128
11/30/2018 3:11:00 PM,70.065,70.07,70.0525,70.055,2370
11/30/2018 3:10:00 PM,70.075,70.075,70.065,70.065,846
11/30/2018 3:09:00 PM,70.08,70.085,70.075,70.075,4787
11/30/2018 3:08:00 PM,70.07,70.08,70.07,70.08,1650
11/30/2018 3:07:00 PM,70.08,70.08,70.07,70.07,992
11/30/2018 3:06:00 PM,70.0725,70.0825,70.07,70.08,3711
11/30/2018 3:05:00 PM,70.07,70.075,70.0625,70.0725,2614
11/30/2018 3:04:00 PM,70.0825,70.0875,70.065,70.07,6243
11/30/2018 3:03:00 PM,70.0725,70.085,70.0725,70.0825,1160
11/30/2018 3:02:00 PM,70.0775,70.0775,70.0675,70.0725,680
11/30/2018 3:01:00 PM,70.065,70.0775,70.065,70.0775,1724
11/30/2018 3:00:00 PM,70.0625,70.065,70.0525,70.065,1771
11/30/2018 2:59:00 PM,70.0825,70.085,70.0625,70.0625,6215
11/30/2018 2:58:00 PM,70.0925,70.0925,70.0775,70.0825,996
11/30/2018 2:57:00 PM,70.1,70.1,70.0875,70.0925,2325
11/30/2018 2:56:00 PM,70.0875,70.1025,70.085,70.0975,3861
11/30/2018 2:55:00 PM,70.0925,70.0975,70.085,70.0875,3398
11/30/2018 2:54:00 PM,70.09,70.0975,70.085,70.0975,2138
11/30/2018 2:53:00 PM,70.075,70.105,70.07,70.095,7281
11/30/2018 2:52:00 PM,70.0625,70.0825,70.06,70.0825,3245
11/30/2018 2:51:00 PM,70.0675,70.0725,70.0575,70.0625,6760
11/30/2018 2:50:00 PM,70.0725,70.075,70.0675,70.07,2354
11/30/2018 2:49:00 PM,70.0825,70.0825,70.07,70.0725,12393
11/30/2018 2:48:00 PM,70.06,70.085,70.06,70.0825,14694
11/30/2018 2:47:00 PM,70.0275,70.0675,70.0275,70.06,15104
11/30/2018 2:46:00 PM,70.005,70.03,70.005,70.0275,6076
11/30/2018 2:45:00 PM,70.0075,70.0075,69.995,70.005,792
11/30/2018 2:44:00 PM,70.0025,70.0075,70.0025,70.0075,406
11/30/2018 2:43:00 PM,70.0025,70.0075,69.995,70.0075,1660
11/30/2018 2:42:00 PM,70.0025,70.005,70,70.0025,1565
11/30/2018 2:41:00 PM,69.9975,70.0125,69.995,70.0025,7508
11/30/2018 2:40:00 PM,69.99,70.0025,69.99,69.9975,6739
11/30/2018 2:39:00 PM,69.98,70.0025,69.98,69.9925,4931
11/30/2018 2:38:00 PM,69.98,69.9825,69.9775,69.98,418
11/30/2018 2:37:00 PM,69.98,69.98,69.975,69.98,475
11/30/2018 2:36:00 PM,69.9825,69.9875,69.975,69.98,671
11/30/2018 2:35:00 PM,69.98,69.99,69.9775,69.9825,616
11/30/2018 2:34:00 PM,69.98,69.985,69.98,69.98,666
11/30/2018 2:33:00 PM,69.975,69.9825,69.975,69.9775,2753
11/30/2018 2:32:00 PM,69.9775,69.98,69.9725,69.975,1136
11/30/2018 2:31:00 PM,69.985,69.9875,69.975,69.9775,1382
11/30/2018 2:30:00 PM,69.985,69.99,69.985,69.985,2644
11/30/2018 2:29:00 PM,69.9875,69.99,69.985,69.985,815
11/30/2018 2:28:00 PM,69.9825,69.9975,69.98,69.9875,1612
11/30/2018 2:27:00 PM,69.9825,69.985,69.98,69.9825,1052
11/30/2018 2:26:00 PM,69.975,69.9825,69.975,69.98,868
11/30/2018 2:25:00 PM,69.9725,69.98,69.9725,69.975,800
11/30/2018 2:24:00 PM,69.98,69.9825,69.97,69.9725,5784
11/30/2018 2:23:00 PM,69.99,69.99,69.9725,69.9775,6450
11/30/2018 2:22:00 PM,69.975,69.995,69.9725,69.9825,9729
11/30/2018 2:21:00 PM,69.9825,69.9875,69.975,69.975,673
11/30/2018 2:20:00 PM,69.9725,69.9875,69.9725,69.9825,1072
11/30/2018 2:19:00 PM,69.975,69.9775,69.9725,69.9725,415
11/30/2018 2:18:00 PM,69.9675,69.9825,69.965,69.975,3888
11/30/2018 2:17:00 PM,69.9475,69.9675,69.9425,69.9675,1919
11/30/2018 2:16:00 PM,69.9425,69.95,69.9425,69.9475,1651
11/30/2018 2:15:00 PM,69.945,69.95,69.94,69.94,268
11/30/2018 2:14:00 PM,69.9525,69.96,69.94,69.945,1826
11/30/2018 2:13:00 PM,69.955,69.9575,69.95,69.9525,2224
11/30/2018 2:12:00 PM,69.94,69.955,69.935,69.955,1262
11/30/2018 2:11:00 PM,69.9475,69.9475,69.9325,69.9375,3110
11/30/2018 2:10:00 PM,69.96,69.96,69.945,69.9475,1384
11/30/2018 2:09:00 PM,69.955,69.9675,69.955,69.96,453
11/30/2018 2:08:00 PM,69.9775,69.9775,69.955,69.955,2350
11/30/2018 2:07:00 PM,69.9725,69.9775,69.97,69.9775,723
11/30/2018 2:06:00 PM,69.9675,69.975,69.965,69.9725,721
11/30/2018 2:05:00 PM,69.97,69.975,69.96,69.9675,400
11/30/2018 2:04:00 PM,69.975,69.9775,69.965,69.97,256
11/30/2018 2:03:00 PM,69.96,69.975,69.9575,69.975,178
11/30/2018 2:02:00 PM,69.9675,69.97,69.96,69.96,414
11/30/2018 2:01:00 PM,69.9775,69.9775,69.9625,69.9675,390
11/30/2018 2:00:00 PM,69.97,69.9775,69.97,69.9775,1673
11/30/2018 1:59:00 PM,69.975,69.98,69.9675,69.97,3196
11/30/2018 1:58:00 PM,69.9525,69.9725,69.9475,69.9725,6593
11/30/2018 1:57:00 PM,69.9475,69.9575,69.945,69.9525,1499
11/30/2018 1:56:00 PM,69.955,69.9575,69.945,69.945,3836
11/30/2018 1:55:00 PM,69.9675,69.9825,69.955,69.955,6940
11/30/2018 1:54:00 PM,69.9675,69.9725,69.965,69.9675,1716
11/30/2018 1:53:00 PM,69.98,69.98,69.9675,69.9675,1913
11/30/2018 1:52:00 PM,69.975,69.98,69.97,69.98,824
11/30/2018 1:51:00 PM,69.9675,69.975,69.965,69.975,1187
11/30/2018 1:50:00 PM,69.97,69.97,69.96,69.9675,4984
11/30/2018 1:49:00 PM,69.9675,69.97,69.9625,69.97,3159
11/30/2018 1:48:00 PM,69.97,69.9775,69.9675,69.9675,812
11/30/2018 1:47:00 PM,69.975,69.98,69.965,69.97,2239
11/30/2018 1:46:00 PM,69.9825,69.99,69.975,69.975,3616
11/30/2018 1:45:00 PM,69.9925,69.9925,69.9775,69.9825,604
11/30/2018 1:44:00 PM,69.9775,69.995,69.9775,69.9925,1427
11/30/2018 1:43:00 PM,69.985,69.995,69.9775,69.9775,3304
11/30/2018 1:42:00 PM,69.99,69.9925,69.98,69.985,1062
11/30/2018 1:41:00 PM,69.9975,69.9975,69.985,69.99,3308
11/30/2018 1:40:00 PM,70,70.005,69.9975,69.9975,1845
11/30/2018 1:39:00 PM,70.0025,70.005,69.9975,70,511
11/30/2018 1:38:00 PM,70.0025,70.01,69.9975,70.0025,4840
11/30/2018 1:37:00 PM,69.99,70.0075,69.99,70.0075,8399
11/30/2018 1:36:00 PM,69.99,70.005,69.99,69.99,4563
11/30/2018 1:35:00 PM,69.985,70.0025,69.985,69.9925,2146
11/30/2018 1:34:00 PM,69.9825,69.9875,69.965,69.985,11993
11/30/2018 1:33:00 PM,70,70,69.98,69.985,12471
11/30/2018 1:32:00 PM,70.0125,70.0175,69.9925,70,7394
11/30/2018 1:31:00 PM,70.0125,70.02,70.0125,70.0125,2319
11/30/2018 1:30:00 PM,70.015,70.02,70.01,70.015,1484
11/30/2018 1:29:00 PM,70.0125,70.0175,70.0075,70.015,425
11/30/2018 1:28:00 PM,70.005,70.0175,70.005,70.0125,1099
11/30/2018 1:27:00 PM,70.01,70.0175,70.005,70.01,2950
11/30/2018 1:26:00 PM,70.0275,70.0275,70.01,70.01,294
11/30/2018 1:25:00 PM,70.0225,70.0275,70.0125,70.0275,1006
11/30/2018 1:24:00 PM,70.0275,70.0325,70.015,70.0225,6251
11/30/2018 1:23:00 PM,70.02,70.0325,70.0175,70.0275,1392
11/30/2018 1:22:00 PM,70.0125,70.02,70.0125,70.02,2819
11/30/2018 1:21:00 PM,70.01,70.0125,69.9975,70.0125,5631
11/30/2018 1:20:00 PM,70.035,70.035,70.0075,70.01,4877
11/30/2018 1:19:00 PM,70.0275,70.04,70.025,70.04,2297
11/30/2018 1:18:00 PM,70.03,70.0375,70.02,70.0275,2001
11/30/2018 1:17:00 PM,70.025,70.0275,70.02,70.0275,352
11/30/2018 1:16:00 PM,70.015,70.025,70.015,70.025,936
11/30/2018 1:15:00 PM,70.015,70.015,70.0075,70.015,436
11/30/2018 1:14:00 PM,70.03,70.03,70.0125,70.0125,1674
11/30/2018 1:13:00 PM,70.04,70.04,70.025,70.03,723
11/30/2018 1:12:00 PM,70.03,70.0425,70.03,70.04,3174
11/30/2018 1:11:00 PM,70.02,70.035,70.02,70.0275,1921
11/30/2018 1:10:00 PM,70.015,70.02,70.01,70.02,2696
11/30/2018 1:09:00 PM,70.015,70.02,70.01,70.015,2994
11/30/2018 1:08:00 PM,70.02,70.0225,70.01,70.015,1602
11/30/2018 1:07:00 PM,70.0175,70.03,70.015,70.02,1893
11/30/2018 1:06:00 PM,70.0125,70.0225,70.01,70.0175,2154
11/30/2018 1:05:00 PM,70.01,70.015,70.005,70.01,1106
11/30/2018 1:04:00 PM,70,70.0125,70,70.0125,2179
11/30/2018 1:03:00 PM,70,70.005,69.995,70,2310
11/30/2018 1:02:00 PM,70.005,70.0075,69.9875,70.0025,8580
11/30/2018 1:01:00 PM,70.0125,70.02,70,70.005,3424
11/30/2018 1:00:00 PM,70.0175,70.0275,70.0125,70.0125,4890
11/30/2018 12:59:00 PM,70.0125,70.0175,70.01,70.0175,2173
11/30/2018 12:58:00 PM,70.0225,70.0275,70.0125,70.0125,1809
11/30/2018 12:57:00 PM,70.025,70.0275,70.02,70.0225,1330
11/30/2018 12:56:00 PM,70.0275,70.035,70.0225,70.0225,6850
11/30/2018 12:55:00 PM,70.04,70.045,70.03,70.03,13359
11/30/2018 12:54:00 PM,70.0225,70.05,70.0225,70.0425,10372
11/30/2018 12:53:00 PM,70.0275,70.0425,70.0125,70.0225,11263
11/30/2018 12:52:00 PM,69.9975,70.02,69.9975,70.02,16419
11/30/2018 12:51:00 PM,69.9775,69.995,69.9775,69.9925,19207
11/30/2018 12:50:00 PM,69.975,69.98,69.9725,69.98,3599
11/30/2018 12:49:00 PM,69.965,69.9775,69.965,69.975,1666
11/30/2018 12:48:00 PM,69.9625,69.97,69.96,69.965,2363
11/30/2018 12:47:00 PM,69.965,69.97,69.9625,69.9625,1276
11/30/2018 12:46:00 PM,69.9675,69.975,69.9575,69.9625,3207
11/30/2018 12:45:00 PM,69.9675,69.97,69.9625,69.9625,3072
11/30/2018 12:44:00 PM,69.97,69.98,69.965,69.9675,8241
11/30/2018 12:43:00 PM,69.9575,69.9725,69.9575,69.97,6162
11/30/2018 12:42:00 PM,69.9475,69.9625,69.9475,69.9575,6594
11/30/2018 12:41:00 PM,69.94,69.9625,69.94,69.9475,9170
11/30/2018 12:40:00 PM,69.9425,69.95,69.9325,69.94,6342
11/30/2018 12:39:00 PM,69.9275,69.9425,69.925,69.9425,10571
11/30/2018 12:38:00 PM,69.9225,69.93,69.915,69.9275,3766
11/30/2018 12:37:00 PM,69.9125,69.9225,69.91,69.9225,5503
11/30/2018 12:36:00 PM,69.905,69.915,69.905,69.9125,1904
11/30/2018 12:35:00 PM,69.9025,69.91,69.9025,69.905,8678
11/30/2018 12:34:00 PM,69.895,69.9025,69.8925,69.9025,3762
11/30/2018 12:33:00 PM,69.8825,69.89,69.8775,69.89,1535
11/30/2018 12:32:00 PM,69.885,69.8875,69.88,69.8825,1056
11/30/2018 12:31:00 PM,69.8875,69.8875,69.8775,69.885,2553
11/30/2018 12:30:00 PM,69.8725,69.8875,69.8725,69.8875,359
11/30/2018 12:29:00 PM,69.875,69.88,69.8725,69.8725,834
11/30/2018 12:28:00 PM,69.87,69.8775,69.87,69.875,734
11/30/2018 12:27:00 PM,69.87,69.87,69.8675,69.87,917
11/30/2018 12:26:00 PM,69.865,69.87,69.86,69.87,1240
11/30/2018 12:25:00 PM,69.87,69.87,69.865,69.865,399
11/30/2018 12:24:00 PM,69.875,69.88,69.86,69.87,3673
11/30/2018 12:23:00 PM,69.8625,69.875,69.8625,69.875,1290
11/30/2018 12:22:00 PM,69.855,69.8725,69.855,69.8625,994
11/30/2018 12:21:00 PM,69.8625,69.865,69.8525,69.855,1925
11/30/2018 12:20:00 PM,69.8625,69.8675,69.8575,69.8625,4439
11/30/2018 12:19:00 PM,69.865,69.8675,69.8625,69.8625,119
11/30/2018 12:18:00 PM,69.855,69.865,69.855,69.865,741
11/30/2018 12:17:00 PM,69.865,69.865,69.855,69.855,2057
11/30/2018 12:16:00 PM,69.875,69.875,69.86,69.865,2115
11/30/2018 12:15:00 PM,69.8775,69.88,69.875,69.875,1054
11/30/2018 12:14:00 PM,69.88,69.8825,69.8775,69.8775,2999
11/30/2018 12:13:00 PM,69.885,69.885,69.88,69.88,734
11/30/2018 12:12:00 PM,69.8825,69.8875,69.88,69.885,1686
11/30/2018 12:11:00 PM,69.8825,69.885,69.875,69.8825,919
11/30/2018 12:10:00 PM,69.8875,69.8875,69.88,69.8825,3732
11/30/2018 12:09:00 PM,69.8775,69.8875,69.8775,69.8875,4899
11/30/2018 12:08:00 PM,69.8775,69.8825,69.875,69.8775,2320
11/30/2018 12:07:00 PM,69.8825,69.8825,69.8725,69.8775,2954
11/30/2018 12:06:00 PM,69.87,69.885,69.87,69.8825,5387
11/30/2018 12:05:00 PM,69.8775,69.8775,69.87,69.87,2084
11/30/2018 12:04:00 PM,69.88,69.8825,69.8775,69.8775,3496
11/30/2018 12:03:00 PM,69.8825,69.885,69.88,69.88,1352
11/30/2018 12:02:00 PM,69.88,69.885,69.88,69.8825,1249
11/30/2018 12:01:00 PM,69.8625,69.88,69.8625,69.88,2367
11/30/2018 12:00:00 PM,69.86,69.8675,69.86,69.8625,101
11/30/2018 11:59:00 AM,69.8675,69.8675,69.86,69.86,750
11/30/2018 11:58:00 AM,69.865,69.87,69.8625,69.8675,2045
11/30/2018 11:57:00 AM,69.8625,69.87,69.8625,69.865,1596
11/30/2018 11:56:00 AM,69.855,69.8625,69.8525,69.8625,494
11/30/2018 11:55:00 AM,69.85,69.8575,69.85,69.855,2897
11/30/2018 11:54:00 AM,69.84,69.85,69.8325,69.85,2095
11/30/2018 11:53:00 AM,69.845,69.8475,69.84,69.84,740
11/30/2018 11:52:00 AM,69.855,69.8575,69.845,69.845,1095
11/30/2018 11:51:00 AM,69.86,69.8625,69.855,69.855,561
11/30/2018 11:50:00 AM,69.8575,69.8575,69.855,69.8575,165
11/30/2018 11:49:00 AM,69.8625,69.865,69.8575,69.8575,686
11/30/2018 11:48:00 AM,69.8625,69.8625,69.8575,69.8625,335
11/30/2018 11:47:00 AM,69.86,69.865,69.8575,69.8625,373
11/30/2018 11:46:00 AM,69.855,69.8625,69.855,69.86,3714
11/30/2018 11:45:00 AM,69.85,69.855,69.8475,69.855,1257
11/30/2018 11:44:00 AM,69.855,69.855,69.845,69.85,4182
11/30/2018 11:43:00 AM,69.8525,69.8525,69.8475,69.85,2470
11/30/2018 11:42:00 AM,69.87,69.87,69.8525,69.8525,10695
11/30/2018 11:41:00 AM,69.875,69.875,69.87,69.87,5140
11/30/2018 11:40:00 AM,69.8675,69.875,69.8675,69.875,9212
11/30/2018 11:39:00 AM,69.8625,69.87,69.8625,69.8675,772
11/30/2018 11:38:00 AM,69.8625,69.865,69.86,69.8625,5133
11/30/2018 11:37:00 AM,69.8525,69.8625,69.85,69.8625,6980
11/30/2018 11:36:00 AM,69.8575,69.86,69.85,69.85,8723
11/30/2018 11:35:00 AM,69.86,69.86,69.855,69.8575,3801
11/30/2018 11:34:00 AM,69.865,69.865,69.85,69.8575,6188
11/30/2018 11:33:00 AM,69.855,69.865,69.855,69.865,2834
11/30/2018 11:32:00 AM,69.855,69.86,69.8525,69.855,7119
11/30/2018 11:31:00 AM,69.8525,69.8575,69.85,69.855,4814
11/30/2018 11:30:00 AM,69.8525,69.855,69.8475,69.8525,6122
11/30/2018 11:29:00 AM,69.855,69.855,69.85,69.8525,4081
11/30/2018 11:28:00 AM,69.8475,69.855,69.8475,69.855,6454
11/30/2018 11:27:00 AM,69.8425,69.85,69.84,69.8475,3644
11/30/2018 11:26:00 AM,69.84,69.845,69.84,69.8425,2097
11/30/2018 11:25:00 AM,69.845,69.845,69.83,69.84,1201
11/30/2018 11:24:00 AM,69.835,69.845,69.835,69.845,2968
11/30/2018 11:23:00 AM,69.8425,69.8425,69.8325,69.835,769
11/30/2018 11:22:00 AM,69.84,69.8425,69.8325,69.8425,1153
11/30/2018 11:21:00 AM,69.84,69.8425,69.835,69.84,1416
11/30/2018 11:20:00 AM,69.8325,69.84,69.8325,69.84,781
11/30/2018 11:19:00 AM,69.8325,69.835,69.8225,69.8325,2450
11/30/2018 11:18:00 AM,69.8275,69.8425,69.8275,69.8325,2621
11/30/2018 11:17:00 AM,69.8275,69.8275,69.8175,69.8275,1240
11/30/2018 11:16:00 AM,69.8175,69.8275,69.8175,69.825,10377
11/30/2018 11:15:00 AM,69.815,69.8225,69.8025,69.8175,11901
11/30/2018 11:14:00 AM,69.8275,69.8275,69.8125,69.815,4477
11/30/2018 11:13:00 AM,69.8325,69.835,69.82,69.825,9680
11/30/2018 11:12:00 AM,69.85,69.8525,69.8325,69.84,5966
11/30/2018 11:11:00 AM,69.855,69.8575,69.85,69.85,2733
11/30/2018 11:10:00 AM,69.8525,69.8575,69.85,69.8575,3576
11/30/2018 11:09:00 AM,69.855,69.855,69.84,69.85,3958
11/30/2018 11:08:00 AM,69.8575,69.865,69.855,69.8575,2581
11/30/2018 11:07:00 AM,69.8575,69.8575,69.845,69.8575,2353
11/30/2018 11:06:00 AM,69.855,69.86,69.85,69.8575,1838
11/30/2018 11:05:00 AM,69.8575,69.8575,69.8425,69.855,5196
11/30/2018 11:04:00 AM,69.8625,69.865,69.8575,69.8575,2310
11/30/2018 11:03:00 AM,69.87,69.87,69.855,69.8575,2652
11/30/2018 11:02:00 AM,69.8575,69.87,69.8575,69.87,1550
11/30/2018 11:01:00 AM,69.87,69.87,69.855,69.86,1450
11/30/2018 11:00:00 AM,69.875,69.8775,69.87,69.87,589
11/30/2018 10:59:00 AM,69.8675,69.8725,69.8675,69.8725,1171
11/30/2018 10:58:00 AM,69.8675,69.87,69.8625,69.8675,832
11/30/2018 10:57:00 AM,69.8725,69.8725,69.8625,69.8675,796
11/30/2018 10:56:00 AM,69.8725,69.8775,69.865,69.8725,1456
11/30/2018 10:55:00 AM,69.8575,69.8725,69.8575,69.8725,1228
11/30/2018 10:54:00 AM,69.865,69.865,69.8575,69.86,2923
11/30/2018 10:53:00 AM,69.8825,69.8825,69.8625,69.8625,1604
11/30/2018 10:52:00 AM,69.89,69.89,69.88,69.8825,2389
11/30/2018 10:51:00 AM,69.8975,69.8975,69.89,69.89,142
11/30/2018 10:50:00 AM,69.89,69.8975,69.89,69.8975,273
11/30/2018 10:49:00 AM,69.8825,69.8925,69.8825,69.89,1034
11/30/2018 10:48:00 AM,69.8825,69.8875,69.8825,69.8825,401
11/30/2018 10:47:00 AM,69.89,69.89,69.8825,69.8825,772
11/30/2018 10:46:00 AM,69.8925,69.8975,69.89,69.8925,136
11/30/2018 10:45:00 AM,69.8975,69.8975,69.8925,69.8925,583
11/30/2018 10:44:00 AM,69.89,69.8975,69.8875,69.8975,772
11/30/2018 10:43:00 AM,69.89,69.895,69.8875,69.89,787
11/30/2018 10:42:00 AM,69.885,69.89,69.8825,69.89,708
11/30/2018 10:41:00 AM,69.8875,69.89,69.88,69.885,525
11/30/2018 10:40:00 AM,69.885,69.8875,69.88,69.8875,1388
11/30/2018 10:39:00 AM,69.8925,69.895,69.8825,69.885,1979
11/30/2018 10:38:00 AM,69.89,69.895,69.89,69.8925,2213
11/30/2018 10:37:00 AM,69.8925,69.895,69.89,69.89,27
11/30/2018 10:36:00 AM,69.8875,69.8975,69.8875,69.8925,427
11/30/2018 10:35:00 AM,69.8925,69.9,69.89,69.89,181
11/30/2018 10:34:00 AM,69.8925,69.9,69.8925,69.8925,806
11/30/2018 10:33:00 AM,69.89,69.895,69.8875,69.8925,285
11/30/2018 10:32:00 AM,69.8875,69.8925,69.8875,69.89,317
11/30/2018 10:31:00 AM,69.9,69.9025,69.885,69.8875,1280
11/30/2018 10:30:00 AM,69.9,69.9025,69.8875,69.9,2349
11/30/2018 10:29:00 AM,69.9075,69.915,69.9,69.9,1081
11/30/2018 10:28:00 AM,69.9125,69.915,69.905,69.9075,272
11/30/2018 10:27:00 AM,69.9175,69.925,69.9075,69.9125,2256
11/30/2018 10:26:00 AM,69.9175,69.92,69.9125,69.92,1379
11/30/2018 10:25:00 AM,69.915,69.92,69.9125,69.9175,557
11/30/2018 10:24:00 AM,69.915,69.915,69.9125,69.915,804
11/30/2018 10:23:00 AM,69.9125,69.915,69.91,69.915,339
11/30/2018 10:22:00 AM,69.9075,69.9125,69.9025,69.9125,570
11/30/2018 10:21:00 AM,69.905,69.9075,69.9025,69.905,410
11/30/2018 10:20:00 AM,69.905,69.915,69.905,69.9075,3131
11/30/2018 10:19:00 AM,69.9075,69.91,69.9,69.905,758
11/30/2018 10:18:00 AM,69.9125,69.9125,69.9025,69.9075,1653
11/30/2018 10:17:00 AM,69.915,69.92,69.9125,69.9125,3337
11/30/2018 10:16:00 AM,69.92,69.92,69.9125,69.915,471
11/30/2018 10:15:00 AM,69.915,69.92,69.9125,69.9175,539
11/30/2018 10:14:00 AM,69.9175,69.9225,69.91,69.915,1413
11/30/2018 10:13:00 AM,69.9275,69.9275,69.9175,69.9175,740
11/30/2018 10:12:00 AM,69.9175,69.93,69.9175,69.9275,621
11/30/2018 10:11:00 AM,69.9125,69.9175,69.9125,69.9175,1097
11/30/2018 10:10:00 AM,69.9175,69.9175,69.9125,69.9125,3501
11/30/2018 10:09:00 AM,69.9225,69.9275,69.9175,69.92,4004
11/30/2018 10:08:00 AM,69.9225,69.925,69.9225,69.925,289
11/30/2018 10:07:00 AM,69.92,69.925,69.92,69.9225,514
11/30/2018 10:06:00 AM,69.92,69.9225,69.9175,69.9225,533
11/30/2018 10:05:00 AM,69.925,69.925,69.9175,69.92,842
11/30/2018 10:04:00 AM,69.91,69.9275,69.91,69.9225,4374
11/30/2018 10:03:00 AM,69.9175,69.92,69.91,69.91,692
11/30/2018 10:02:00 AM,69.92,69.92,69.915,69.9175,585
11/30/2018 10:01:00 AM,69.925,69.925,69.92,69.92,1440
11/30/2018 10:00:00 AM,69.93,69.93,69.925,69.925,3058
11/30/2018 9:59:00 AM,69.9175,69.9325,69.9175,69.93,3358
11/30/2018 9:58:00 AM,69.9175,69.92,69.915,69.9175,1884
11/30/2018 9:57:00 AM,69.9175,69.9175,69.915,69.9175,491
11/30/2018 9:56:00 AM,69.9175,69.9175,69.915,69.9175,1006
11/30/2018 9:55:00 AM,69.9175,69.92,69.9125,69.9175,3716
11/30/2018 9:54:00 AM,69.9125,69.9175,69.91,69.9175,2978
11/30/2018 9:53:00 AM,69.91,69.915,69.91,69.9125,2870
11/30/2018 9:52:00 AM,69.905,69.915,69.905,69.915,3950
11/30/2018 9:51:00 AM,69.9125,69.9125,69.9,69.905,1882
11/30/2018 9:50:00 AM,69.9125,69.915,69.91,69.9125,1907
11/30/2018 9:49:00 AM,69.9075,69.915,69.9075,69.9125,1006
11/30/2018 9:48:00 AM,69.905,69.91,69.905,69.91,881
11/30/2018 9:47:00 AM,69.9,69.9075,69.9,69.905,4137
11/30/2018 9:46:00 AM,69.9025,69.905,69.8975,69.905,1085
11/30/2018 9:45:00 AM,69.895,69.9025,69.895,69.895,2192
11/30/2018 9:44:00 AM,69.885,69.8975,69.88,69.895,1516
11/30/2018 9:43:00 AM,69.8975,69.8975,69.8875,69.89,700
11/30/2018 9:42:00 AM,69.8925,69.8975,69.89,69.8975,715
11/30/2018 9:41:00 AM,69.8975,69.8975,69.8875,69.8925,1191
11/30/2018 9:40:00 AM,69.89,69.9,69.885,69.8975,2262
11/30/2018 9:39:00 AM,69.8725,69.89,69.8725,69.89,3063
11/30/2018 9:38:00 AM,69.855,69.875,69.855,69.8725,4219
11/30/2018 9:37:00 AM,69.86,69.865,69.845,69.8575,4056
11/30/2018 9:36:00 AM,69.875,69.875,69.8425,69.86,8843
11/30/2018 9:35:00 AM,69.8875,69.8875,69.875,69.88,4058
11/30/2018 9:34:00 AM,69.885,69.89,69.875,69.8875,7368
11/30/2018 9:33:00 AM,69.92,69.925,69.8725,69.8725,11386
11/30/2018 9:32:00 AM,69.9225,69.9275,69.915,69.92,1057
11/30/2018 9:31:00 AM,69.915,69.925,69.915,69.925,505
11/30/2018 9:30:00 AM,69.92,69.925,69.915,69.915,581
11/30/2018 9:29:00 AM,69.925,69.925,69.92,69.92,1575
11/30/2018 9:28:00 AM,69.92,69.9325,69.9175,69.925,4274
11/30/2018 9:27:00 AM,69.91,69.93,69.9025,69.92,2268
11/30/2018 9:26:00 AM,69.91,69.9175,69.905,69.91,1451
11/30/2018 9:25:00 AM,69.9175,69.9175,69.9025,69.91,2563
11/30/2018 9:24:00 AM,69.9125,69.9225,69.9075,69.915,3590
11/30/2018 9:23:00 AM,69.9125,69.9275,69.9075,69.91,3511
11/30/2018 9:22:00 AM,69.915,69.9225,69.8925,69.91,9996
11/30/2018 9:21:00 AM,69.9275,69.935,69.9225,69.9225,2802
11/30/2018 9:20:00 AM,69.9225,69.9325,69.9225,69.9275,2111
11/30/2018 9:19:00 AM,69.9225,69.93,69.9175,69.9225,2044
11/30/2018 9:18:00 AM,69.925,69.9275,69.915,69.9225,15560
11/30/2018 9:17:00 AM,69.9375,69.9375,69.925,69.9275,8561
11/30/2018 9:16:00 AM,69.95,69.9525,69.9375,69.9375,5891
11/30/2018 9:15:00 AM,69.955,69.9625,69.945,69.9475,3774
11/30/2018 9:14:00 AM,69.955,69.965,69.945,69.9475,8861
11/30/2018 9:13:00 AM,69.9725,69.975,69.96,69.96,5993
11/30/2018 9:12:00 AM,69.965,69.985,69.96,69.9725,8627
11/30/2018 9:11:00 AM,69.97,69.9775,69.9625,69.9625,3988
11/30/2018 9:10:00 AM,69.9575,69.9725,69.955,69.9725,7165
11/30/2018 9:09:00 AM,69.9475,69.9575,69.945,69.9575,7416
11/30/2018 9:08:00 AM,69.95,69.9525,69.9425,69.9475,1322
11/30/2018 9:07:00 AM,69.95,69.9575,69.9375,69.95,3722
11/30/2018 9:06:00 AM,69.95,69.9525,69.9425,69.95,2399
11/30/2018 9:05:00 AM,69.935,69.9525,69.935,69.95,3431
11/30/2018 9:04:00 AM,69.93,69.9425,69.9275,69.94,4402
11/30/2018 9:03:00 AM,69.9525,69.9575,69.9275,69.9275,6498
11/30/2018 9:02:00 AM,69.9325,69.9575,69.9325,69.955,10836
11/30/2018 9:01:00 AM,69.9225,69.94,69.915,69.9375,9083
11/30/2018 9:00:00 AM,69.97,69.97,69.8675,69.9225,17195
11/29/2018 4:59:00 PM,70.0775,70.08,70.0525,70.07,9021
11/29/2018 4:58:00 PM,70.0925,70.1,70.075,70.08,4424
11/29/2018 4:57:00 PM,70.095,70.1025,70.0925,70.095,2969
11/29/2018 4:56:00 PM,70.1175,70.125,70.095,70.095,5894
11/29/2018 4:55:00 PM,70.135,70.135,70.1175,70.1175,2703
11/29/2018 4:54:00 PM,70.1225,70.1375,70.1225,70.1275,6650
11/29/2018 4:53:00 PM,70.12,70.13,70.115,70.1225,6173
11/29/2018 4:52:00 PM,70.1125,70.12,70.1125,70.12,7118
11/29/2018 4:51:00 PM,70.1175,70.1175,70.11,70.1125,2680
11/29/2018 4:50:00 PM,70.1175,70.1225,70.1125,70.1125,2901
11/29/2018 4:49:00 PM,70.115,70.125,70.11,70.1225,5074
11/29/2018 4:48:00 PM,70.115,70.12,70.1125,70.115,2829
11/29/2018 4:47:00 PM,70.1275,70.1275,70.1125,70.115,5267
11/29/2018 4:46:00 PM,70.11,70.13,70.1,70.1275,12062
11/29/2018 4:45:00 PM,70.1075,70.1125,70.1025,70.11,3211
11/29/2018 4:44:00 PM,70.11,70.115,70.105,70.105,9610
11/29/2018 4:43:00 PM,70.105,70.11,70.0925,70.11,3446
11/29/2018 4:42:00 PM,70.0925,70.12,70.0925,70.105,12714
11/29/2018 4:41:00 PM,70.08,70.0925,70.0775,70.09,3917
11/29/2018 4:40:00 PM,70.07,70.0825,70.07,70.08,7643
11/29/2018 4:39:00 PM,70.0775,70.0775,70.065,70.07,587
11/29/2018 4:38:00 PM,70.065,70.0825,70.065,70.0775,3290
11/29/2018 4:37:00 PM,70.06,70.07,70.055,70.065,1275
11/29/2018 4:36:00 PM,70.0625,70.0625,70.055,70.06,2127
11/29/2018 4:35:00 PM,70.07,70.0725,70.06,70.0625,928
11/29/2018 4:34:00 PM,70.075,70.08,70.065,70.065,1053
11/29/2018 4:33:00 PM,70.0725,70.08,70.07,70.08,2594
11/29/2018 4:32:00 PM,70.0675,70.0775,70.0675,70.0725,9111
11/29/2018 4:31:00 PM,70.075,70.08,70.0675,70.07,6523
11/29/2018 4:30:00 PM,70.0625,70.0725,70.055,70.0725,5039
11/29/2018 4:29:00 PM,70.05,70.065,70.0475,70.0625,1455
11/29/2018 4:28:00 PM,70.0475,70.0525,70.0425,70.05,1639
11/29/2018 4:27:00 PM,70.0275,70.05,70.0275,70.0475,4705
11/29/2018 4:26:00 PM,70.03,70.0325,70.025,70.0275,2253
11/29/2018 4:25:00 PM,70.0325,70.0375,70.0275,70.03,3871
11/29/2018 4:24:00 PM,70.0525,70.0525,70.035,70.0375,2796
11/29/2018 4:23:00 PM,70.065,70.065,70.055,70.055,3527
11/29/2018 4:22:00 PM,70.0675,70.07,70.0625,70.0675,1105
11/29/2018 4:21:00 PM,70.0625,70.0675,70.0575,70.065,8563
11/29/2018 4:20:00 PM,70.0525,70.065,70.0525,70.065,2261
11/29/2018 4:19:00 PM,70.05,70.06,70.05,70.0575,3090
11/29/2018 4:18:00 PM,70.0425,70.055,70.0425,70.05,13195
11/29/2018 4:17:00 PM,70.0325,70.0425,70.03,70.0425,4963
11/29/2018 4:16:00 PM,70.02,70.0325,70.02,70.0325,5992
11/29/2018 4:15:00 PM,70.0175,70.0225,70.01,70.02,1799
11/29/2018 4:14:00 PM,70.0325,70.035,70.0125,70.0175,7353
11/29/2018 4:13:00 PM,70.0175,70.035,70.0175,70.0325,5879
11/29/2018 4:12:00 PM,70.0175,70.0325,70.015,70.0175,7980
11/29/2018 4:11:00 PM,70,70.015,69.995,70.015,3801
11/29/2018 4:10:00 PM,69.995,70.01,69.995,69.995,3727
11/29/2018 4:09:00 PM,70.0075,70.0075,69.9875,69.9975,14803
11/29/2018 4:08:00 PM,70.015,70.015,70.0025,70.01,7048
11/29/2018 4:07:00 PM,70.0175,70.02,70.0075,70.015,5551
11/29/2018 4:06:00 PM,70.02,70.025,70.005,70.0175,6906
11/29/2018 4:05:00 PM,70.0175,70.025,70.015,70.0175,3235
11/29/2018 4:04:00 PM,70.02,70.0225,70.0125,70.015,6434
11/29/2018 4:03:00 PM,70.0425,70.0425,70.0175,70.02,10720
11/29/2018 4:02:00 PM,70.045,70.055,70.0425,70.0425,3223
11/29/2018 4:01:00 PM,70.0525,70.0525,70.0375,70.045,2301
11/29/2018 4:00:00 PM,70.0425,70.0525,70.035,70.0525,7345
11/29/2018 3:59:00 PM,70.0425,70.0475,70.0375,70.0425,7277
11/29/2018 3:58:00 PM,70.04,70.0425,70.03,70.0425,13551
11/29/2018 3:57:00 PM,70.045,70.0475,70.0325,70.04,4254
11/29/2018 3:56:00 PM,70.05,70.05,70.04,70.045,1370
11/29/2018 3:55:00 PM,70.0425,70.055,70.04,70.05,1585
11/29/2018 3:54:00 PM,70.05,70.055,70.0425,70.0425,3759
11/29/2018 3:53:00 PM,70.0525,70.0575,70.0475,70.05,2399
11/29/2018 3:52:00 PM,70.06,70.0675,70.05,70.0525,2061
11/29/2018 3:51:00 PM,70.0625,70.07,70.06,70.06,1901
11/29/2018 3:50:00 PM,70.0475,70.065,70.0475,70.065,1958
11/29/2018 3:49:00 PM,70.055,70.0575,70.0425,70.0475,3258
11/29/2018 3:48:00 PM,70.065,70.0725,70.0525,70.0525,11122
11/29/2018 3:47:00 PM,70.065,70.0675,70.06,70.065,3127
11/29/2018 3:46:00 PM,70.055,70.065,70.0525,70.065,3376
11/29/2018 3:45:00 PM,70.0475,70.06,70.045,70.055,3977
11/29/2018 3:44:00 PM,70.045,70.0475,70.0375,70.0475,6792
11/29/2018 3:43:00 PM,70.05,70.055,70.045,70.045,1733
11/29/2018 3:42:00 PM,70.065,70.065,70.0475,70.05,9265
11/29/2018 3:41:00 PM,70.07,70.0725,70.0625,70.065,2772
11/29/2018 3:40:00 PM,70.0625,70.07,70.0575,70.07,3672
11/29/2018 3:39:00 PM,70.07,70.075,70.0625,70.0625,5003
11/29/2018 3:38:00 PM,70.0675,70.075,70.065,70.07,2265
11/29/2018 3:37:00 PM,70.0775,70.0825,70.065,70.07,3688
11/29/2018 3:36:00 PM,70.0675,70.085,70.06,70.0775,2328
11/29/2018 3:35:00 PM,70.08,70.0825,70.0675,70.0675,1455
11/29/2018 3:34:00 PM,70.0925,70.0925,70.075,70.075,2878
11/29/2018 3:33:00 PM,70.0975,70.0975,70.09,70.095,1973
11/29/2018 3:32:00 PM,70.0975,70.1,70.095,70.0975,1142
11/29/2018 3:31:00 PM,70.1,70.1025,70.0925,70.0975,2370
11/29/2018 3:30:00 PM,70.0925,70.1025,70.09,70.1,1226
11/29/2018 3:29:00 PM,70.0875,70.09,70.085,70.09,1739
11/29/2018 3:28:00 PM,70.0875,70.09,70.0825,70.09,3159
11/29/2018 3:27:00 PM,70.0925,70.095,70.085,70.085,1819
11/29/2018 3:26:00 PM,70.095,70.1075,70.09,70.095,3491
11/29/2018 3:25:00 PM,70.095,70.1,70.095,70.095,489
11/29/2018 3:24:00 PM,70.0975,70.1,70.0925,70.095,3541
11/29/2018 3:23:00 PM,70.0975,70.1025,70.095,70.0975,753
11/29/2018 3:22:00 PM,70.1025,70.1025,70.095,70.0975,916
11/29/2018 3:21:00 PM,70.1025,70.1075,70.0975,70.1025,1423
11/29/2018 3:20:00 PM,70.1,70.105,70.095,70.105,460
11/29/2018 3:19:00 PM,70.0975,70.105,70.095,70.1,1911
11/29/2018 3:18:00 PM,70.085,70.0975,70.08,70.0975,1101
11/29/2018 3:17:00 PM,70.0875,70.09,70.0825,70.085,1647
11/29/2018 3:16:00 PM,70.0925,70.0925,70.085,70.0875,1847
11/29/2018 3:15:00 PM,70.0875,70.095,70.0825,70.0925,600
11/29/2018 3:14:00 PM,70.0925,70.095,70.0825,70.0875,1955
11/29/2018 3:13:00 PM,70.0925,70.0975,70.085,70.0925,1289
11/29/2018 3:12:00 PM,70.085,70.095,70.085,70.0925,562
11/29/2018 3:11:00 PM,70.0725,70.095,70.0725,70.085,10827
11/29/2018 3:10:00 PM,70.065,70.08,70.065,70.0725,580
11/29/2018 3:09:00 PM,70.0775,70.0775,70.065,70.065,1269
11/29/2018 3:08:00 PM,70.0725,70.0775,70.065,70.0725,674
11/29/2018 3:07:00 PM,70.075,70.0825,70.07,70.0725,736
11/29/2018 3:06:00 PM,70.06,70.075,70.06,70.075,3147
11/29/2018 3:05:00 PM,70.055,70.0625,70.0525,70.06,1729
11/29/2018 3:04:00 PM,70.0575,70.06,70.05,70.05,2639
11/29/2018 3:03:00 PM,70.0625,70.0725,70.0575,70.0575,4254
11/29/2018 3:02:00 PM,70.0675,70.0725,70.0625,70.065,379
11/29/2018 3:01:00 PM,70.0625,70.0725,70.0575,70.0675,2463
11/29/2018 3:00:00 PM,70.0575,70.0625,70.045,70.0575,2016
11/29/2018 2:59:00 PM,70.08,70.08,70.0575,70.0575,1390
11/29/2018 2:58:00 PM,70.08,70.0825,70.0725,70.08,531
11/29/2018 2:57:00 PM,70.075,70.085,70.075,70.08,937
11/29/2018 2:56:00 PM,70.085,70.09,70.075,70.075,685
11/29/2018 2:55:00 PM,70.0925,70.095,70.0825,70.085,647
11/29/2018 2:54:00 PM,70.0875,70.0925,70.08,70.0925,3113
11/29/2018 2:53:00 PM,70.0925,70.0925,70.0875,70.0875,2078
11/29/2018 2:52:00 PM,70.105,70.105,70.0925,70.0925,1811
11/29/2018 2:51:00 PM,70.1,70.1025,70.0975,70.1025,1078
11/29/2018 2:50:00 PM,70.1075,70.1075,70.1,70.1,2176
11/29/2018 2:49:00 PM,70.1125,70.1175,70.1075,70.1075,2963
11/29/2018 2:48:00 PM,70.1225,70.1225,70.1025,70.1125,6579
11/29/2018 2:47:00 PM,70.1125,70.1225,70.1125,70.1225,5042
11/29/2018 2:46:00 PM,70.125,70.125,70.11,70.1125,7194
11/29/2018 2:45:00 PM,70.1225,70.13,70.115,70.125,16900
11/29/2018 2:44:00 PM,70.095,70.13,70.095,70.1175,23582
11/29/2018 2:43:00 PM,70.095,70.1,70.0925,70.095,2263
11/29/2018 2:42:00 PM,70.095,70.0975,70.09,70.0925,2542
11/29/2018 2:41:00 PM,70.0925,70.0975,70.0875,70.095,3018
11/29/2018 2:40:00 PM,70.09,70.095,70.085,70.095,2355
11/29/2018 2:39:00 PM,70.08,70.0925,70.075,70.0925,2650
11/29/2018 2:38:00 PM,70.095,70.095,70.08,70.08,844
11/29/2018 2:37:00 PM,70.09,70.0975,70.09,70.095,1144
11/29/2018 2:36:00 PM,70.0875,70.095,70.085,70.09,6196
11/29/2018 2:35:00 PM,70.085,70.095,70.0775,70.0875,4189
11/29/2018 2:34:00 PM,70.07,70.0875,70.0675,70.085,7053
11/29/2018 2:33:00 PM,70.0725,70.0725,70.0675,70.07,2918
11/29/2018 2:32:00 PM,70.0575,70.0725,70.055,70.0725,2510
11/29/2018 2:31:00 PM,70.06,70.0625,70.055,70.0575,1412
11/29/2018 2:30:00 PM,70.0675,70.07,70.0575,70.06,1587
11/29/2018 2:29:00 PM,70.065,70.07,70.055,70.0675,860
11/29/2018 2:28:00 PM,70.0575,70.0675,70.05,70.0625,4328
11/29/2018 2:27:00 PM,70.055,70.0675,70.055,70.0575,8390
11/29/2018 2:26:00 PM,70.0575,70.0575,70.05,70.055,758
11/29/2018 2:25:00 PM,70.04,70.0625,70.0375,70.055,2742
11/29/2018 2:24:00 PM,70.03,70.04,70.025,70.04,6602
11/29/2018 2:23:00 PM,70.0275,70.035,70.0225,70.03,13460
11/29/2018 2:22:00 PM,70.0425,70.05,70.025,70.0275,11276
11/29/2018 2:21:00 PM,70.0475,70.055,70.0425,70.0425,853
11/29/2018 2:20:00 PM,70.065,70.07,70.0425,70.045,9662
11/29/2018 2:19:00 PM,70.0475,70.0675,70.045,70.0625,4765
11/29/2018 2:18:00 PM,70.055,70.055,70.04,70.0475,2018
11/29/2018 2:17:00 PM,70.065,70.0675,70.035,70.055,18565
11/29/2018 2:16:00 PM,70.0725,70.075,70.0625,70.065,3847
11/29/2018 2:15:00 PM,70.085,70.09,70.07,70.0725,6041
11/29/2018 2:14:00 PM,70.08,70.0875,70.075,70.0875,5096
11/29/2018 2:13:00 PM,70.095,70.095,70.08,70.08,9865
11/29/2018 2:12:00 PM,70.1025,70.11,70.095,70.0975,5452
11/29/2018 2:11:00 PM,70.105,70.1125,70.0975,70.1025,6433
11/29/2018 2:10:00 PM,70.1325,70.1325,70.1025,70.105,2893
11/29/2018 2:09:00 PM,70.1325,70.14,70.13,70.1325,5231
11/29/2018 2:08:00 PM,70.125,70.135,70.1225,70.1325,6428
11/29/2018 2:07:00 PM,70.1175,70.125,70.1175,70.125,3064
11/29/2018 2:06:00 PM,70.12,70.125,70.115,70.1175,2041
11/29/2018 2:05:00 PM,70.1225,70.1275,70.12,70.12,1056
11/29/2018 2:04:00 PM,70.1275,70.1275,70.1225,70.1225,1228
11/29/2018 2:03:00 PM,70.1275,70.13,70.1175,70.1275,3097
11/29/2018 2:02:00 PM,70.1225,70.1325,70.1175,70.13,1781
11/29/2018 2:01:00 PM,70.125,70.1375,70.1225,70.1225,6914
11/29/2018 2:00:00 PM,70.115,70.125,70.1125,70.125,1359
11/29/2018 1:59:00 PM,70.1175,70.12,70.115,70.115,2455
11/29/2018 1:58:00 PM,70.12,70.1225,70.105,70.1175,3252
11/29/2018 1:57:00 PM,70.11,70.13,70.11,70.12,6578
11/29/2018 1:56:00 PM,70.1,70.1125,70.095,70.11,722
11/29/2018 1:55:00 PM,70.09,70.1025,70.09,70.1,1695
11/29/2018 1:54:00 PM,70.08,70.0925,70.075,70.09,2904
11/29/2018 1:53:00 PM,70.07,70.0775,70.0625,70.075,942
11/29/2018 1:52:00 PM,70.07,70.0725,70.065,70.07,1017
11/29/2018 1:51:00 PM,70.06,70.075,70.06,70.0725,2673
11/29/2018 1:50:00 PM,70.0725,70.08,70.0575,70.06,7310
11/29/2018 1:49:00 PM,70.065,70.075,70.06,70.0725,7317
11/29/2018 1:48:00 PM,70.07,70.0725,70.055,70.07,3727
11/29/2018 1:47:00 PM,70.06,70.07,70.0575,70.07,2909
11/29/2018 1:46:00 PM,70.065,70.07,70.0525,70.06,5457
11/29/2018 1:45:00 PM,70.07,70.085,70.0675,70.07,2173
11/29/2018 1:44:00 PM,70.1,70.1,70.07,70.07,2668
11/29/2018 1:43:00 PM,70.105,70.115,70.1025,70.1025,1674
11/29/2018 1:42:00 PM,70.105,70.1075,70.1,70.105,5050
11/29/2018 1:41:00 PM,70.0925,70.1125,70.09,70.1025,2308
11/29/2018 1:40:00 PM,70.1025,70.1025,70.0875,70.0925,1648
11/29/2018 1:39:00 PM,70.0825,70.1025,70.0825,70.1025,1825
11/29/2018 1:38:00 PM,70.095,70.0975,70.07,70.0825,8021
11/29/2018 1:37:00 PM,70.09,70.0975,70.0875,70.095,1745
11/29/2018 1:36:00 PM,70.1075,70.1075,70.085,70.085,3354
11/29/2018 1:35:00 PM,70.1175,70.125,70.1025,70.1075,1208
11/29/2018 1:34:00 PM,70.1,70.12,70.1,70.1175,2383
11/29/2018 1:33:00 PM,70.1175,70.12,70.095,70.1,4107
11/29/2018 1:32:00 PM,70.1175,70.1225,70.11,70.1175,1870
11/29/2018 1:31:00 PM,70.1325,70.1325,70.1175,70.12,9151
11/29/2018 1:30:00 PM,70.125,70.1425,70.125,70.135,7085
11/29/2018 1:29:00 PM,70.1125,70.1225,70.1075,70.12,2312
11/29/2018 1:28:00 PM,70.11,70.1125,70.1075,70.1125,319
11/29/2018 1:27:00 PM,70.115,70.12,70.11,70.11,1825
11/29/2018 1:26:00 PM,70.11,70.12,70.1075,70.115,3819
11/29/2018 1:25:00 PM,70.115,70.1225,70.11,70.11,907
11/29/2018 1:24:00 PM,70.12,70.1275,70.115,70.115,3938
11/29/2018 1:23:00 PM,70.115,70.125,70.11,70.12,6918
11/29/2018 1:22:00 PM,70.115,70.115,70.105,70.115,1607
11/29/2018 1:21:00 PM,70.115,70.1175,70.1075,70.115,959
11/29/2018 1:20:00 PM,70.1175,70.1175,70.11,70.115,2135
11/29/2018 1:19:00 PM,70.105,70.1175,70.105,70.1175,1084
11/29/2018 1:18:00 PM,70.105,70.1075,70.1,70.105,1571
11/29/2018 1:17:00 PM,70.1125,70.1175,70.1,70.105,1813
11/29/2018 1:16:00 PM,70.105,70.1175,70.1025,70.1175,6774
11/29/2018 1:15:00 PM,70.0975,70.105,70.095,70.105,2479
11/29/2018 1:14:00 PM,70.09,70.11,70.09,70.0975,11331
11/29/2018 1:13:00 PM,70.09,70.095,70.09,70.09,3203
11/29/2018 1:12:00 PM,70.08,70.09,70.08,70.09,422
11/29/2018 1:11:00 PM,70.08,70.085,70.0775,70.08,738
11/29/2018 1:10:00 PM,70.07,70.085,70.07,70.08,4137
11/29/2018 1:09:00 PM,70.065,70.0725,70.0575,70.07,4042
11/29/2018 1:08:00 PM,70.07,70.0775,70.065,70.07,1176
11/29/2018 1:07:00 PM,70.0775,70.08,70.07,70.07,1325
11/29/2018 1:06:00 PM,70.055,70.075,70.055,70.075,5806
11/29/2018 1:05:00 PM,70.0775,70.08,70.055,70.055,9518
11/29/2018 1:04:00 PM,70.075,70.0775,70.0625,70.075,4572
11/29/2018 1:03:00 PM,70.09,70.09,70.0625,70.0725,12267
11/29/2018 1:02:00 PM,70.1275,70.1275,70.09,70.09,5466
11/29/2018 1:01:00 PM,70.1325,70.135,70.1225,70.1275,2449
11/29/2018 1:00:00 PM,70.13,70.135,70.1275,70.1325,123
11/29/2018 12:59:00 PM,70.12,70.1325,70.12,70.13,176
11/29/2018 12:58:00 PM,70.1325,70.1325,70.12,70.12,588
11/29/2018 12:57:00 PM,70.14,70.14,70.1325,70.1325,526
11/29/2018 12:56:00 PM,70.12,70.1375,70.1175,70.1375,763
11/29/2018 12:55:00 PM,70.125,70.1275,70.12,70.12,611
11/29/2018 12:54:00 PM,70.135,70.135,70.1225,70.1225,1059
11/29/2018 12:53:00 PM,70.115,70.135,70.115,70.135,223
11/29/2018 12:52:00 PM,70.115,70.1275,70.1125,70.1125,738
11/29/2018 12:51:00 PM,70.1175,70.1225,70.1075,70.1075,4369
11/29/2018 12:50:00 PM,70.12,70.125,70.115,70.1175,2141
11/29/2018 12:49:00 PM,70.1325,70.1325,70.12,70.12,1900
11/29/2018 12:48:00 PM,70.1225,70.135,70.1225,70.135,2011
11/29/2018 12:47:00 PM,70.1175,70.1325,70.1175,70.1225,839
11/29/2018 12:46:00 PM,70.1125,70.1225,70.1125,70.1225,885
11/29/2018 12:45:00 PM,70.1175,70.1225,70.1125,70.1125,1090
11/29/2018 12:44:00 PM,70.12,70.12,70.1025,70.1175,2068
11/29/2018 12:43:00 PM,70.1325,70.1325,70.1175,70.1225,4598
11/29/2018 12:42:00 PM,70.1425,70.15,70.135,70.135,1143
11/29/2018 12:41:00 PM,70.1475,70.15,70.1375,70.1425,1538
11/29/2018 12:40:00 PM,70.155,70.16,70.1475,70.1475,4750
11/29/2018 12:39:00 PM,70.145,70.155,70.145,70.155,1857
11/29/2018 12:38:00 PM,70.15,70.1525,70.145,70.145,258
11/29/2018 12:37:00 PM,70.1525,70.155,70.15,70.15,864
11/29/2018 12:36:00 PM,70.145,70.155,70.135,70.1525,7778
11/29/2018 12:35:00 PM,70.14,70.1475,70.1325,70.145,9322
11/29/2018 12:34:00 PM,70.1275,70.14,70.12,70.14,7865
11/29/2018 12:33:00 PM,70.1225,70.13,70.1175,70.1275,7057
11/29/2018 12:32:00 PM,70.1175,70.125,70.1025,70.125,2706
11/29/2018 12:31:00 PM,70.105,70.1275,70.1025,70.1225,708
11/29/2018 12:30:00 PM,70.12,70.1225,70.1025,70.105,859
11/29/2018 12:29:00 PM,70.105,70.1225,70.1025,70.12,3534
11/29/2018 12:28:00 PM,70.0925,70.105,70.0925,70.105,2715
11/29/2018 12:27:00 PM,70.1075,70.11,70.0925,70.0925,2695
11/29/2018 12:26:00 PM,70.1025,70.115,70.1025,70.1075,2068
11/29/2018 12:25:00 PM,70.1075,70.1125,70.1025,70.105,3070
11/29/2018 12:24:00 PM,70.1075,70.11,70.1,70.1075,5307
11/29/2018 12:23:00 PM,70.13,70.13,70.1075,70.1075,3449
11/29/2018 12:22:00 PM,70.115,70.1375,70.115,70.13,1217
11/29/2018 12:21:00 PM,70.0975,70.1175,70.0975,70.115,1724
11/29/2018 12:20:00 PM,70.1075,70.1075,70.0925,70.0975,6950
11/29/2018 12:19:00 PM,70.115,70.12,70.1,70.1075,13784
11/29/2018 12:18:00 PM,70.125,70.13,70.1125,70.12,4657
11/29/2018 12:17:00 PM,70.1375,70.1375,70.1225,70.125,3215
11/29/2018 12:16:00 PM,70.1325,70.1425,70.1325,70.1375,2756
11/29/2018 12:15:00 PM,70.1325,70.145,70.1325,70.1325,2761
11/29/2018 12:14:00 PM,70.14,70.14,70.125,70.1375,2745
11/29/2018 12:13:00 PM,70.1425,70.1475,70.14,70.14,1259
11/29/2018 12:12:00 PM,70.15,70.1525,70.1375,70.1425,1894
11/29/2018 12:11:00 PM,70.1275,70.1575,70.125,70.155,9268
11/29/2018 12:10:00 PM,70.1375,70.1375,70.125,70.1275,6806
11/29/2018 12:09:00 PM,70.14,70.1425,70.1375,70.14,947
11/29/2018 12:08:00 PM,70.155,70.155,70.14,70.14,3434
11/29/2018 12:07:00 PM,70.15,70.16,70.15,70.155,5635
11/29/2018 12:06:00 PM,70.1425,70.1575,70.1425,70.15,13054
11/29/2018 12:05:00 PM,70.1375,70.1475,70.135,70.1425,6105
11/29/2018 12:04:00 PM,70.14,70.1425,70.135,70.14,2466
11/29/2018 12:03:00 PM,70.135,70.1425,70.135,70.14,6634
11/29/2018 12:02:00 PM,70.13,70.1375,70.125,70.135,3401
11/29/2018 12:01:00 PM,70.1225,70.1325,70.12,70.13,7312
11/29/2018 12:00:00 PM,70.11,70.1275,70.1075,70.1225,18098
11/29/2018 11:59:00 AM,70.105,70.115,70.105,70.11,3544
11/29/2018 11:58:00 AM,70.11,70.11,70.1,70.105,3925
11/29/2018 11:57:00 AM,70.115,70.115,70.1,70.11,1530
11/29/2018 11:56:00 AM,70.1025,70.115,70.1025,70.1125,5085
11/29/2018 11:55:00 AM,70.09,70.105,70.08,70.1025,10463
11/29/2018 11:54:00 AM,70.1075,70.115,70.0875,70.095,9890
11/29/2018 11:53:00 AM,70.11,70.1175,70.1,70.1075,14189
11/29/2018 11:52:00 AM,70.115,70.115,70.095,70.1075,8271
11/29/2018 11:51:00 AM,70.1325,70.1325,70.1025,70.1125,9206
11/29/2018 11:50:00 AM,70.135,70.14,70.13,70.1325,1123
11/29/2018 11:49:00 AM,70.13,70.1425,70.1275,70.135,1667
11/29/2018 11:48:00 AM,70.14,70.1475,70.135,70.135,3830
11/29/2018 11:47:00 AM,70.15,70.1525,70.135,70.14,7224
11/29/2018 11:46:00 AM,70.155,70.1625,70.15,70.15,2514
11/29/2018 11:45:00 AM,70.1625,70.165,70.1525,70.155,8761
11/29/2018 11:44:00 AM,70.16,70.1625,70.15,70.15,6360
11/29/2018 11:43:00 AM,70.1575,70.1675,70.1575,70.16,1277
11/29/2018 11:42:00 AM,70.1675,70.1675,70.155,70.1575,2043
11/29/2018 11:41:00 AM,70.1675,70.175,70.165,70.1675,2268
11/29/2018 11:40:00 AM,70.17,70.1725,70.1625,70.1675,2137
11/29/2018 11:39:00 AM,70.17,70.1725,70.165,70.1725,3063
11/29/2018 11:38:00 AM,70.175,70.1775,70.1675,70.17,1352
11/29/2018 11:37:00 AM,70.17,70.1825,70.17,70.175,5509
11/29/2018 11:36:00 AM,70.155,70.17,70.1525,70.17,3363
11/29/2018 11:35:00 AM,70.15,70.16,70.145,70.155,2575
11/29/2018 11:34:00 AM,70.1525,70.155,70.14,70.15,6684
11/29/2018 11:33:00 AM,70.14,70.155,70.14,70.1525,4952
11/29/2018 11:32:00 AM,70.15,70.1525,70.1375,70.14,1912
11/29/2018 11:31:00 AM,70.15,70.155,70.1325,70.15,6540
11/29/2018 11:30:00 AM,70.1675,70.1675,70.1425,70.15,8666
11/29/2018 11:29:00 AM,70.1625,70.1675,70.15,70.1675,3192
11/29/2018 11:28:00 AM,70.145,70.165,70.1225,70.1625,17931
11/29/2018 11:27:00 AM,70.17,70.175,70.15,70.15,12223
11/29/2018 11:26:00 AM,70.19,70.19,70.17,70.17,6514
11/29/2018 11:25:00 AM,70.2,70.2025,70.1875,70.19,4092
11/29/2018 11:24:00 AM,70.215,70.215,70.2,70.2,8249
11/29/2018 11:23:00 AM,70.2175,70.225,70.215,70.2175,2212
11/29/2018 11:22:00 AM,70.225,70.2275,70.2175,70.2175,2310
11/29/2018 11:21:00 AM,70.23,70.2325,70.22,70.225,888
11/29/2018 11:20:00 AM,70.23,70.23,70.2275,70.23,1312
11/29/2018 11:19:00 AM,70.22,70.23,70.22,70.23,1076
11/29/2018 11:18:00 AM,70.225,70.23,70.2175,70.22,1198
11/29/2018 11:17:00 AM,70.24,70.24,70.22,70.225,1173
11/29/2018 11:16:00 AM,70.2325,70.24,70.2325,70.24,667
11/29/2018 11:15:00 AM,70.24,70.24,70.2325,70.2325,509
11/29/2018 11:14:00 AM,70.225,70.24,70.225,70.24,4063
11/29/2018 11:13:00 AM,70.2375,70.24,70.225,70.225,2687
11/29/2018 11:12:00 AM,70.24,70.24,70.2325,70.235,976
11/29/2018 11:11:00 AM,70.24,70.25,70.24,70.24,1250
11/29/2018 11:10:00 AM,70.2475,70.2475,70.2375,70.24,964
11/29/2018 11:09:00 AM,70.2625,70.2625,70.2475,70.2475,6937
11/29/2018 11:08:00 AM,70.2375,70.265,70.2375,70.2625,4090
11/29/2018 11:07:00 AM,70.2325,70.2375,70.2325,70.2375,822
11/29/2018 11:06:00 AM,70.2375,70.2375,70.2325,70.2325,1809
11/29/2018 11:05:00 AM,70.2375,70.2425,70.2325,70.2375,1336
11/29/2018 11:04:00 AM,70.235,70.2375,70.23,70.2375,2397
11/29/2018 11:03:00 AM,70.24,70.24,70.2325,70.235,755
11/29/2018 11:02:00 AM,70.255,70.255,70.235,70.24,1223
11/29/2018 11:01:00 AM,70.25,70.2575,70.2475,70.2525,4043
11/29/2018 11:00:00 AM,70.2375,70.25,70.235,70.25,1595
11/29/2018 10:59:00 AM,70.2425,70.2425,70.235,70.2375,3370
11/29/2018 10:58:00 AM,70.26,70.26,70.24,70.2475,1083
11/29/2018 10:57:00 AM,70.25,70.26,70.2475,70.26,324
11/29/2018 10:56:00 AM,70.2425,70.2625,70.2425,70.25,3432
11/29/2018 10:55:00 AM,70.245,70.245,70.235,70.2425,3210
11/29/2018 10:54:00 AM,70.2275,70.2525,70.2275,70.2475,4566
11/29/2018 10:53:00 AM,70.2175,70.2275,70.2175,70.2275,1714
11/29/2018 10:52:00 AM,70.2175,70.2175,70.2125,70.2175,1300
11/29/2018 10:51:00 AM,70.2225,70.23,70.215,70.2175,10517
11/29/2018 10:50:00 AM,70.2225,70.2275,70.2175,70.2225,5043
11/29/2018 10:49:00 AM,70.225,70.2275,70.215,70.2225,3744
11/29/2018 10:48:00 AM,70.2175,70.23,70.2175,70.225,3089
11/29/2018 10:47:00 AM,70.2225,70.2225,70.21,70.2175,3309
11/29/2018 10:46:00 AM,70.22,70.225,70.2175,70.2225,4425
11/29/2018 10:45:00 AM,70.225,70.23,70.22,70.22,1046
11/29/2018 10:44:00 AM,70.2275,70.235,70.22,70.22,2850
11/29/2018 10:43:00 AM,70.235,70.2375,70.225,70.2275,1414
11/29/2018 10:42:00 AM,70.2425,70.2475,70.2325,70.235,1992
11/29/2018 10:41:00 AM,70.2325,70.2425,70.2275,70.2425,1276
11/29/2018 10:40:00 AM,70.2325,70.2325,70.22,70.2325,1455
11/29/2018 10:39:00 AM,70.2275,70.235,70.2175,70.2325,2633
11/29/2018 10:38:00 AM,70.2225,70.2275,70.21,70.2275,2649
11/29/2018 10:37:00 AM,70.22,70.23,70.2175,70.2225,3066
11/29/2018 10:36:00 AM,70.2375,70.2375,70.215,70.2175,2621
11/29/2018 10:35:00 AM,70.245,70.2475,70.2375,70.2375,2154
11/29/2018 10:34:00 AM,70.2375,70.2525,70.235,70.245,4987
11/29/2018 10:33:00 AM,70.22,70.2425,70.22,70.2425,2807
11/29/2018 10:32:00 AM,70.225,70.2375,70.2175,70.22,3027
11/29/2018 10:31:00 AM,70.2275,70.235,70.2275,70.2275,1340
11/29/2018 10:30:00 AM,70.2175,70.23,70.2125,70.2275,4733
11/29/2018 10:29:00 AM,70.215,70.22,70.1975,70.215,8299
11/29/2018 10:28:00 AM,70.24,70.24,70.21,70.215,2950
11/29/2018 10:27:00 AM,70.2475,70.2475,70.24,70.245,7270
11/29/2018 10:26:00 AM,70.24,70.25,70.24,70.2475,2404
11/29/2018 10:25:00 AM,70.24,70.24,70.2325,70.24,558
11/29/2018 10:24:00 AM,70.235,70.245,70.23,70.24,3708
11/29/2018 10:23:00 AM,70.2375,70.25,70.2325,70.235,6061
11/29/2018 10:22:00 AM,70.25,70.25,70.2375,70.2375,2958
11/29/2018 10:21:00 AM,70.2475,70.2575,70.245,70.25,6223
11/29/2018 10:20:00 AM,70.235,70.25,70.235,70.245,5067
11/29/2018 10:19:00 AM,70.215,70.235,70.2125,70.235,711
11/29/2018 10:18:00 AM,70.2275,70.235,70.2125,70.2125,4280
11/29/2018 10:17:00 AM,70.225,70.23,70.2225,70.2275,1750
11/29/2018 10:16:00 AM,70.2275,70.23,70.225,70.225,1014
11/29/2018 10:15:00 AM,70.2375,70.2375,70.215,70.2225,4591
11/29/2018 10:14:00 AM,70.2325,70.2375,70.23,70.2375,2683
11/29/2018 10:13:00 AM,70.2275,70.2325,70.2175,70.2325,2599
11/29/2018 10:12:00 AM,70.2275,70.235,70.225,70.2275,3418
11/29/2018 10:11:00 AM,70.22,70.23,70.22,70.225,1885
11/29/2018 10:10:00 AM,70.235,70.235,70.205,70.22,6765
11/29/2018 10:09:00 AM,70.2225,70.24,70.2225,70.24,10399
11/29/2018 10:08:00 AM,70.2025,70.225,70.19,70.225,12141
11/29/2018 10:07:00 AM,70.19,70.2,70.1875,70.2,2213
11/29/2018 10:06:00 AM,70.195,70.1975,70.185,70.19,2791
11/29/2018 10:05:00 AM,70.1775,70.195,70.1775,70.195,2104
11/29/2018 10:04:00 AM,70.175,70.1825,70.165,70.1775,2863
11/29/2018 10:03:00 AM,70.1675,70.1825,70.165,70.18,3818
11/29/2018 10:02:00 AM,70.18,70.18,70.16,70.17,6607
11/29/2018 10:01:00 AM,70.1575,70.1825,70.1525,70.18,3500
11/29/2018 10:00:00 AM,70.19,70.1925,70.1575,70.1575,15882
11/29/2018 9:59:00 AM,70.19,70.195,70.18,70.19,7093
11/29/2018 9:58:00 AM,70.1975,70.1975,70.1825,70.195,10704
11/29/2018 9:57:00 AM,70.18,70.195,70.1625,70.1925,10627
11/29/2018 9:56:00 AM,70.215,70.215,70.145,70.175,47974
11/29/2018 9:55:00 AM,70.235,70.24,70.205,70.2175,23194
11/29/2018 9:54:00 AM,70.26,70.2675,70.23,70.235,26351
11/29/2018 9:53:00 AM,70.29,70.2975,70.2725,70.2775,8917
11/29/2018 9:52:00 AM,70.2875,70.2925,70.28,70.29,2240
11/29/2018 9:51:00 AM,70.29,70.29,70.28,70.2875,6450
11/29/2018 9:50:00 AM,70.2975,70.3025,70.285,70.2875,5128
11/29/2018 9:49:00 AM,70.32,70.32,70.285,70.2975,4557
11/29/2018 9:48:00 AM,70.3425,70.3425,70.315,70.315,6704
11/29/2018 9:47:00 AM,70.335,70.3425,70.335,70.3425,1197
11/29/2018 9:46:00 AM,70.3325,70.335,70.33,70.335,1159
11/29/2018 9:45:00 AM,70.3275,70.3325,70.32,70.3325,4235
11/29/2018 9:44:00 AM,70.345,70.345,70.3225,70.325,8023
11/29/2018 9:43:00 AM,70.34,70.35,70.34,70.34,2820
11/29/2018 9:42:00 AM,70.3375,70.345,70.335,70.34,1585
11/29/2018 9:41:00 AM,70.3425,70.3475,70.3375,70.3375,3105
11/29/2018 9:40:00 AM,70.335,70.3425,70.3325,70.3425,2453
11/29/2018 9:39:00 AM,70.3225,70.335,70.32,70.335,2083
11/29/2018 9:38:00 AM,70.325,70.3275,70.32,70.3225,1845
11/29/2018 9:37:00 AM,70.3275,70.33,70.325,70.3275,1377
11/29/2018 9:36:00 AM,70.325,70.3325,70.325,70.3275,2506
11/29/2018 9:35:00 AM,70.3225,70.3275,70.3175,70.325,1964
11/29/2018 9:34:00 AM,70.32,70.325,70.3175,70.32,2760
11/29/2018 9:33:00 AM,70.3125,70.3275,70.3125,70.32,3958
11/29/2018 9:32:00 AM,70.3025,70.315,70.3025,70.3125,3329
11/29/2018 9:31:00 AM,70.295,70.305,70.2925,70.305,4908
11/29/2018 9:30:00 AM,70.2975,70.2975,70.29,70.295,4591
11/29/2018 9:29:00 AM,70.285,70.2975,70.285,70.295,12105
11/29/2018 9:28:00 AM,70.285,70.2875,70.28,70.2875,9608
11/29/2018 9:27:00 AM,70.3025,70.3025,70.285,70.29,8083
11/29/2018 9:26:00 AM,70.305,70.31,70.3,70.3025,2576
11/29/2018 9:25:00 AM,70.3225,70.325,70.3,70.3025,6036
11/29/2018 9:24:00 AM,70.3275,70.335,70.3175,70.3225,6361
11/29/2018 9:23:00 AM,70.34,70.34,70.32,70.33,8166
11/29/2018 9:22:00 AM,70.335,70.34,70.3325,70.34,4846
11/29/2018 9:21:00 AM,70.335,70.335,70.33,70.335,5703
11/29/2018 9:20:00 AM,70.35,70.35,70.3325,70.3325,7050
11/29/2018 9:19:00 AM,70.3475,70.355,70.34,70.35,6184
11/29/2018 9:18:00 AM,70.3525,70.355,70.35,70.35,2156
11/29/2018 9:17:00 AM,70.355,70.3625,70.35,70.35,5321
11/29/2018 9:16:00 AM,70.355,70.3575,70.34,70.355,5421
11/29/2018 9:15:00 AM,70.3325,70.3575,70.33,70.355,3248
11/29/2018 9:14:00 AM,70.3475,70.3475,70.33,70.33,9014
11/29/2018 9:13:00 AM,70.335,70.3575,70.335,70.3475,9081
11/29/2018 9:12:00 AM,70.3375,70.3525,70.3325,70.335,9346
11/29/2018 9:11:00 AM,70.35,70.355,70.3325,70.335,7230
11/29/2018 9:10:00 AM,70.3625,70.365,70.34,70.3475,7480
11/29/2018 9:09:00 AM,70.32,70.3675,70.32,70.365,24998
11/29/2018 9:08:00 AM,70.3075,70.3275,70.3075,70.32,7613
11/29/2018 9:07:00 AM,70.32,70.32,70.295,70.3075,11704
11/29/2018 9:06:00 AM,70.3125,70.3275,70.3125,70.3175,14028
11/29/2018 9:05:00 AM,70.315,70.3225,70.3025,70.3125,17065
11/29/2018 9:04:00 AM,70.305,70.315,70.3025,70.3125,12082
11/29/2018 9:03:00 AM,70.29,70.3075,70.2875,70.305,20553
11/29/2018 9:02:00 AM,70.2725,70.305,70.27,70.2975,23562
11/29/2018 9:01:00 AM,70.3175,70.325,70.2725,70.275,35730
11/29/2018 9:00:00 AM,70.4275,70.4275,70.315,70.32,46080
