Date,USDINR18DEC70.75CE O,USDINR18DEC70.75CE H,USDINR18DEC70.75CE L,USDINR18DEC70.75CE C,USDINR18DEC70.75CE V
12/3/2018 4:59:00 PM,0.5525,0.565,0.5525,0.565,41
12/3/2018 4:58:00 PM,0.5525,0.5525,0.5525,0.5525,0
12/3/2018 4:57:00 PM,0.545,0.5525,0.545,0.5525,198
12/3/2018 4:56:00 PM,0.5425,0.55,0.5425,0.545,130
12/3/2018 4:55:00 PM,0.5475,0.5475,0.5425,0.5425,242
12/3/2018 4:54:00 PM,0.545,0.5475,0.54,0.5475,167
12/3/2018 4:53:00 PM,0.55,0.55,0.545,0.545,226
12/3/2018 4:52:00 PM,0.555,0.555,0.55,0.55,301
12/3/2018 4:51:00 PM,0.555,0.555,0.555,0.555,0
12/3/2018 4:50:00 PM,0.555,0.56,0.555,0.555,45
12/3/2018 4:49:00 PM,0.5475,0.555,0.5475,0.555,38
12/3/2018 4:48:00 PM,0.5475,0.5475,0.5475,0.5475,1
12/3/2018 4:47:00 PM,0.565,0.565,0.565,0.565,0
12/3/2018 4:46:00 PM,0.565,0.565,0.565,0.565,0
12/3/2018 4:45:00 PM,0.555,0.565,0.555,0.565,195
12/3/2018 4:44:00 PM,0.555,0.555,0.5525,0.555,145
12/3/2018 4:43:00 PM,0.555,0.555,0.555,0.555,0
12/3/2018 4:42:00 PM,0.5525,0.555,0.5525,0.555,140
12/3/2018 4:41:00 PM,0.575,0.575,0.5475,0.5525,397
12/3/2018 4:40:00 PM,0.5625,0.575,0.5625,0.575,209
12/3/2018 4:39:00 PM,0.56,0.57,0.56,0.5625,322
12/3/2018 4:38:00 PM,0.55,0.56,0.55,0.56,442
12/3/2018 4:37:00 PM,0.55,0.55,0.55,0.55,900
12/3/2018 4:36:00 PM,0.56,0.56,0.55,0.55,79
12/3/2018 4:35:00 PM,0.555,0.56,0.555,0.56,100
12/3/2018 4:34:00 PM,0.5525,0.56,0.5525,0.555,356
12/3/2018 4:33:00 PM,0.5475,0.5525,0.5475,0.5525,452
12/3/2018 4:32:00 PM,0.5375,0.545,0.5325,0.545,220
12/3/2018 4:31:00 PM,0.53,0.5375,0.53,0.5375,148
12/3/2018 4:30:00 PM,0.5275,0.535,0.5275,0.53,167
12/3/2018 4:29:00 PM,0.525,0.5275,0.525,0.5275,70
12/3/2018 4:28:00 PM,0.5225,0.525,0.5225,0.525,90
12/3/2018 4:27:00 PM,0.5275,0.5275,0.52,0.5225,110
12/3/2018 4:26:00 PM,0.5175,0.5275,0.5175,0.5275,50
12/3/2018 4:25:00 PM,0.5175,0.5175,0.5175,0.5175,0
12/3/2018 4:24:00 PM,0.5175,0.5175,0.5175,0.5175,0
12/3/2018 4:23:00 PM,0.5175,0.5175,0.5175,0.5175,0
12/3/2018 4:22:00 PM,0.5175,0.5175,0.5175,0.5175,0
12/3/2018 4:21:00 PM,0.52,0.52,0.5175,0.5175,70
12/3/2018 4:20:00 PM,0.5125,0.5225,0.5125,0.52,392
12/3/2018 4:19:00 PM,0.51,0.5125,0.51,0.5125,10
12/3/2018 4:18:00 PM,0.51,0.51,0.51,0.51,0
12/3/2018 4:17:00 PM,0.515,0.515,0.5075,0.51,144
12/3/2018 4:16:00 PM,0.52,0.52,0.515,0.515,391
12/3/2018 4:15:00 PM,0.525,0.525,0.52,0.52,11
12/3/2018 4:14:00 PM,0.52,0.525,0.52,0.525,23
12/3/2018 4:13:00 PM,0.5225,0.5225,0.5175,0.52,416
12/3/2018 4:12:00 PM,0.5275,0.5275,0.5225,0.5225,45
12/3/2018 4:11:00 PM,0.5275,0.5275,0.5275,0.5275,12
12/3/2018 4:10:00 PM,0.53,0.53,0.5275,0.5275,76
12/3/2018 4:09:00 PM,0.535,0.54,0.53,0.53,884
12/3/2018 4:08:00 PM,0.53,0.535,0.53,0.535,5
12/3/2018 4:07:00 PM,0.53,0.53,0.53,0.53,0
12/3/2018 4:06:00 PM,0.5325,0.5325,0.5275,0.53,359
12/3/2018 4:05:00 PM,0.53,0.535,0.53,0.5325,435
12/3/2018 4:04:00 PM,0.5275,0.5325,0.5275,0.53,215
12/3/2018 4:03:00 PM,0.52,0.5275,0.52,0.5275,109
12/3/2018 4:02:00 PM,0.5125,0.52,0.5125,0.52,59
12/3/2018 4:01:00 PM,0.51,0.515,0.51,0.5125,105
12/3/2018 4:00:00 PM,0.5,0.51,0.5,0.51,221
12/3/2018 3:59:00 PM,0.5075,0.5075,0.5,0.5,26
12/3/2018 3:58:00 PM,0.5,0.5075,0.5,0.5075,196
12/3/2018 3:57:00 PM,0.49,0.5,0.49,0.5,45
12/3/2018 3:56:00 PM,0.495,0.495,0.49,0.49,5
12/3/2018 3:55:00 PM,0.495,0.495,0.495,0.495,0
12/3/2018 3:54:00 PM,0.495,0.495,0.495,0.495,0
12/3/2018 3:53:00 PM,0.49,0.495,0.49,0.495,5
12/3/2018 3:52:00 PM,0.4925,0.4925,0.49,0.49,5
12/3/2018 3:51:00 PM,0.49,0.4925,0.49,0.4925,12
12/3/2018 3:50:00 PM,0.4825,0.49,0.4825,0.49,100
12/3/2018 3:49:00 PM,0.485,0.485,0.48,0.4825,166
12/3/2018 3:48:00 PM,0.4925,0.4925,0.485,0.485,10
12/3/2018 3:47:00 PM,0.4925,0.4925,0.4925,0.4925,20
12/3/2018 3:46:00 PM,0.4925,0.4925,0.4925,0.4925,0
12/3/2018 3:45:00 PM,0.4875,0.4925,0.4875,0.4925,365
12/3/2018 3:44:00 PM,0.4675,0.49,0.4675,0.4875,436
12/3/2018 3:43:00 PM,0.4625,0.4675,0.4625,0.4675,25
12/3/2018 3:42:00 PM,0.46,0.4625,0.46,0.4625,75
12/3/2018 3:41:00 PM,0.46,0.46,0.46,0.46,0
12/3/2018 3:40:00 PM,0.4525,0.46,0.4525,0.46,130
12/3/2018 3:39:00 PM,0.4525,0.4525,0.4525,0.4525,0
12/3/2018 3:38:00 PM,0.4525,0.4525,0.4525,0.4525,0
12/3/2018 3:37:00 PM,0.4525,0.4525,0.4525,0.4525,0
12/3/2018 3:36:00 PM,0.4525,0.4525,0.4525,0.4525,0
12/3/2018 3:35:00 PM,0.455,0.455,0.4525,0.4525,54
12/3/2018 3:34:00 PM,0.4425,0.455,0.4425,0.455,110
12/3/2018 3:33:00 PM,0.4425,0.4425,0.4425,0.4425,16
12/3/2018 3:32:00 PM,0.4425,0.4425,0.4425,0.4425,0
12/3/2018 3:31:00 PM,0.4325,0.4425,0.4325,0.4425,221
12/3/2018 3:30:00 PM,0.4325,0.4325,0.4325,0.4325,0
12/3/2018 3:29:00 PM,0.4325,0.4325,0.4325,0.4325,0
12/3/2018 3:28:00 PM,0.435,0.435,0.4325,0.4325,10
12/3/2018 3:27:00 PM,0.435,0.435,0.435,0.435,20
12/3/2018 3:26:00 PM,0.4325,0.4325,0.4325,0.4325,0
12/3/2018 3:25:00 PM,0.44,0.44,0.4325,0.4325,5
12/3/2018 3:24:00 PM,0.44,0.44,0.44,0.44,0
12/3/2018 3:23:00 PM,0.44,0.44,0.44,0.44,0
12/3/2018 3:22:00 PM,0.44,0.44,0.44,0.44,0
12/3/2018 3:21:00 PM,0.44,0.44,0.44,0.44,0
12/3/2018 3:20:00 PM,0.44,0.44,0.44,0.44,0
12/3/2018 3:19:00 PM,0.4375,0.44,0.4375,0.44,1
12/3/2018 3:18:00 PM,0.4475,0.4475,0.4375,0.4375,708
12/3/2018 3:17:00 PM,0.455,0.455,0.4475,0.4475,204
12/3/2018 3:16:00 PM,0.455,0.455,0.455,0.455,0
12/3/2018 3:15:00 PM,0.455,0.455,0.455,0.455,0
12/3/2018 3:14:00 PM,0.4525,0.455,0.4525,0.455,1
12/3/2018 3:13:00 PM,0.46,0.46,0.4525,0.4525,179
12/3/2018 3:12:00 PM,0.46,0.46,0.46,0.46,0
12/3/2018 3:11:00 PM,0.46,0.4625,0.46,0.46,252
12/3/2018 3:10:00 PM,0.4675,0.4675,0.46,0.46,18
12/3/2018 3:09:00 PM,0.4675,0.4675,0.4675,0.4675,0
12/3/2018 3:08:00 PM,0.4525,0.4675,0.4525,0.4675,180
12/3/2018 3:07:00 PM,0.4575,0.4575,0.4525,0.4525,8
12/3/2018 3:06:00 PM,0.4575,0.4575,0.4575,0.4575,0
12/3/2018 3:05:00 PM,0.4575,0.4575,0.4575,0.4575,0
12/3/2018 3:04:00 PM,0.4575,0.4575,0.4575,0.4575,0
12/3/2018 3:03:00 PM,0.4575,0.4575,0.4575,0.4575,0
12/3/2018 3:02:00 PM,0.4575,0.4575,0.4575,0.4575,0
12/3/2018 3:01:00 PM,0.46,0.46,0.4575,0.4575,40
12/3/2018 3:00:00 PM,0.45,0.465,0.45,0.46,100
12/3/2018 2:59:00 PM,0.45,0.45,0.45,0.45,0
12/3/2018 2:58:00 PM,0.45,0.45,0.45,0.45,0
12/3/2018 2:57:00 PM,0.45,0.45,0.45,0.45,0
12/3/2018 2:56:00 PM,0.44,0.45,0.44,0.45,1
12/3/2018 2:55:00 PM,0.44,0.44,0.44,0.44,0
12/3/2018 2:54:00 PM,0.44,0.44,0.44,0.44,0
12/3/2018 2:53:00 PM,0.435,0.44,0.435,0.44,1
12/3/2018 2:52:00 PM,0.435,0.435,0.435,0.435,0
12/3/2018 2:51:00 PM,0.43,0.435,0.43,0.435,7
12/3/2018 2:50:00 PM,0.425,0.425,0.425,0.425,1
12/3/2018 2:49:00 PM,0.425,0.425,0.425,0.425,1
12/3/2018 2:48:00 PM,0.42,0.425,0.42,0.425,1
12/3/2018 2:47:00 PM,0.42,0.42,0.42,0.42,0
12/3/2018 2:46:00 PM,0.42,0.42,0.42,0.42,0
12/3/2018 2:45:00 PM,0.42,0.42,0.42,0.42,0
12/3/2018 2:44:00 PM,0.42,0.42,0.42,0.42,0
12/3/2018 2:43:00 PM,0.4175,0.42,0.4175,0.42,136
12/3/2018 2:42:00 PM,0.4175,0.4175,0.4175,0.4175,0
12/3/2018 2:41:00 PM,0.4175,0.4175,0.4175,0.4175,0
12/3/2018 2:40:00 PM,0.4175,0.4175,0.4175,0.4175,0
12/3/2018 2:39:00 PM,0.4175,0.4175,0.4175,0.4175,0
12/3/2018 2:38:00 PM,0.415,0.4175,0.415,0.4175,1
12/3/2018 2:37:00 PM,0.4125,0.415,0.4125,0.415,1
12/3/2018 2:36:00 PM,0.4125,0.4125,0.4125,0.4125,20
12/3/2018 2:35:00 PM,0.4175,0.4175,0.4125,0.4125,3
12/3/2018 2:34:00 PM,0.42,0.42,0.4175,0.4175,47
12/3/2018 2:33:00 PM,0.42,0.42,0.4175,0.42,824
12/3/2018 2:32:00 PM,0.42,0.42,0.42,0.42,0
12/3/2018 2:31:00 PM,0.4225,0.4225,0.42,0.42,90
12/3/2018 2:30:00 PM,0.42,0.4225,0.42,0.4225,5
12/3/2018 2:29:00 PM,0.4175,0.42,0.4175,0.42,46
12/3/2018 2:28:00 PM,0.4175,0.4175,0.4175,0.4175,5
12/3/2018 2:27:00 PM,0.425,0.425,0.4175,0.4175,302
12/3/2018 2:26:00 PM,0.425,0.425,0.425,0.425,0
12/3/2018 2:25:00 PM,0.425,0.425,0.425,0.425,133
12/3/2018 2:24:00 PM,0.425,0.425,0.425,0.425,0
12/3/2018 2:23:00 PM,0.425,0.425,0.425,0.425,0
12/3/2018 2:22:00 PM,0.425,0.425,0.425,0.425,0
12/3/2018 2:21:00 PM,0.425,0.425,0.425,0.425,6
12/3/2018 2:20:00 PM,0.425,0.425,0.425,0.425,0
12/3/2018 2:19:00 PM,0.425,0.425,0.425,0.425,0
12/3/2018 2:18:00 PM,0.4275,0.4275,0.425,0.425,19
12/3/2018 2:17:00 PM,0.4275,0.4275,0.4275,0.4275,0
12/3/2018 2:16:00 PM,0.4275,0.4275,0.4275,0.4275,18
12/3/2018 2:15:00 PM,0.4275,0.43,0.4275,0.4275,180
12/3/2018 2:14:00 PM,0.4275,0.4275,0.4275,0.4275,0
12/3/2018 2:13:00 PM,0.425,0.4275,0.425,0.4275,7
12/3/2018 2:12:00 PM,0.425,0.425,0.425,0.425,0
12/3/2018 2:11:00 PM,0.425,0.425,0.425,0.425,0
12/3/2018 2:10:00 PM,0.43,0.43,0.425,0.425,12
12/3/2018 2:09:00 PM,0.43,0.43,0.43,0.43,0
12/3/2018 2:08:00 PM,0.425,0.43,0.425,0.43,9
12/3/2018 2:07:00 PM,0.425,0.425,0.425,0.425,71
12/3/2018 2:06:00 PM,0.425,0.425,0.425,0.425,0
12/3/2018 2:05:00 PM,0.4275,0.4275,0.425,0.425,25
12/3/2018 2:04:00 PM,0.4225,0.4275,0.4225,0.4275,80
12/3/2018 2:03:00 PM,0.42,0.4225,0.42,0.4225,26
12/3/2018 2:02:00 PM,0.4125,0.42,0.4125,0.42,19
12/3/2018 2:01:00 PM,0.425,0.425,0.4125,0.4125,547
12/3/2018 2:00:00 PM,0.4275,0.4275,0.4225,0.425,23
12/3/2018 1:59:00 PM,0.4275,0.4275,0.4275,0.4275,0
12/3/2018 1:58:00 PM,0.4275,0.4275,0.4275,0.4275,0
12/3/2018 1:57:00 PM,0.4275,0.4275,0.4275,0.4275,0
12/3/2018 1:56:00 PM,0.435,0.435,0.4275,0.4275,45
12/3/2018 1:55:00 PM,0.435,0.435,0.435,0.435,0
12/3/2018 1:54:00 PM,0.435,0.435,0.435,0.435,0
12/3/2018 1:53:00 PM,0.4475,0.4475,0.435,0.435,435
12/3/2018 1:52:00 PM,0.4475,0.4475,0.4475,0.4475,0
12/3/2018 1:51:00 PM,0.4475,0.4475,0.4475,0.4475,0
12/3/2018 1:50:00 PM,0.4475,0.4475,0.4475,0.4475,0
12/3/2018 1:49:00 PM,0.4475,0.4475,0.4475,0.4475,0
12/3/2018 1:48:00 PM,0.4475,0.4475,0.4475,0.4475,0
12/3/2018 1:47:00 PM,0.4475,0.4475,0.4475,0.4475,0
12/3/2018 1:46:00 PM,0.4525,0.4525,0.4475,0.4475,110
12/3/2018 1:45:00 PM,0.465,0.465,0.4525,0.4525,80
12/3/2018 1:44:00 PM,0.465,0.465,0.465,0.465,0
12/3/2018 1:43:00 PM,0.465,0.465,0.465,0.465,0
12/3/2018 1:42:00 PM,0.465,0.465,0.465,0.465,0
12/3/2018 1:41:00 PM,0.465,0.465,0.465,0.465,0
12/3/2018 1:40:00 PM,0.465,0.465,0.465,0.465,0
12/3/2018 1:39:00 PM,0.465,0.465,0.465,0.465,0
12/3/2018 1:38:00 PM,0.4725,0.4725,0.465,0.465,1
12/3/2018 1:37:00 PM,0.4725,0.4725,0.4725,0.4725,0
12/3/2018 1:36:00 PM,0.4725,0.4725,0.4725,0.4725,0
12/3/2018 1:35:00 PM,0.4675,0.4725,0.4675,0.4725,35
12/3/2018 1:34:00 PM,0.4675,0.4675,0.4675,0.4675,0
12/3/2018 1:33:00 PM,0.4675,0.4675,0.465,0.4675,20
12/3/2018 1:32:00 PM,0.465,0.4675,0.465,0.4675,1
12/3/2018 1:31:00 PM,0.47,0.47,0.465,0.465,250
12/3/2018 1:30:00 PM,0.46,0.4725,0.46,0.47,128
12/3/2018 1:29:00 PM,0.455,0.465,0.455,0.46,167
12/3/2018 1:28:00 PM,0.4425,0.455,0.4425,0.455,461
12/3/2018 1:27:00 PM,0.4425,0.4425,0.4425,0.4425,18
12/3/2018 1:26:00 PM,0.445,0.445,0.4425,0.4425,280
12/3/2018 1:25:00 PM,0.44,0.44,0.4375,0.4375,50
12/3/2018 1:24:00 PM,0.445,0.445,0.44,0.44,90
12/3/2018 1:23:00 PM,0.44,0.445,0.44,0.445,60
12/3/2018 1:22:00 PM,0.4375,0.4425,0.4375,0.44,240
12/3/2018 1:21:00 PM,0.4375,0.4375,0.4375,0.4375,6
12/3/2018 1:20:00 PM,0.44,0.44,0.435,0.4375,102
12/3/2018 1:19:00 PM,0.44,0.44,0.44,0.44,90
12/3/2018 1:18:00 PM,0.44,0.44,0.44,0.44,0
12/3/2018 1:17:00 PM,0.4375,0.44,0.4375,0.44,75
12/3/2018 1:16:00 PM,0.435,0.4375,0.435,0.4375,60
12/3/2018 1:15:00 PM,0.435,0.435,0.4325,0.435,75
12/3/2018 1:14:00 PM,0.4375,0.4375,0.435,0.435,12
12/3/2018 1:13:00 PM,0.44,0.44,0.435,0.4375,281
12/3/2018 1:12:00 PM,0.44,0.44,0.44,0.44,0
12/3/2018 1:11:00 PM,0.4425,0.4425,0.44,0.44,61
12/3/2018 1:10:00 PM,0.4425,0.4425,0.4425,0.4425,0
12/3/2018 1:09:00 PM,0.4475,0.4475,0.4425,0.4425,71
12/3/2018 1:08:00 PM,0.4475,0.4475,0.4475,0.4475,0
12/3/2018 1:07:00 PM,0.4425,0.4475,0.4425,0.4475,135
12/3/2018 1:06:00 PM,0.44,0.4425,0.44,0.4425,50
12/3/2018 1:05:00 PM,0.4425,0.4425,0.44,0.44,8
12/3/2018 1:04:00 PM,0.4325,0.4425,0.4325,0.4425,90
12/3/2018 1:03:00 PM,0.4325,0.4325,0.4325,0.4325,0
12/3/2018 1:02:00 PM,0.4325,0.4325,0.4325,0.4325,0
12/3/2018 1:01:00 PM,0.435,0.435,0.4325,0.4325,92
12/3/2018 1:00:00 PM,0.44,0.44,0.435,0.435,130
12/3/2018 12:59:00 PM,0.4425,0.4425,0.44,0.44,20
12/3/2018 12:58:00 PM,0.45,0.45,0.4425,0.4425,10
12/3/2018 12:57:00 PM,0.45,0.45,0.45,0.45,0
12/3/2018 12:56:00 PM,0.4475,0.45,0.4475,0.45,53
12/3/2018 12:55:00 PM,0.4475,0.4475,0.4475,0.4475,0
12/3/2018 12:54:00 PM,0.445,0.4475,0.445,0.4475,80
12/3/2018 12:53:00 PM,0.4525,0.4525,0.445,0.445,38
12/3/2018 12:52:00 PM,0.4625,0.4625,0.445,0.4525,84
12/3/2018 12:51:00 PM,0.4625,0.4625,0.4625,0.4625,0
12/3/2018 12:50:00 PM,0.4625,0.4625,0.4625,0.4625,0
12/3/2018 12:49:00 PM,0.47,0.47,0.4625,0.4625,130
12/3/2018 12:48:00 PM,0.47,0.47,0.47,0.47,0
12/3/2018 12:47:00 PM,0.4775,0.48,0.47,0.47,144
12/3/2018 12:46:00 PM,0.4675,0.4775,0.4675,0.4775,28
12/3/2018 12:45:00 PM,0.4575,0.4675,0.4575,0.4675,9
12/3/2018 12:44:00 PM,0.46,0.46,0.4575,0.4575,16
12/3/2018 12:43:00 PM,0.455,0.46,0.455,0.46,24
12/3/2018 12:42:00 PM,0.455,0.455,0.455,0.455,0
12/3/2018 12:41:00 PM,0.455,0.455,0.455,0.455,0
12/3/2018 12:40:00 PM,0.455,0.455,0.455,0.455,0
12/3/2018 12:39:00 PM,0.455,0.455,0.455,0.455,0
12/3/2018 12:38:00 PM,0.45,0.455,0.45,0.455,40
12/3/2018 12:37:00 PM,0.4575,0.4575,0.45,0.45,11
12/3/2018 12:36:00 PM,0.465,0.465,0.4575,0.4575,160
12/3/2018 12:35:00 PM,0.4675,0.4675,0.4625,0.465,174
12/3/2018 12:34:00 PM,0.4625,0.4675,0.46,0.4675,300
12/3/2018 12:33:00 PM,0.46,0.4625,0.46,0.4625,81
12/3/2018 12:32:00 PM,0.4675,0.4675,0.4625,0.4625,149
12/3/2018 12:31:00 PM,0.47,0.47,0.4675,0.4675,306
12/3/2018 12:30:00 PM,0.445,0.47,0.445,0.47,137
12/3/2018 12:29:00 PM,0.4475,0.4475,0.445,0.445,180
12/3/2018 12:28:00 PM,0.4475,0.4475,0.4475,0.4475,13
12/3/2018 12:27:00 PM,0.4475,0.455,0.445,0.4475,407
12/3/2018 12:26:00 PM,0.4475,0.4475,0.4475,0.4475,0
12/3/2018 12:25:00 PM,0.445,0.4475,0.4425,0.4475,304
12/3/2018 12:24:00 PM,0.435,0.45,0.435,0.4475,192
12/3/2018 12:23:00 PM,0.435,0.435,0.435,0.435,0
12/3/2018 12:22:00 PM,0.435,0.435,0.435,0.435,100
12/3/2018 12:21:00 PM,0.4375,0.4375,0.435,0.435,200
12/3/2018 12:20:00 PM,0.4325,0.4375,0.4325,0.4375,300
12/3/2018 12:19:00 PM,0.44,0.44,0.4325,0.4325,782
12/3/2018 12:18:00 PM,0.4325,0.45,0.4325,0.44,199
12/3/2018 12:17:00 PM,0.42,0.4325,0.42,0.4325,586
12/3/2018 12:16:00 PM,0.4075,0.42,0.405,0.42,869
12/3/2018 12:15:00 PM,0.3925,0.4075,0.3925,0.4075,744
12/3/2018 12:14:00 PM,0.3925,0.3925,0.3925,0.3925,0
12/3/2018 12:13:00 PM,0.38,0.3925,0.38,0.3925,50
12/3/2018 12:12:00 PM,0.38,0.38,0.38,0.38,0
12/3/2018 12:11:00 PM,0.38,0.38,0.38,0.38,0
12/3/2018 12:10:00 PM,0.38,0.38,0.38,0.38,0
12/3/2018 12:09:00 PM,0.38,0.38,0.38,0.38,0
12/3/2018 12:08:00 PM,0.38,0.38,0.38,0.38,0
12/3/2018 12:07:00 PM,0.38,0.38,0.38,0.38,0
12/3/2018 12:06:00 PM,0.38,0.38,0.38,0.38,0
12/3/2018 12:05:00 PM,0.38,0.38,0.38,0.38,0
12/3/2018 12:04:00 PM,0.38,0.38,0.38,0.38,110
12/3/2018 12:03:00 PM,0.38,0.38,0.38,0.38,0
12/3/2018 12:02:00 PM,0.3825,0.3825,0.38,0.38,29
12/3/2018 12:01:00 PM,0.3825,0.3825,0.3825,0.3825,0
12/3/2018 12:00:00 PM,0.3825,0.3825,0.3825,0.3825,0
12/3/2018 11:59:00 AM,0.3825,0.3825,0.3825,0.3825,0
12/3/2018 11:58:00 AM,0.3875,0.3875,0.3825,0.3825,50
12/3/2018 11:57:00 AM,0.3875,0.3875,0.3875,0.3875,0
12/3/2018 11:56:00 AM,0.3875,0.3875,0.3875,0.3875,0
12/3/2018 11:55:00 AM,0.3875,0.3875,0.3875,0.3875,0
12/3/2018 11:54:00 AM,0.385,0.3875,0.385,0.3875,100
12/3/2018 11:53:00 AM,0.385,0.385,0.385,0.385,0
12/3/2018 11:52:00 AM,0.3875,0.3875,0.385,0.385,130
12/3/2018 11:51:00 AM,0.38,0.3875,0.38,0.3875,61
12/3/2018 11:50:00 AM,0.38,0.38,0.38,0.38,0
12/3/2018 11:49:00 AM,0.38,0.38,0.38,0.38,0
12/3/2018 11:48:00 AM,0.38,0.38,0.38,0.38,0
12/3/2018 11:47:00 AM,0.38,0.38,0.38,0.38,0
12/3/2018 11:46:00 AM,0.38,0.38,0.38,0.38,0
12/3/2018 11:45:00 AM,0.3825,0.3825,0.38,0.38,20
12/3/2018 11:44:00 AM,0.3825,0.3825,0.3825,0.3825,0
12/3/2018 11:43:00 AM,0.3775,0.3825,0.3775,0.3825,296
12/3/2018 11:42:00 AM,0.3775,0.3775,0.3775,0.3775,0
12/3/2018 11:41:00 AM,0.38,0.38,0.3775,0.3775,17
12/3/2018 11:40:00 AM,0.38,0.3825,0.38,0.38,292
12/3/2018 11:39:00 AM,0.38,0.38,0.38,0.38,80
12/3/2018 11:38:00 AM,0.38,0.38,0.38,0.38,0
12/3/2018 11:37:00 AM,0.38,0.38,0.38,0.38,0
12/3/2018 11:36:00 AM,0.3775,0.38,0.3775,0.38,100
12/3/2018 11:35:00 AM,0.375,0.3775,0.375,0.3775,99
12/3/2018 11:34:00 AM,0.375,0.375,0.375,0.375,267
12/3/2018 11:33:00 AM,0.375,0.375,0.375,0.375,0
12/3/2018 11:32:00 AM,0.375,0.375,0.375,0.375,0
12/3/2018 11:31:00 AM,0.375,0.375,0.375,0.375,0
12/3/2018 11:30:00 AM,0.375,0.375,0.375,0.375,0
12/3/2018 11:29:00 AM,0.375,0.375,0.375,0.375,0
12/3/2018 11:28:00 AM,0.375,0.375,0.375,0.375,0
12/3/2018 11:27:00 AM,0.37,0.375,0.37,0.375,4
12/3/2018 11:26:00 AM,0.37,0.37,0.37,0.37,0
12/3/2018 11:25:00 AM,0.3725,0.3725,0.37,0.37,322
12/3/2018 11:24:00 AM,0.3725,0.3725,0.3725,0.3725,260
12/3/2018 11:23:00 AM,0.3775,0.3775,0.3725,0.3725,116
12/3/2018 11:22:00 AM,0.3825,0.3825,0.3775,0.3775,2
12/3/2018 11:21:00 AM,0.3825,0.3825,0.3825,0.3825,100
12/3/2018 11:20:00 AM,0.3825,0.3825,0.3825,0.3825,0
12/3/2018 11:19:00 AM,0.3825,0.3825,0.3825,0.3825,0
12/3/2018 11:18:00 AM,0.3825,0.3825,0.3825,0.3825,0
12/3/2018 11:17:00 AM,0.3825,0.3825,0.3825,0.3825,25
12/3/2018 11:16:00 AM,0.3825,0.3825,0.3825,0.3825,0
12/3/2018 11:15:00 AM,0.385,0.385,0.3825,0.3825,18
12/3/2018 11:14:00 AM,0.385,0.385,0.385,0.385,72
12/3/2018 11:13:00 AM,0.385,0.385,0.385,0.385,0
12/3/2018 11:12:00 AM,0.3875,0.3875,0.385,0.385,195
12/3/2018 11:11:00 AM,0.395,0.395,0.3875,0.3875,397
12/3/2018 11:10:00 AM,0.395,0.395,0.395,0.395,0
12/3/2018 11:09:00 AM,0.395,0.395,0.395,0.395,50
12/3/2018 11:08:00 AM,0.385,0.395,0.385,0.395,339
12/3/2018 11:07:00 AM,0.385,0.385,0.385,0.385,50
12/3/2018 11:06:00 AM,0.3825,0.385,0.3825,0.385,50
12/3/2018 11:05:00 AM,0.3825,0.3825,0.38,0.3825,161
12/3/2018 11:04:00 AM,0.3825,0.3825,0.3825,0.3825,196
12/3/2018 11:03:00 AM,0.3775,0.385,0.3775,0.3825,148
12/3/2018 11:02:00 AM,0.3775,0.3775,0.3775,0.3775,0
12/3/2018 11:01:00 AM,0.3775,0.3775,0.3775,0.3775,0
12/3/2018 11:00:00 AM,0.3775,0.3775,0.3775,0.3775,0
12/3/2018 10:59:00 AM,0.3775,0.3775,0.3775,0.3775,0
12/3/2018 10:58:00 AM,0.3775,0.3775,0.3775,0.3775,0
12/3/2018 10:57:00 AM,0.3775,0.3775,0.3775,0.3775,0
12/3/2018 10:56:00 AM,0.3775,0.3775,0.3775,0.3775,0
12/3/2018 10:55:00 AM,0.3775,0.3775,0.3775,0.3775,0
12/3/2018 10:54:00 AM,0.3725,0.3775,0.3725,0.3775,100
12/3/2018 10:53:00 AM,0.3725,0.3725,0.3725,0.3725,0
12/3/2018 10:52:00 AM,0.375,0.375,0.3725,0.3725,66
12/3/2018 10:51:00 AM,0.375,0.375,0.375,0.375,0
12/3/2018 10:50:00 AM,0.38,0.38,0.375,0.375,424
12/3/2018 10:49:00 AM,0.38,0.38,0.38,0.38,0
12/3/2018 10:48:00 AM,0.38,0.38,0.38,0.38,0
12/3/2018 10:47:00 AM,0.38,0.38,0.38,0.38,0
12/3/2018 10:46:00 AM,0.3775,0.38,0.3775,0.38,413
12/3/2018 10:45:00 AM,0.3775,0.3775,0.3775,0.3775,0
12/3/2018 10:44:00 AM,0.3775,0.3775,0.3775,0.3775,0
12/3/2018 10:43:00 AM,0.3775,0.3775,0.3775,0.3775,0
12/3/2018 10:42:00 AM,0.37,0.3775,0.37,0.3775,100
12/3/2018 10:41:00 AM,0.37,0.37,0.37,0.37,0
12/3/2018 10:40:00 AM,0.37,0.37,0.37,0.37,50
12/3/2018 10:39:00 AM,0.37,0.37,0.37,0.37,0
12/3/2018 10:38:00 AM,0.37,0.37,0.37,0.37,0
12/3/2018 10:37:00 AM,0.37,0.37,0.37,0.37,0
12/3/2018 10:36:00 AM,0.37,0.37,0.37,0.37,0
12/3/2018 10:35:00 AM,0.37,0.37,0.37,0.37,0
12/3/2018 10:34:00 AM,0.37,0.37,0.37,0.37,0
12/3/2018 10:33:00 AM,0.37,0.37,0.37,0.37,0
12/3/2018 10:32:00 AM,0.37,0.37,0.37,0.37,0
12/3/2018 10:31:00 AM,0.375,0.375,0.37,0.37,360
12/3/2018 10:30:00 AM,0.38,0.38,0.375,0.375,256
12/3/2018 10:29:00 AM,0.375,0.38,0.375,0.38,1
12/3/2018 10:28:00 AM,0.375,0.375,0.375,0.375,0
12/3/2018 10:27:00 AM,0.38,0.38,0.375,0.375,66
12/3/2018 10:26:00 AM,0.38,0.38,0.38,0.38,0
12/3/2018 10:25:00 AM,0.38,0.38,0.38,0.38,0
12/3/2018 10:24:00 AM,0.38,0.38,0.38,0.38,0
12/3/2018 10:23:00 AM,0.3775,0.38,0.3775,0.38,328
12/3/2018 10:22:00 AM,0.3775,0.3775,0.3775,0.3775,0
12/3/2018 10:21:00 AM,0.3775,0.3775,0.3775,0.3775,0
12/3/2018 10:20:00 AM,0.3775,0.3775,0.3775,0.3775,256
12/3/2018 10:19:00 AM,0.39,0.39,0.3775,0.3775,256
12/3/2018 10:18:00 AM,0.39,0.39,0.39,0.39,0
12/3/2018 10:17:00 AM,0.39,0.39,0.39,0.39,0
12/3/2018 10:16:00 AM,0.39,0.39,0.39,0.39,0
12/3/2018 10:15:00 AM,0.39,0.39,0.39,0.39,0
12/3/2018 10:14:00 AM,0.39,0.39,0.39,0.39,0
12/3/2018 10:13:00 AM,0.39,0.39,0.39,0.39,0
12/3/2018 10:12:00 AM,0.39,0.39,0.39,0.39,0
12/3/2018 10:11:00 AM,0.39,0.39,0.39,0.39,0
12/3/2018 10:10:00 AM,0.385,0.39,0.385,0.39,50
12/3/2018 10:09:00 AM,0.385,0.385,0.385,0.385,0
12/3/2018 10:08:00 AM,0.385,0.385,0.385,0.385,0
12/3/2018 10:07:00 AM,0.385,0.385,0.385,0.385,0
12/3/2018 10:06:00 AM,0.3875,0.3875,0.385,0.385,100
12/3/2018 10:05:00 AM,0.3875,0.3875,0.3875,0.3875,0
12/3/2018 10:04:00 AM,0.3875,0.3875,0.3875,0.3875,0
12/3/2018 10:03:00 AM,0.3875,0.3875,0.3875,0.3875,0
12/3/2018 10:02:00 AM,0.3875,0.3875,0.3875,0.3875,0
12/3/2018 10:01:00 AM,0.3875,0.3875,0.3875,0.3875,0
12/3/2018 10:00:00 AM,0.3875,0.3875,0.3875,0.3875,0
12/3/2018 9:59:00 AM,0.3875,0.3875,0.3875,0.3875,0
12/3/2018 9:58:00 AM,0.385,0.3875,0.385,0.3875,224
12/3/2018 9:57:00 AM,0.38,0.385,0.38,0.385,143
12/3/2018 9:56:00 AM,0.38,0.38,0.38,0.38,0
12/3/2018 9:55:00 AM,0.38,0.38,0.38,0.38,0
12/3/2018 9:54:00 AM,0.3775,0.38,0.3775,0.38,1
12/3/2018 9:53:00 AM,0.3825,0.3825,0.3775,0.3775,61
12/3/2018 9:52:00 AM,0.375,0.3825,0.375,0.3825,127
12/3/2018 9:51:00 AM,0.375,0.375,0.375,0.375,4
12/3/2018 9:50:00 AM,0.375,0.375,0.375,0.375,50
12/3/2018 9:49:00 AM,0.3725,0.375,0.3725,0.375,138
12/3/2018 9:48:00 AM,0.3725,0.3725,0.3725,0.3725,0
12/3/2018 9:47:00 AM,0.375,0.375,0.3725,0.3725,2
12/3/2018 9:46:00 AM,0.3725,0.375,0.3725,0.375,20
12/3/2018 9:45:00 AM,0.3775,0.3775,0.3725,0.3725,3
12/3/2018 9:44:00 AM,0.3675,0.3775,0.3675,0.3775,12
12/3/2018 9:43:00 AM,0.3675,0.3675,0.3675,0.3675,0
12/3/2018 9:42:00 AM,0.3675,0.3675,0.3675,0.3675,0
12/3/2018 9:41:00 AM,0.3675,0.3675,0.3675,0.3675,0
12/3/2018 9:40:00 AM,0.3675,0.3675,0.3675,0.3675,0
12/3/2018 9:39:00 AM,0.3675,0.3675,0.3675,0.3675,0
12/3/2018 9:38:00 AM,0.3675,0.3675,0.3675,0.3675,0
12/3/2018 9:37:00 AM,0.3675,0.3675,0.3675,0.3675,0
12/3/2018 9:36:00 AM,0.3675,0.3675,0.3675,0.3675,100
12/3/2018 9:35:00 AM,0.3675,0.3675,0.3625,0.3675,79
12/3/2018 9:34:00 AM,0.39,0.39,0.3675,0.3675,87
12/3/2018 9:33:00 AM,0.39,0.39,0.39,0.39,0
12/3/2018 9:32:00 AM,0.39,0.39,0.39,0.39,0
12/3/2018 9:31:00 AM,0.38,0.3925,0.38,0.39,649
12/3/2018 9:30:00 AM,0.38,0.38,0.38,0.38,0
12/3/2018 9:29:00 AM,0.38,0.38,0.38,0.38,0
12/3/2018 9:28:00 AM,0.3775,0.3825,0.3775,0.38,279
12/3/2018 9:27:00 AM,0.3775,0.3775,0.3775,0.3775,0
12/3/2018 9:26:00 AM,0.3775,0.3775,0.3775,0.3775,0
12/3/2018 9:25:00 AM,0.37,0.3775,0.3675,0.3775,480
12/3/2018 9:24:00 AM,0.3725,0.3725,0.37,0.37,289
12/3/2018 9:23:00 AM,0.37,0.3725,0.37,0.3725,900
12/3/2018 9:22:00 AM,0.365,0.3725,0.365,0.37,425
12/3/2018 9:21:00 AM,0.365,0.365,0.365,0.365,27
12/3/2018 9:20:00 AM,0.37,0.37,0.37,0.37,0
12/3/2018 9:19:00 AM,0.38,0.38,0.37,0.37,81
12/3/2018 9:18:00 AM,0.38,0.38,0.38,0.38,0
12/3/2018 9:17:00 AM,0.3925,0.3925,0.38,0.38,51
12/3/2018 9:16:00 AM,0.3925,0.3925,0.3925,0.3925,0
12/3/2018 9:15:00 AM,0.39,0.3925,0.39,0.3925,5
12/3/2018 9:14:00 AM,0.385,0.39,0.3825,0.39,11
12/3/2018 9:13:00 AM,0.365,0.39,0.365,0.385,223
12/3/2018 9:12:00 AM,0.365,0.365,0.365,0.365,0
12/3/2018 9:11:00 AM,0.37,0.37,0.365,0.365,92
12/3/2018 9:10:00 AM,0.37,0.37,0.37,0.37,0
12/3/2018 9:09:00 AM,0.365,0.37,0.365,0.37,462
12/3/2018 9:08:00 AM,0.35,0.365,0.35,0.365,100
12/3/2018 9:07:00 AM,0.35,0.35,0.35,0.35,0
12/3/2018 9:06:00 AM,0.3375,0.35,0.3375,0.35,112
12/3/2018 9:05:00 AM,0.3325,0.34,0.3325,0.3375,153
12/3/2018 9:04:00 AM,0.3275,0.335,0.3275,0.3325,213
12/3/2018 9:03:00 AM,0.3375,0.3375,0.3225,0.3275,370
12/3/2018 9:02:00 AM,0.3375,0.3375,0.3375,0.3375,20
12/3/2018 9:01:00 AM,0.3225,0.3375,0.3225,0.3375,243
