Date,BANKNIFTY22NOV1826200CE O,BANKNIFTY22NOV1826200CE H,BANKNIFTY22NOV1826200CE L,BANKNIFTY22NOV1826200CE C,BANKNIFTY22NOV1826200CE V
11/22/2018 3:29:00 PM,0.05,0.05,0.05,0.05,80
11/22/2018 3:28:00 PM,0.05,0.05,0.05,0.05,3060
11/22/2018 3:27:00 PM,0.05,0.05,0.05,0.05,4520
11/22/2018 3:26:00 PM,0.05,0.05,0.05,0.05,18500
11/22/2018 3:25:00 PM,0.05,0.05,0.05,0.05,25680
11/22/2018 3:24:00 PM,0.05,0.05,0.05,0.05,14600
11/22/2018 3:23:00 PM,0.05,0.1,0.05,0.05,240100
11/22/2018 3:22:00 PM,0.05,0.1,0.05,0.05,15620
11/22/2018 3:21:00 PM,0.05,0.1,0.05,0.05,44300
11/22/2018 3:20:00 PM,0.05,0.1,0.05,0.1,132840
11/22/2018 3:19:00 PM,0.05,0.1,0.05,0.1,16720
11/22/2018 3:18:00 PM,0.05,0.1,0.05,0.1,38460
11/22/2018 3:17:00 PM,0.1,0.1,0.05,0.05,25460
11/22/2018 3:16:00 PM,0.05,0.1,0.05,0.1,66480
11/22/2018 3:15:00 PM,0.1,0.1,0.05,0.1,56940
11/22/2018 3:14:00 PM,0.1,0.1,0.05,0.05,41460
11/22/2018 3:13:00 PM,0.1,0.1,0.05,0.1,42660
11/22/2018 3:12:00 PM,0.1,0.1,0.05,0.1,53980
11/22/2018 3:11:00 PM,0.05,0.1,0.05,0.1,99040
11/22/2018 3:10:00 PM,0.1,0.1,0.05,0.05,119520
11/22/2018 3:09:00 PM,0.15,0.15,0.1,0.1,230360
11/22/2018 3:08:00 PM,0.15,0.15,0.1,0.1,174620
11/22/2018 3:07:00 PM,0.1,0.15,0.1,0.1,169200
11/22/2018 3:06:00 PM,0.2,0.2,0.1,0.15,295140
11/22/2018 3:05:00 PM,0.2,0.25,0.15,0.2,251000
11/22/2018 3:04:00 PM,0.3,0.3,0.2,0.2,272820
11/22/2018 3:03:00 PM,0.3,0.35,0.2,0.3,284140
11/22/2018 3:02:00 PM,0.3,0.35,0.25,0.35,278460
11/22/2018 3:01:00 PM,0.35,0.4,0.3,0.35,228140
11/22/2018 3:00:00 PM,0.3,0.4,0.3,0.35,226520
11/22/2018 2:59:00 PM,0.3,0.4,0.3,0.3,265720
11/22/2018 2:58:00 PM,0.4,0.4,0.3,0.3,367260
11/22/2018 2:57:00 PM,0.55,0.55,0.4,0.4,217140
11/22/2018 2:56:00 PM,0.45,0.55,0.4,0.55,214300
11/22/2018 2:55:00 PM,0.4,0.45,0.3,0.4,272440
11/22/2018 2:54:00 PM,0.4,0.45,0.35,0.45,278480
11/22/2018 2:53:00 PM,0.5,0.55,0.3,0.4,457760
11/22/2018 2:52:00 PM,0.5,0.6,0.45,0.5,396900
11/22/2018 2:51:00 PM,0.6,0.7,0.45,0.45,478140
11/22/2018 2:50:00 PM,0.9,0.9,0.55,0.55,436380
11/22/2018 2:49:00 PM,0.95,1.05,0.75,0.95,402360
11/22/2018 2:48:00 PM,1.6,1.6,0.9,0.95,459380
11/22/2018 2:47:00 PM,2.2,2.2,1.55,1.55,290040
11/22/2018 2:46:00 PM,2.2,2.6,2.05,2.1,368700
11/22/2018 2:45:00 PM,1.85,2.5,1.85,2.25,278640
11/22/2018 2:44:00 PM,1.85,2.2,1.75,1.9,372040
11/22/2018 2:43:00 PM,1.85,1.9,1.6,1.8,321320
11/22/2018 2:42:00 PM,2.35,2.35,1.8,1.85,455200
11/22/2018 2:41:00 PM,2.2,2.45,1.9,2.3,590240
11/22/2018 2:40:00 PM,3.35,3.4,2.1,2.1,562300
11/22/2018 2:39:00 PM,3.95,3.95,3.25,3.35,424100
11/22/2018 2:38:00 PM,3.35,4,3.3,3.95,504100
11/22/2018 2:37:00 PM,3.8,3.9,3.35,3.4,640580
11/22/2018 2:36:00 PM,5.65,5.85,4,4,476440
11/22/2018 2:35:00 PM,7.15,7.2,5.4,5.7,335160
11/22/2018 2:34:00 PM,6.75,7.9,6.55,7.2,238660
11/22/2018 2:33:00 PM,7.3,7.7,6.65,6.75,296760
11/22/2018 2:32:00 PM,6.6,7.4,6.2,7.3,441200
11/22/2018 2:31:00 PM,8.55,8.65,6.5,6.5,358840
11/22/2018 2:30:00 PM,10.2,10.2,7.6,8.6,369040
11/22/2018 2:29:00 PM,10.55,10.8,9.5,10.2,214060
11/22/2018 2:28:00 PM,12.8,12.8,9,11.3,289120
11/22/2018 2:27:00 PM,11.5,12.8,11.15,12.65,183220
11/22/2018 2:26:00 PM,10.2,12.1,9.95,11.5,193020
11/22/2018 2:25:00 PM,10.65,11,9.25,10.2,258560
11/22/2018 2:24:00 PM,11.25,12.3,10.7,10.7,224340
11/22/2018 2:23:00 PM,12.85,13.45,10.65,12.9,310040
11/22/2018 2:22:00 PM,15.15,16.15,12.8,12.8,264400
11/22/2018 2:21:00 PM,19,19,14.3,15,347240
11/22/2018 2:20:00 PM,16.15,19.9,16.15,19.05,537220
11/22/2018 2:19:00 PM,13,16.7,13,16.7,296620
11/22/2018 2:18:00 PM,11.15,13.25,10.55,13.15,265180
11/22/2018 2:17:00 PM,10.5,11.7,10.25,10.9,283520
11/22/2018 2:16:00 PM,8.95,10.5,8.95,10.3,330700
11/22/2018 2:15:00 PM,11.1,11.3,8.25,8.95,480320
11/22/2018 2:14:00 PM,13.9,14.35,10.7,11.3,310680
11/22/2018 2:13:00 PM,15.35,16.5,13.35,13.8,156920
11/22/2018 2:12:00 PM,14.9,15.65,14.25,15.55,110080
11/22/2018 2:11:00 PM,14.35,16,13.05,15,234340
11/22/2018 2:10:00 PM,17.5,17.6,13.55,14.8,276920
11/22/2018 2:09:00 PM,22,22.1,17.05,17.55,323880
11/22/2018 2:08:00 PM,18.3,22.9,18.3,22,290760
11/22/2018 2:07:00 PM,16.5,19.35,16.5,18.75,189320
11/22/2018 2:06:00 PM,16.05,17.5,15.65,16.8,182560
11/22/2018 2:05:00 PM,16.45,16.65,14.5,16.1,169340
11/22/2018 2:04:00 PM,15.05,16.75,14.05,16.55,172660
11/22/2018 2:03:00 PM,16.3,16.5,14.65,14.95,140080
11/22/2018 2:02:00 PM,15.85,17.8,15.5,16.25,171160
11/22/2018 2:01:00 PM,16.6,16.85,14.4,15.3,169880
11/22/2018 2:00:00 PM,14.25,16.5,13.7,16.5,205900
11/22/2018 1:59:00 PM,15.75,16.55,14.25,14.65,229860
11/22/2018 1:58:00 PM,18.55,19.8,16.15,16.15,147360
11/22/2018 1:57:00 PM,20.95,20.95,18.4,18.6,173300
11/22/2018 1:56:00 PM,19.75,22.7,19.75,20.9,193680
11/22/2018 1:55:00 PM,18.35,19.95,17.8,19.65,143620
11/22/2018 1:54:00 PM,19.05,19.05,16.75,18.15,216300
11/22/2018 1:53:00 PM,21.65,21.65,17.75,18.65,228200
11/22/2018 1:52:00 PM,23.85,24.7,21.15,21.9,301520
11/22/2018 1:51:00 PM,17.2,23.05,17.2,23.05,250040
11/22/2018 1:50:00 PM,19,19,16.5,17.35,187160
11/22/2018 1:49:00 PM,19.45,20,18.1,18.55,183780
11/22/2018 1:48:00 PM,17.4,19.6,16.7,19.5,234060
11/22/2018 1:47:00 PM,16.4,17.5,16.2,17.1,219560
11/22/2018 1:46:00 PM,14.95,17.75,14.6,16.85,290260
11/22/2018 1:45:00 PM,13.9,14.85,13.65,14.75,321860
11/22/2018 1:44:00 PM,13.95,14.3,12.9,13.65,402620
11/22/2018 1:43:00 PM,17,17.1,13.6,13.9,446960
11/22/2018 1:42:00 PM,19.35,19.95,16.65,17.25,255940
11/22/2018 1:41:00 PM,20.55,20.55,17.75,19.3,273840
11/22/2018 1:40:00 PM,24.3,24.6,20.7,20.7,218180
11/22/2018 1:39:00 PM,23.35,26,23,24.3,140380
11/22/2018 1:38:00 PM,24.45,26,22.95,23.3,152720
11/22/2018 1:37:00 PM,23.6,25.35,22.55,24.65,98240
11/22/2018 1:36:00 PM,23.75,24.7,22.55,24,120280
11/22/2018 1:35:00 PM,26.65,27,22.9,24.5,165360
11/22/2018 1:34:00 PM,28,28.85,26.65,26.75,175900
11/22/2018 1:33:00 PM,25.3,28.25,25.1,27.85,165100
11/22/2018 1:32:00 PM,25.3,26.05,24.55,25.45,142560
11/22/2018 1:31:00 PM,26.3,26.55,23,25.9,224440
11/22/2018 1:30:00 PM,25.9,27,23.65,26.1,252760
11/22/2018 1:29:00 PM,25.15,26.7,24.65,26.05,211500
11/22/2018 1:28:00 PM,27.8,30,24.8,24.95,225040
11/22/2018 1:27:00 PM,29,31.95,27.9,27.9,127380
11/22/2018 1:26:00 PM,27.85,29.55,27.4,29,125360
11/22/2018 1:25:00 PM,33.6,33.7,27.7,27.7,144800
11/22/2018 1:24:00 PM,34.8,37.05,33.55,33.55,123580
11/22/2018 1:23:00 PM,33.05,35.2,31.85,34.55,111800
11/22/2018 1:22:00 PM,31.1,34,31.05,33.7,137800
11/22/2018 1:21:00 PM,31.4,31.85,28.4,31.35,163560
11/22/2018 1:20:00 PM,30.75,32.1,29.75,32,172140
11/22/2018 1:19:00 PM,28.6,31.3,26.3,31.3,245220
11/22/2018 1:18:00 PM,41,41,28.5,29.8,356880
11/22/2018 1:17:00 PM,44.95,45.05,40.35,41.65,82320
11/22/2018 1:16:00 PM,42.35,44.9,41.5,44.6,74720
11/22/2018 1:15:00 PM,46.4,46.4,40,41.95,104880
11/22/2018 1:14:00 PM,46.2,47.6,43,46,97640
11/22/2018 1:13:00 PM,48.55,49.45,45.9,46.15,94220
11/22/2018 1:12:00 PM,46.75,50,46.4,48.95,112120
11/22/2018 1:11:00 PM,46.8,49.3,45.05,46,107000
11/22/2018 1:10:00 PM,43.8,46.85,40.7,46.85,125800
11/22/2018 1:09:00 PM,44.25,44.8,39.85,44.7,131720
11/22/2018 1:08:00 PM,40.55,44.75,39.8,44.75,169040
11/22/2018 1:07:00 PM,42.6,43.8,38.75,39.85,219480
11/22/2018 1:06:00 PM,38.3,42.3,36.9,42.15,226980
11/22/2018 1:05:00 PM,53.35,53.35,35.25,38,389640
11/22/2018 1:04:00 PM,54.8,56.1,52.6,55.7,114460
11/22/2018 1:03:00 PM,59.25,63.3,56.15,56.15,70640
11/22/2018 1:02:00 PM,58.8,64.7,57.2,59.45,118760
11/22/2018 1:01:00 PM,55.65,60.75,55.05,60.75,132420
11/22/2018 1:00:00 PM,71.7,71.7,47.95,54.35,223400
11/22/2018 12:59:00 PM,66.15,73.1,62.9,71.7,84840
11/22/2018 12:58:00 PM,68.45,71.85,65.05,65.8,82660
11/22/2018 12:57:00 PM,70,72.6,66.4,66.45,50340
11/22/2018 12:56:00 PM,71.65,72.4,67.65,69.7,55460
11/22/2018 12:55:00 PM,73.3,74.7,68.45,72.15,59000
11/22/2018 12:54:00 PM,70.35,76.45,69.85,73.05,65200
11/22/2018 12:53:00 PM,76.5,78.35,68.6,70,66040
11/22/2018 12:52:00 PM,72.3,79.55,72.3,76.15,65040
11/22/2018 12:51:00 PM,71.4,76,67.4,72.4,80820
11/22/2018 12:50:00 PM,61.35,71,61.3,70.55,100780
11/22/2018 12:49:00 PM,87.5,87.95,61.3,62.2,199920
11/22/2018 12:48:00 PM,92.6,93,87.7,89.45,42500
11/22/2018 12:47:00 PM,94.4,97,93.25,93.7,35280
11/22/2018 12:46:00 PM,87.8,95.7,87.6,94,33340
11/22/2018 12:45:00 PM,91.6,93.15,88.05,88.8,53880
11/22/2018 12:44:00 PM,95,95.1,91.9,92.4,43960
11/22/2018 12:43:00 PM,98.95,99.75,94.05,95.35,36520
11/22/2018 12:42:00 PM,102,102.1,95.15,98.4,69440
11/22/2018 12:41:00 PM,103.9,104.6,101.1,101.15,44520
11/22/2018 12:40:00 PM,105.9,105.9,101,103.1,44220
11/22/2018 12:39:00 PM,110.9,111.15,106.45,106.55,30300
11/22/2018 12:38:00 PM,108,111.75,106.15,110.55,39440
11/22/2018 12:37:00 PM,113.65,113.7,105.55,107.3,60180
11/22/2018 12:36:00 PM,121.8,122.6,112.9,113.3,73780
11/22/2018 12:35:00 PM,118,122.75,115.85,122,111500
11/22/2018 12:34:00 PM,109.85,118.4,109.85,118.05,77440
11/22/2018 12:33:00 PM,103.25,110.15,103.25,109.3,41080
11/22/2018 12:32:00 PM,100.75,103.25,100.7,103.25,33060
11/22/2018 12:31:00 PM,104.7,104.7,100,100.45,43760
11/22/2018 12:30:00 PM,104.05,107.35,102.7,104.45,50620
11/22/2018 12:29:00 PM,107,108,102.55,104,31520
11/22/2018 12:28:00 PM,108.8,112.9,106.65,106.65,27440
11/22/2018 12:27:00 PM,111.15,114,108.4,108.6,51520
11/22/2018 12:26:00 PM,110,112,106.05,110.65,40120
11/22/2018 12:25:00 PM,104.15,110.35,104.05,109.5,40960
11/22/2018 12:24:00 PM,102.5,107.6,102.5,104.15,27500
11/22/2018 12:23:00 PM,106.65,108,102,102.5,38580
11/22/2018 12:22:00 PM,107.95,110.55,105.1,107.3,70300
11/22/2018 12:21:00 PM,104.55,116.2,103.3,111.1,118820
11/22/2018 12:20:00 PM,93.1,106.65,93.1,104.55,132660
11/22/2018 12:19:00 PM,90,93.75,89.05,93.35,42200
11/22/2018 12:18:00 PM,86.55,91,86,91,22420
11/22/2018 12:17:00 PM,83.7,87.35,82.95,86.55,21960
11/22/2018 12:16:00 PM,87.5,87.5,81.6,81.6,26640
11/22/2018 12:15:00 PM,89.85,91,86.05,87,22380
11/22/2018 12:14:00 PM,87.8,90,86.7,89.9,25480
11/22/2018 12:13:00 PM,83.8,87.6,83.15,87.4,29100
11/22/2018 12:12:00 PM,87.15,88.95,83.6,84.05,37420
11/22/2018 12:11:00 PM,92.25,92.25,86.45,86.45,54100
11/22/2018 12:10:00 PM,88.95,95.3,88.95,92.55,93720
11/22/2018 12:09:00 PM,85.75,88.7,82.8,88.3,32620
11/22/2018 12:08:00 PM,83.65,88.2,82.35,85.65,62840
11/22/2018 12:07:00 PM,77,82.35,75.55,82.35,45040
11/22/2018 12:06:00 PM,71.45,76.65,71.35,76.65,31000
11/22/2018 12:05:00 PM,76.15,76.15,66.1,71.65,104860
11/22/2018 12:04:00 PM,78.05,79.7,77.25,77.25,8440
11/22/2018 12:03:00 PM,80.3,81.2,76.6,78.7,13300
11/22/2018 12:02:00 PM,78,81.55,75.9,80.25,22480
11/22/2018 12:01:00 PM,78.6,80.5,77.7,78.1,24580
11/22/2018 12:00:00 PM,79.85,80.55,78.95,79.95,16760
11/22/2018 11:59:00 AM,77,78.9,75.15,78.55,11960
11/22/2018 11:58:00 AM,78,78.95,75.6,77,23840
11/22/2018 11:57:00 AM,75.9,77.45,74,77.45,37460
11/22/2018 11:56:00 AM,78.6,78.6,75,75.4,33480
11/22/2018 11:55:00 AM,83.25,83.25,77.35,78.15,17960
11/22/2018 11:54:00 AM,82.9,84.3,81.25,82.6,24880
11/22/2018 11:53:00 AM,79.35,83,79.35,83,19660
11/22/2018 11:52:00 AM,79.05,81.25,78.8,79.35,11720
11/22/2018 11:51:00 AM,81.5,82.65,78.5,79.85,30320
11/22/2018 11:50:00 AM,76.8,81.6,76.8,81,34340
11/22/2018 11:49:00 AM,78,79.2,76.45,77,27220
11/22/2018 11:48:00 AM,75.25,78.05,75.25,77.3,25660
11/22/2018 11:47:00 AM,75.3,77.95,73.95,76,46660
11/22/2018 11:46:00 AM,82.4,82.75,71.4,73.95,86080
11/22/2018 11:45:00 AM,85.75,85.75,81.1,81.7,40380
11/22/2018 11:44:00 AM,90,90.8,85.05,85.15,26620
11/22/2018 11:43:00 AM,93.65,94.25,90.25,90.7,20540
11/22/2018 11:42:00 AM,90.2,93.85,88.6,93.65,26880
11/22/2018 11:41:00 AM,88.95,91,88.3,90.2,14880
11/22/2018 11:40:00 AM,90.65,90.85,87.55,89.25,18560
11/22/2018 11:39:00 AM,90.45,91.1,88,90.8,27360
11/22/2018 11:38:00 AM,90.5,91.4,89.95,91,29100
11/22/2018 11:37:00 AM,92.5,92.95,90.55,90.9,26460
11/22/2018 11:36:00 AM,93.6,94.9,92,92.35,31460
11/22/2018 11:35:00 AM,90.55,94.25,89,92.85,43780
11/22/2018 11:34:00 AM,88.6,90.7,88,89.3,21720
11/22/2018 11:33:00 AM,89,90.95,87.7,88.1,52640
11/22/2018 11:32:00 AM,87.3,90,85.85,90,26860
11/22/2018 11:31:00 AM,85.4,88,84.3,87.45,33520
11/22/2018 11:30:00 AM,86.1,86.1,81,85.5,18740
11/22/2018 11:29:00 AM,85.7,87,84.05,85.85,28360
11/22/2018 11:28:00 AM,81.75,86.5,80.95,85.85,43540
11/22/2018 11:27:00 AM,78.45,82.5,76.75,81.65,24020
11/22/2018 11:26:00 AM,75.95,80.05,75.6,78.45,28380
11/22/2018 11:25:00 AM,76.9,78.95,74.4,75.6,31740
11/22/2018 11:24:00 AM,73.3,78.2,73.05,77.1,34880
11/22/2018 11:23:00 AM,78.75,78.75,72.55,73.25,65480
11/22/2018 11:22:00 AM,81.6,83.15,78.25,78.35,27480
11/22/2018 11:21:00 AM,82.5,85.6,81.15,84,13740
11/22/2018 11:20:00 AM,83.8,85.05,81.6,83.2,22660
11/22/2018 11:19:00 AM,84.8,86.65,83.35,83.8,28900
11/22/2018 11:18:00 AM,87.15,88.6,84.25,85.55,26500
11/22/2018 11:17:00 AM,87.5,90.4,87.05,87.05,39920
11/22/2018 11:16:00 AM,86.9,87.5,82.85,87.5,24060
11/22/2018 11:15:00 AM,85.9,87.8,84.75,87,27840
11/22/2018 11:14:00 AM,84.5,88.3,83.3,86.15,31220
11/22/2018 11:13:00 AM,82.5,85.95,82.5,84.15,33280
11/22/2018 11:12:00 AM,81.05,83.2,79.55,82.35,28340
11/22/2018 11:11:00 AM,76.6,81.15,75.9,80.95,31920
11/22/2018 11:10:00 AM,75.55,77.2,74,77,32080
11/22/2018 11:09:00 AM,80.3,80.4,75.6,75.6,18400
11/22/2018 11:08:00 AM,79.35,80.55,77.25,80.3,30340
11/22/2018 11:07:00 AM,79.1,81.5,79,79.85,42980
11/22/2018 11:06:00 AM,79,81.55,78.95,79.65,52580
11/22/2018 11:05:00 AM,75.75,79.65,75.15,79.65,39680
11/22/2018 11:04:00 AM,72.5,76.5,71.95,76,54820
11/22/2018 11:03:00 AM,72.55,74.25,71,72.5,62140
11/22/2018 11:02:00 AM,73.2,73.3,67.45,72,90000
11/22/2018 11:01:00 AM,74.85,75.05,70.05,73.75,105360
11/22/2018 11:00:00 AM,88.2,88.65,71.35,75,105340
11/22/2018 10:59:00 AM,95.95,96.4,88.6,89.25,24760
11/22/2018 10:58:00 AM,94.45,96.55,93.75,95.95,16020
11/22/2018 10:57:00 AM,95.6,96.9,94.1,94.55,12800
11/22/2018 10:56:00 AM,94.3,97.3,92.55,96.6,20640
11/22/2018 10:55:00 AM,96.55,97.75,93.2,93.85,22340
11/22/2018 10:54:00 AM,95,97.7,93.6,96.7,31080
11/22/2018 10:53:00 AM,88.25,95.45,87.65,95,31640
11/22/2018 10:52:00 AM,93.25,93.25,87.55,87.9,27640
11/22/2018 10:51:00 AM,91,93.35,88.3,93.35,32200
11/22/2018 10:50:00 AM,92.1,93,86,91.45,86800
11/22/2018 10:49:00 AM,96.5,96.95,90.15,92.5,58440
11/22/2018 10:48:00 AM,97.95,97.95,94.15,96.2,30040
11/22/2018 10:47:00 AM,98.8,98.8,91.8,97.15,61120
11/22/2018 10:46:00 AM,99.8,102.4,97.7,98.3,24680
11/22/2018 10:45:00 AM,102.25,104.2,97,99.8,36200
11/22/2018 10:44:00 AM,104.05,105.5,102,102.25,14580
11/22/2018 10:43:00 AM,100.5,105.7,100.25,104.05,20680
11/22/2018 10:42:00 AM,104.45,106.1,98.25,99.5,59480
11/22/2018 10:41:00 AM,108.45,108.45,105,105.05,29220
11/22/2018 10:40:00 AM,110.05,110.4,106.45,108.45,16200
11/22/2018 10:39:00 AM,110.6,111,106.75,109.95,21660
11/22/2018 10:38:00 AM,111.9,113.95,110.05,110.5,18580
11/22/2018 10:37:00 AM,113.05,115.3,111.95,111.95,13520
11/22/2018 10:36:00 AM,112.8,114.85,111.8,113.05,29680
11/22/2018 10:35:00 AM,111.85,114.9,111.05,113.7,23880
11/22/2018 10:34:00 AM,111.55,114.45,111,111.8,21160
11/22/2018 10:33:00 AM,110,111.9,109,111.5,10900
11/22/2018 10:32:00 AM,107.55,110.1,104.25,109.55,21060
11/22/2018 10:31:00 AM,111.6,111.6,105.7,107.8,18240
11/22/2018 10:30:00 AM,109.75,112.75,109.7,111.6,12000
11/22/2018 10:29:00 AM,111.25,114.55,108.7,108.7,17840
11/22/2018 10:28:00 AM,114.45,116.5,110.85,111.05,20840
11/22/2018 10:27:00 AM,112,116.3,112,114.45,26320
11/22/2018 10:26:00 AM,115.15,116.75,110.25,112.85,22600
11/22/2018 10:25:00 AM,116.1,116.1,113,115.85,16980
11/22/2018 10:24:00 AM,114.35,118.6,113.65,115.5,27700
11/22/2018 10:23:00 AM,114.45,116,112.7,114.1,25000
11/22/2018 10:22:00 AM,114.5,116.75,113.65,114.25,22900
11/22/2018 10:21:00 AM,112.95,114.55,110.7,114.3,17820
11/22/2018 10:20:00 AM,107,113,106.5,113,17320
11/22/2018 10:19:00 AM,108.75,108.75,105.25,107.7,10840
11/22/2018 10:18:00 AM,109.65,109.65,106.1,108.45,12040
11/22/2018 10:17:00 AM,109.05,110.8,108.75,108.9,12240
11/22/2018 10:16:00 AM,104.65,109.25,102.7,109.05,20780
11/22/2018 10:15:00 AM,105.3,105.75,102.4,104.1,20020
11/22/2018 10:14:00 AM,106,108.5,104,104.95,19320
11/22/2018 10:13:00 AM,103.8,108.35,103.8,106.7,21700
11/22/2018 10:12:00 AM,109.6,109.6,101.9,103.95,38100
11/22/2018 10:11:00 AM,113.1,113.65,108.95,109.5,19140
11/22/2018 10:10:00 AM,115.6,115.9,112,112.9,13300
11/22/2018 10:09:00 AM,113.35,115.35,112,115.35,16680
11/22/2018 10:08:00 AM,109,115,108.8,113.75,22800
11/22/2018 10:07:00 AM,109.9,110,106,109.9,24160
11/22/2018 10:06:00 AM,110.1,110.1,104.55,108.6,45920
11/22/2018 10:05:00 AM,114,114,109.5,110.15,26360
11/22/2018 10:04:00 AM,117.7,119,113.55,113.75,25040
11/22/2018 10:03:00 AM,118.85,120.45,117.5,117.85,20360
11/22/2018 10:02:00 AM,116.15,121,113.6,118.25,33940
11/22/2018 10:01:00 AM,115.15,118.45,114.9,115.7,26180
11/22/2018 10:00:00 AM,117.25,119.1,113.85,115.15,40240
11/22/2018 9:59:00 AM,120.1,120.8,117.85,117.85,28420
11/22/2018 9:58:00 AM,118.65,121.5,115.55,118.8,43200
11/22/2018 9:57:00 AM,118.1,123.55,118.1,118.25,39220
11/22/2018 9:56:00 AM,117.95,122,117,118.25,37320
11/22/2018 9:55:00 AM,122.55,124.5,118.05,118.05,80020
11/22/2018 9:54:00 AM,116.05,121.75,115,121.45,66380
11/22/2018 9:53:00 AM,109.05,115.6,107.5,115.6,51800
11/22/2018 9:52:00 AM,111.65,114.75,108.05,109.1,59600
11/22/2018 9:51:00 AM,105.1,114.15,104,111.8,92280
11/22/2018 9:50:00 AM,101.9,105.05,98.75,105.05,37720
11/22/2018 9:49:00 AM,102.7,104.3,101.35,102.15,27800
11/22/2018 9:48:00 AM,104.25,107.25,100.05,100.85,51280
11/22/2018 9:47:00 AM,103.6,106.05,101.15,103.4,68740
11/22/2018 9:46:00 AM,97.95,103.95,96.45,103.8,51240
11/22/2018 9:45:00 AM,93,97.95,91.35,97.5,39580
11/22/2018 9:44:00 AM,92.15,93.65,88.05,92.15,56860
11/22/2018 9:43:00 AM,94,96.85,91,93.35,49820
11/22/2018 9:42:00 AM,93.05,96.15,91.8,95.65,40840
11/22/2018 9:41:00 AM,97,97,90.55,94,59000
11/22/2018 9:40:00 AM,96.85,97.8,94.45,97.05,56600
11/22/2018 9:39:00 AM,104.15,104.5,96.6,96.6,38000
11/22/2018 9:38:00 AM,100.3,104.45,99.4,104.15,35840
11/22/2018 9:37:00 AM,99.2,102.5,97.65,100,58480
11/22/2018 9:36:00 AM,99.85,101.25,96.3,99.6,51260
11/22/2018 9:35:00 AM,104.75,104.75,99.4,99.75,60320
11/22/2018 9:34:00 AM,103.45,106,102.05,104,52340
11/22/2018 9:33:00 AM,102.3,104.05,100.4,103.8,48500
11/22/2018 9:32:00 AM,104.75,104.95,99.9,100.9,41440
11/22/2018 9:31:00 AM,101.6,107,99.8,105.25,76040
11/22/2018 9:30:00 AM,95.15,102,91.15,101.95,49380
11/22/2018 9:29:00 AM,97,98.8,93.2,94.5,54060
11/22/2018 9:28:00 AM,103,103,97,99.5,46260
11/22/2018 9:27:00 AM,98.35,103.5,97.6,103.5,55280
11/22/2018 9:26:00 AM,91.5,100,91.5,98.65,62240
11/22/2018 9:25:00 AM,88.8,93.5,87.75,92.5,68720
11/22/2018 9:24:00 AM,100.75,100.75,88.8,88.8,81420
11/22/2018 9:23:00 AM,97.55,101.6,96.4,100.55,60760
11/22/2018 9:22:00 AM,99.35,99.35,93.3,97.4,54300
11/22/2018 9:21:00 AM,102.85,104.3,94.7,99,55940
11/22/2018 9:20:00 AM,102.55,105.5,96.55,102.6,73880
11/22/2018 9:19:00 AM,102.15,111.65,102.15,103.05,63000
11/22/2018 9:18:00 AM,112.5,114.25,102.5,102.5,75900
11/22/2018 9:17:00 AM,122.2,122.2,108,108,79380
11/22/2018 9:16:00 AM,136.05,138.9,121.6,121.6,64580
11/22/2018 9:15:00 AM,120,141.1,113.55,135,74920
11/21/2018 3:29:00 PM,159.55,162,158.25,162,20680
11/21/2018 3:28:00 PM,164.75,165.4,157.5,158.9,20720
11/21/2018 3:27:00 PM,165.25,167.45,164.1,164.75,24820
11/21/2018 3:26:00 PM,164.5,165.7,163.8,165.05,17720
11/21/2018 3:25:00 PM,162.2,165.2,162.2,164.8,17160
11/21/2018 3:24:00 PM,160.4,162,160.05,162,13660
11/21/2018 3:23:00 PM,159.65,160.85,158.9,160,20500
11/21/2018 3:22:00 PM,157,160,157,160,21300
11/21/2018 3:21:00 PM,158.85,159.65,157.2,157.45,14620
11/21/2018 3:20:00 PM,149.95,159.75,149.95,159.25,30200
11/21/2018 3:19:00 PM,154.3,154.75,148.25,148.25,23200
11/21/2018 3:18:00 PM,155.55,158.6,154.2,155,15660
11/21/2018 3:17:00 PM,157.2,159.75,151.4,155.1,39160
11/21/2018 3:16:00 PM,157.9,163,157.05,157.75,21500
11/21/2018 3:15:00 PM,160.65,165.9,156,158.1,23940
11/21/2018 3:14:00 PM,157.35,163.1,154.75,162.15,23540
11/21/2018 3:13:00 PM,154,158.25,154,157.35,16900
11/21/2018 3:12:00 PM,155.25,158.35,155,155.05,14260
11/21/2018 3:11:00 PM,158.6,161.25,155.2,155.35,17300
11/21/2018 3:10:00 PM,160.1,167.35,158.75,159.7,23200
11/21/2018 3:09:00 PM,162.75,166,162.1,162.8,15660
11/21/2018 3:08:00 PM,156.6,164.6,154.05,162.9,18060
11/21/2018 3:07:00 PM,159.35,162.75,157,157,21060
11/21/2018 3:06:00 PM,148.55,159.65,148.5,159.6,26160
11/21/2018 3:05:00 PM,158.55,158.75,148.45,150,29940
11/21/2018 3:04:00 PM,165.45,165.45,152.65,158.55,35100
11/21/2018 3:03:00 PM,167.75,170.05,164.1,165.2,15020
11/21/2018 3:02:00 PM,173.3,175.25,166.55,167.25,11700
11/21/2018 3:01:00 PM,174.95,179.45,172.4,173.85,10020
11/21/2018 3:00:00 PM,177,177,163.05,172.6,14140
11/21/2018 2:59:00 PM,179.9,182.05,176.9,177.25,18600
11/21/2018 2:58:00 PM,177,184.55,175.9,179.85,15960
11/21/2018 2:57:00 PM,178,178.35,173.65,175.25,9560
11/21/2018 2:56:00 PM,173.25,179,172.3,178.65,10200
11/21/2018 2:55:00 PM,170.05,173.65,166,173.15,14820
11/21/2018 2:54:00 PM,175.05,175.05,161.75,170.25,42880
11/21/2018 2:53:00 PM,181,181.35,176.05,177.6,10960
11/21/2018 2:52:00 PM,187.85,189.3,181.4,181.5,10040
11/21/2018 2:51:00 PM,180.75,189.35,180.75,186.05,10820
11/21/2018 2:50:00 PM,175.05,183.85,174.7,180.75,17500
11/21/2018 2:49:00 PM,179.75,181.55,172.95,172.95,20540
11/21/2018 2:48:00 PM,183.75,184.35,178.2,179.3,12860
11/21/2018 2:47:00 PM,184.55,190.45,184,184.25,12800
11/21/2018 2:46:00 PM,186.55,190.4,181.25,185.1,21780
11/21/2018 2:45:00 PM,199.9,199.9,187.75,187.75,16640
11/21/2018 2:44:00 PM,193.1,199.85,193.1,199.15,7560
11/21/2018 2:43:00 PM,190.75,194,186.7,193.4,10820
11/21/2018 2:42:00 PM,193.3,193.3,187,190,18280
11/21/2018 2:41:00 PM,192.05,197.1,189,193.3,11880
11/21/2018 2:40:00 PM,195,199.85,190.05,191.1,17540
11/21/2018 2:39:00 PM,195.1,199,194.7,195,20440
11/21/2018 2:38:00 PM,197.1,202.95,195.85,196.55,9700
11/21/2018 2:37:00 PM,194,199.65,192.9,198.75,17780
11/21/2018 2:36:00 PM,202.45,203.95,194.05,194.95,25400
11/21/2018 2:35:00 PM,210.85,211.3,201.55,201.55,27160
11/21/2018 2:34:00 PM,203.15,214,201,210,28360
11/21/2018 2:33:00 PM,204.7,209.45,201.3,202.65,29700
11/21/2018 2:32:00 PM,208.55,209.05,201.95,204.4,35480
11/21/2018 2:31:00 PM,190.45,208,190.45,208,73480
11/21/2018 2:30:00 PM,185.3,190.75,185.1,190.55,18720
11/21/2018 2:29:00 PM,186.35,187.8,182.75,186.75,14900
11/21/2018 2:28:00 PM,186,189.6,184.25,186.65,22000
11/21/2018 2:27:00 PM,180,187.35,180,185.25,20960
11/21/2018 2:26:00 PM,176.95,180.15,175.3,180.15,8180
11/21/2018 2:25:00 PM,174.5,176.7,170.05,176.7,11860
11/21/2018 2:24:00 PM,175.1,178,171.1,173.3,8940
11/21/2018 2:23:00 PM,172.95,177.4,171.05,175.85,19960
11/21/2018 2:22:00 PM,179.05,180.2,171.05,172.6,21260
11/21/2018 2:21:00 PM,181,183.9,178.35,179.1,20460
11/21/2018 2:20:00 PM,188,188.75,181,181,12480
11/21/2018 2:19:00 PM,186.9,189.95,183.75,188.75,17960
11/21/2018 2:18:00 PM,186.3,194.55,186.3,187.2,42420
11/21/2018 2:17:00 PM,185.4,189,184.05,185.7,29100
11/21/2018 2:16:00 PM,179.6,185.9,177.1,185.05,23040
11/21/2018 2:15:00 PM,184.15,184.15,175.6,178.15,35380
11/21/2018 2:14:00 PM,181.85,187.05,181.45,183.55,17240
11/21/2018 2:13:00 PM,185,187.75,180.3,181.85,26900
11/21/2018 2:12:00 PM,183.85,186.35,180.4,184.9,15280
11/21/2018 2:11:00 PM,187.6,187.65,179.25,185,25200
11/21/2018 2:10:00 PM,185.7,188.2,183.4,188,46080
11/21/2018 2:09:00 PM,173,185.6,173,183.1,52600
11/21/2018 2:08:00 PM,171,175.3,169.95,173.25,17500
11/21/2018 2:07:00 PM,168.6,171.9,167,169.9,10300
11/21/2018 2:06:00 PM,163,169,161.8,168.85,18940
11/21/2018 2:05:00 PM,161.9,165.5,160.6,162.3,14900
11/21/2018 2:04:00 PM,160.2,161.8,155,161.8,20600
11/21/2018 2:03:00 PM,160.05,162,157.5,160.45,16660
11/21/2018 2:02:00 PM,166.65,170,160.15,160.55,23240
11/21/2018 2:01:00 PM,176.15,176.75,166.55,167.1,23960
11/21/2018 2:00:00 PM,174.05,178.9,173,176.3,32720
11/21/2018 1:59:00 PM,170.65,174,169.45,174,24020
11/21/2018 1:58:00 PM,169,171,164.7,170.35,13320
11/21/2018 1:57:00 PM,165,171.85,165,168.6,17360
11/21/2018 1:56:00 PM,165.45,167.3,162.5,165,26960
11/21/2018 1:55:00 PM,173.8,175.85,166.3,166.3,25240
11/21/2018 1:54:00 PM,170.6,176.3,169.85,174.35,23440
11/21/2018 1:53:00 PM,173.7,175.5,168,169.4,21400
11/21/2018 1:52:00 PM,172,176.25,171.85,173.9,28780
11/21/2018 1:51:00 PM,170,174.95,169.9,171.6,41040
11/21/2018 1:50:00 PM,167.8,169.95,164.15,169.75,20520
11/21/2018 1:49:00 PM,170.5,170.6,167,167.55,27420
11/21/2018 1:48:00 PM,176.1,183.65,168.6,169.45,57180
11/21/2018 1:47:00 PM,166.4,176,165.75,176,63820
11/21/2018 1:46:00 PM,166.7,170,162.35,165.7,49740
11/21/2018 1:45:00 PM,166.55,169.75,164.6,166.7,41960
11/21/2018 1:44:00 PM,151,168.4,151,167.15,63100
11/21/2018 1:43:00 PM,154.35,157.7,150.75,150.75,21980
11/21/2018 1:42:00 PM,151.25,155,146.95,154.35,29720
11/21/2018 1:41:00 PM,144.95,152.85,144.7,150.5,36780
11/21/2018 1:40:00 PM,134,145.8,134,145.6,39720
11/21/2018 1:39:00 PM,131.95,136.75,131.95,134,41780
11/21/2018 1:38:00 PM,123.75,133.6,123.05,132.5,38140
11/21/2018 1:37:00 PM,131,133.05,123.15,123.3,47880
11/21/2018 1:36:00 PM,134.7,136,125.8,131,58200
11/21/2018 1:35:00 PM,142.55,146,129.9,134,65120
11/21/2018 1:34:00 PM,151.75,153.95,142.05,142.05,14200
11/21/2018 1:33:00 PM,152.75,153.85,150.45,151.85,8360
11/21/2018 1:32:00 PM,154.3,154.9,152.5,152.75,12520
11/21/2018 1:31:00 PM,151.3,154.8,149.9,154.4,18480
11/21/2018 1:30:00 PM,152,152,148,151.2,22260
11/21/2018 1:29:00 PM,152.85,153.2,150.45,152,8340
11/21/2018 1:28:00 PM,154.55,154.55,150.55,152.55,6840
11/21/2018 1:27:00 PM,154.55,154.55,151.1,154.55,12840
11/21/2018 1:26:00 PM,155.75,156.8,153.5,155.25,10900
11/21/2018 1:25:00 PM,156,156.6,153.85,155.05,10920
11/21/2018 1:24:00 PM,153.45,159.2,153.05,155.15,36660
11/21/2018 1:23:00 PM,146,154.6,146,153.9,18640
11/21/2018 1:22:00 PM,145.55,148.55,144.15,146,15700
11/21/2018 1:21:00 PM,153,153.95,145.5,146.5,14540
11/21/2018 1:20:00 PM,149.85,153.65,148.05,152.7,17280
11/21/2018 1:19:00 PM,146.85,152.8,146.85,149.85,15940
11/21/2018 1:18:00 PM,141.55,146.85,141.55,146.85,25800
11/21/2018 1:17:00 PM,149.2,149.85,137.9,141.55,49780
11/21/2018 1:16:00 PM,154.15,154.9,149,149.55,22500
11/21/2018 1:15:00 PM,151.3,156.3,148.8,154.05,23260
11/21/2018 1:14:00 PM,154.75,155.65,150.4,150.6,23080
11/21/2018 1:13:00 PM,155.7,160,153.05,154.95,18620
11/21/2018 1:12:00 PM,163.25,163.25,156.3,156.3,19940
11/21/2018 1:11:00 PM,162.35,165.95,159.7,163.25,19480
11/21/2018 1:10:00 PM,166.05,167.55,161.15,162.3,22920
11/21/2018 1:09:00 PM,161.7,166.8,160.8,166.05,11220
11/21/2018 1:08:00 PM,167.45,167.85,160.15,162.45,11100
11/21/2018 1:07:00 PM,165,167.95,162,167.95,14380
11/21/2018 1:06:00 PM,166.55,168,163,164.95,14000
11/21/2018 1:05:00 PM,168.3,168.3,163.7,167.1,24140
11/21/2018 1:04:00 PM,162.8,169.5,162.8,168.3,33720
11/21/2018 1:03:00 PM,161.5,164,159.1,164,21220
11/21/2018 1:02:00 PM,157.4,162.7,156,161.9,19800
11/21/2018 1:01:00 PM,150.15,158,150.15,157.4,15060
11/21/2018 1:00:00 PM,149.95,150.55,147,150,19580
11/21/2018 12:59:00 PM,147,151.05,146.3,148.4,25840
11/21/2018 12:58:00 PM,147.55,147.55,141.5,147.25,48460
11/21/2018 12:57:00 PM,157.7,157.7,146,147.4,45760
11/21/2018 12:56:00 PM,162.5,163,156,158.8,21420
11/21/2018 12:55:00 PM,163.55,164,161.5,162.5,13400
11/21/2018 12:54:00 PM,163,164.4,161.25,162.85,12160
11/21/2018 12:53:00 PM,167.65,170,163.1,163.1,26780
11/21/2018 12:52:00 PM,165,169,163.1,168.35,35420
11/21/2018 12:51:00 PM,160,165.95,160,164.65,27460
11/21/2018 12:50:00 PM,155.6,161.6,154.75,160.95,23740
11/21/2018 12:49:00 PM,156.35,157.75,152.8,155.45,23400
11/21/2018 12:48:00 PM,155.05,158.4,152.25,156.85,26240
11/21/2018 12:47:00 PM,156.6,161,152.6,156.45,36840
11/21/2018 12:46:00 PM,162.6,163.65,157.15,158.85,33760
11/21/2018 12:45:00 PM,157.25,161.75,157.25,160.95,32240
11/21/2018 12:44:00 PM,151.75,157,151.65,156.55,18160
11/21/2018 12:43:00 PM,152,158,152,152.25,29940
11/21/2018 12:42:00 PM,152.65,155.05,150.15,151.55,30740
11/21/2018 12:41:00 PM,159.7,160.75,149.15,150.9,48400
11/21/2018 12:40:00 PM,158,160.8,156,158.9,38400
11/21/2018 12:39:00 PM,160,162.45,158.4,158.85,43840
11/21/2018 12:38:00 PM,164.15,166,160.25,160.25,29740
11/21/2018 12:37:00 PM,162.25,164.25,160,164.25,42500
11/21/2018 12:36:00 PM,162.55,164.85,160.5,162.6,39820
11/21/2018 12:35:00 PM,164.75,168.05,161.75,162.35,24560
11/21/2018 12:34:00 PM,166.25,167.45,160.45,164.25,55960
11/21/2018 12:33:00 PM,170,170.65,164.9,166.7,53260
11/21/2018 12:32:00 PM,172.65,174,170,170.3,43300
11/21/2018 12:31:00 PM,184.55,184.55,170,173,69780
11/21/2018 12:30:00 PM,174.9,185.6,173.4,184.3,92880
11/21/2018 12:29:00 PM,182.35,185.05,171.7,174.9,116460
11/21/2018 12:28:00 PM,162.05,180.4,162.05,180.4,128980
11/21/2018 12:27:00 PM,149,163.25,148.6,161.4,140800
11/21/2018 12:26:00 PM,144.5,150,144.25,149.7,61300
11/21/2018 12:25:00 PM,140.85,144.75,140.85,144.5,48640
11/21/2018 12:24:00 PM,138.55,142.1,136.65,140.95,47880
11/21/2018 12:23:00 PM,140.4,142.1,138.3,138.6,47240
11/21/2018 12:22:00 PM,144.25,144.3,140,140.95,56280
11/21/2018 12:21:00 PM,148.85,149,141.9,144.4,77540
11/21/2018 12:20:00 PM,141.4,152.35,141,148.55,161260
11/21/2018 12:19:00 PM,134.6,141.2,133.15,139.85,119980
11/21/2018 12:18:00 PM,132.9,137.95,132.9,133.95,82380
11/21/2018 12:17:00 PM,130.45,137.5,130.45,134.1,120740
11/21/2018 12:16:00 PM,117.6,130.5,117.25,130,194040
11/21/2018 12:15:00 PM,116.8,117.95,115,117.15,47000
11/21/2018 12:14:00 PM,116.6,118.7,116.1,117.15,64920
11/21/2018 12:13:00 PM,114.3,116.8,113.05,116.8,34800
11/21/2018 12:12:00 PM,112.45,114.9,111.45,114.7,35700
11/21/2018 12:11:00 PM,109.75,113.4,108.9,113.4,31940
11/21/2018 12:10:00 PM,106,109.75,106,109.75,17000
11/21/2018 12:09:00 PM,105.05,106.35,104,106.35,16820
11/21/2018 12:08:00 PM,107,108,105.05,106.35,11300
11/21/2018 12:07:00 PM,107.15,108.7,104.85,106.7,16880
11/21/2018 12:06:00 PM,102.65,107.2,101.95,107,42760
11/21/2018 12:05:00 PM,109.5,110.3,103.55,103.55,40760
11/21/2018 12:04:00 PM,109.05,112.2,109,109.2,26600
11/21/2018 12:03:00 PM,109,110,108.3,109.4,20660
11/21/2018 12:02:00 PM,110.65,111.25,109,109.9,21000
11/21/2018 12:01:00 PM,109.9,112.3,109,110.65,25100
11/21/2018 12:00:00 PM,107.45,111.4,107.35,109.9,31280
11/21/2018 11:59:00 AM,107,108.8,106.8,107.3,19360
11/21/2018 11:58:00 AM,109.05,109.5,107,107,20520
11/21/2018 11:57:00 AM,108.05,110.6,107.35,109.05,21360
11/21/2018 11:56:00 AM,109.25,110.1,106.9,107.85,37340
11/21/2018 11:55:00 AM,111.65,114.25,109.25,109.5,30920
11/21/2018 11:54:00 AM,112.6,112.95,109.15,111.55,37400
11/21/2018 11:53:00 AM,110.75,114.9,110.4,112.5,32320
11/21/2018 11:52:00 AM,114.05,114.05,110.9,111.2,47960
11/21/2018 11:51:00 AM,115.4,117.5,113.55,114.75,76520
11/21/2018 11:50:00 AM,113.5,116.75,111.05,114.95,67660
11/21/2018 11:49:00 AM,110,114,107.15,114,66420
11/21/2018 11:48:00 AM,106.9,110.35,105.5,109.6,49520
11/21/2018 11:47:00 AM,107.7,109.25,104.35,106.85,30620
11/21/2018 11:46:00 AM,107.1,108.75,105.2,107.5,34440
11/21/2018 11:45:00 AM,98.55,108.85,98.55,107.45,64420
11/21/2018 11:44:00 AM,100.2,101.85,97.9,98.05,21620
11/21/2018 11:43:00 AM,100.2,101,98.1,100.2,23540
11/21/2018 11:42:00 AM,97.75,100,96.8,100,14160
11/21/2018 11:41:00 AM,98.35,99,96.35,97.3,23300
11/21/2018 11:40:00 AM,102.7,103,98.15,98.35,30220
11/21/2018 11:39:00 AM,96.75,103.25,96.75,103.25,37860
11/21/2018 11:38:00 AM,98.6,101.05,96.85,96.85,38800
11/21/2018 11:37:00 AM,100.8,102.4,98.1,98.85,42180
11/21/2018 11:36:00 AM,99.4,103,99,101.25,59560
11/21/2018 11:35:00 AM,95.4,100.65,95.4,99.5,61440
11/21/2018 11:34:00 AM,94.1,96,94,96,37240
11/21/2018 11:33:00 AM,90.6,94.75,90.2,94.3,40540
11/21/2018 11:32:00 AM,90.3,90.6,88,90.6,18040
11/21/2018 11:31:00 AM,88.55,90.5,87.1,90,17620
11/21/2018 11:30:00 AM,86.55,89.1,86.4,88.55,21220
11/21/2018 11:29:00 AM,86.85,88.65,86.45,86.8,14440
11/21/2018 11:28:00 AM,89.75,90.4,86.15,86.15,20300
11/21/2018 11:27:00 AM,91.3,92.8,89,90,11200
11/21/2018 11:26:00 AM,90.55,91.85,89.25,91,13580
11/21/2018 11:25:00 AM,93.05,93.35,90,91.1,14300
11/21/2018 11:24:00 AM,92,94,92,93.05,13000
11/21/2018 11:23:00 AM,90.6,92.55,90.05,92,10400
11/21/2018 11:22:00 AM,89.95,92.35,89.15,90.55,16780
11/21/2018 11:21:00 AM,88.65,90.95,88.25,89.95,17040
11/21/2018 11:20:00 AM,89.15,90.7,88.15,88.85,17980
11/21/2018 11:19:00 AM,90.9,91.4,88.8,88.8,15760
11/21/2018 11:18:00 AM,90.2,93.25,89.65,90.9,17500
11/21/2018 11:17:00 AM,94,94,89.1,90.15,30060
11/21/2018 11:16:00 AM,89.6,95,88.95,94,39340
11/21/2018 11:15:00 AM,89.85,90.3,87.3,89.55,14600
11/21/2018 11:14:00 AM,89.75,90.6,89.45,89.85,9660
11/21/2018 11:13:00 AM,86,89.9,85.95,89.4,19200
11/21/2018 11:12:00 AM,87.45,89.2,86,86.45,27160
11/21/2018 11:11:00 AM,88.25,90.35,87.15,87.65,28520
11/21/2018 11:10:00 AM,85.9,90.8,84.65,87.65,44480
11/21/2018 11:09:00 AM,91.6,91.6,85.6,86.1,30820
11/21/2018 11:08:00 AM,88.5,90.5,87.15,90.4,14360
11/21/2018 11:07:00 AM,88.4,91.85,88.4,89.25,14940
11/21/2018 11:06:00 AM,88.7,90.6,87.85,87.85,18520
11/21/2018 11:05:00 AM,90.15,90.4,87.35,89.45,22180
11/21/2018 11:04:00 AM,93.4,94.75,90.2,90.85,20920
11/21/2018 11:03:00 AM,91.2,93.45,90,92.95,21100
11/21/2018 11:02:00 AM,89.25,92.45,89.1,91.2,27660
11/21/2018 11:01:00 AM,86.5,89.35,85.35,89,17120
11/21/2018 11:00:00 AM,88,88,83.55,86,33460
11/21/2018 10:59:00 AM,86.5,87.9,84.65,87.75,28500
11/21/2018 10:58:00 AM,90.35,90.5,85.2,86.4,40200
11/21/2018 10:57:00 AM,92.85,92.85,89.2,90.1,25760
11/21/2018 10:56:00 AM,93.25,93.7,91,93,24440
11/21/2018 10:55:00 AM,96.7,96.8,92.6,93.15,50420
11/21/2018 10:54:00 AM,89.95,99,89.85,97.15,62580
11/21/2018 10:53:00 AM,90.3,93.1,89.4,90.3,30620
11/21/2018 10:52:00 AM,91,91.1,88.85,90,21240
11/21/2018 10:51:00 AM,90.15,92.2,90.15,90.75,28960
11/21/2018 10:50:00 AM,89,90.85,88.85,90.6,23400
11/21/2018 10:49:00 AM,91,91.6,89,89.55,36140
11/21/2018 10:48:00 AM,90.05,91.9,89.95,91.4,38780
11/21/2018 10:47:00 AM,88.4,91,88.1,89.95,24220
11/21/2018 10:46:00 AM,87.05,88.7,86.8,88.7,21920
11/21/2018 10:45:00 AM,83.3,87,82.15,87,23180
11/21/2018 10:44:00 AM,85.3,86.5,82.4,83.2,27320
11/21/2018 10:43:00 AM,85.15,87.35,84.3,86.05,32660
11/21/2018 10:42:00 AM,82.2,85.3,81.4,85.15,35820
11/21/2018 10:41:00 AM,84,86,82.55,82.65,27920
11/21/2018 10:40:00 AM,85.5,85.55,83.05,84,23560
11/21/2018 10:39:00 AM,88.7,88.7,83.45,85,41020
11/21/2018 10:38:00 AM,91.4,91.85,87.9,89.8,29880
11/21/2018 10:37:00 AM,87,91.05,86,91.05,32160
11/21/2018 10:36:00 AM,85.8,88.5,85.25,86.9,26600
11/21/2018 10:35:00 AM,86.1,87.9,84,86,39700
11/21/2018 10:34:00 AM,87.25,89.1,85,88.5,36020
11/21/2018 10:33:00 AM,84.7,86.9,81.5,86.45,41500
11/21/2018 10:32:00 AM,81.6,85,81.6,84.7,38440
11/21/2018 10:31:00 AM,78.15,82,77.45,81,58500
11/21/2018 10:30:00 AM,81.1,82,76.1,79,61620
11/21/2018 10:29:00 AM,87.1,87.1,80,81.6,44480
11/21/2018 10:28:00 AM,84.95,87.75,84.5,87.15,36780
11/21/2018 10:27:00 AM,84.05,85.85,81.4,85.45,55540
11/21/2018 10:26:00 AM,81.1,83.55,76.8,83.55,101580
11/21/2018 10:25:00 AM,86.5,86.5,80.5,81.15,118560
11/21/2018 10:24:00 AM,91,92.4,86.45,86.45,50960
11/21/2018 10:23:00 AM,88.65,91.5,88,91.5,46520
11/21/2018 10:22:00 AM,88.75,90.45,87.95,88.9,65320
11/21/2018 10:21:00 AM,91.65,91.8,86.05,88.15,72680
11/21/2018 10:20:00 AM,92.2,93.65,87.05,92.05,72100
11/21/2018 10:19:00 AM,97,97,87.25,92.35,95700
11/21/2018 10:18:00 AM,100.6,102.2,95.05,97.4,61000
11/21/2018 10:17:00 AM,102,102.4,97.8,100.35,41940
11/21/2018 10:16:00 AM,103.75,107.6,101.75,101.95,36740
11/21/2018 10:15:00 AM,103,104.95,101.8,103.3,28120
11/21/2018 10:14:00 AM,101,103.7,99.4,102.95,33120
11/21/2018 10:13:00 AM,100.5,101.4,96.75,101.4,47640
11/21/2018 10:12:00 AM,98.2,99.9,95.9,99.9,61620
11/21/2018 10:11:00 AM,104.8,105.1,98.15,99.1,44880
11/21/2018 10:10:00 AM,102.95,104.65,100,104.2,43220
11/21/2018 10:09:00 AM,105.8,107.2,99.8,102.45,58820
11/21/2018 10:08:00 AM,105,109.95,104,105.7,35740
11/21/2018 10:07:00 AM,107.4,109,104.8,104.95,26420
11/21/2018 10:06:00 AM,113,113.3,108,108,20360
11/21/2018 10:05:00 AM,112.4,114.5,111.2,113,31300
11/21/2018 10:04:00 AM,112.2,113.9,110.2,112,24720
11/21/2018 10:03:00 AM,114,116.5,112.05,112.05,35340
11/21/2018 10:02:00 AM,110.3,116.2,110.3,114.75,48140
11/21/2018 10:01:00 AM,110.35,111,109.75,110.15,23140
11/21/2018 10:00:00 AM,108.75,111.7,108.65,110.35,26200
11/21/2018 9:59:00 AM,107.8,109.2,106.75,108.75,43180
11/21/2018 9:58:00 AM,105.9,108,102.3,108,45400
11/21/2018 9:57:00 AM,106.65,107.2,104.05,105.5,36340
11/21/2018 9:56:00 AM,109.6,109.95,105.9,106.75,26980
11/21/2018 9:55:00 AM,109.65,111.4,108.7,109.05,32400
11/21/2018 9:54:00 AM,114.7,114.7,108.85,109.6,33320
11/21/2018 9:53:00 AM,118.15,119.9,115.2,115.4,24300
11/21/2018 9:52:00 AM,113.45,119,113.45,118.95,39860
11/21/2018 9:51:00 AM,111.9,115.2,111.25,113.45,25120
11/21/2018 9:50:00 AM,113.65,114.5,111.1,112.05,17620
11/21/2018 9:49:00 AM,116.75,117.35,113.85,114.2,20300
11/21/2018 9:48:00 AM,116.75,117,114,117,29540
11/21/2018 9:47:00 AM,112.5,117.9,112.05,116.15,41840
11/21/2018 9:46:00 AM,107,111.9,106.6,111.6,34360
11/21/2018 9:45:00 AM,113.3,113.3,106.25,107.1,46660
11/21/2018 9:44:00 AM,110.1,114,110.1,113.45,37240
11/21/2018 9:43:00 AM,106.55,110.1,105,110.1,22100
11/21/2018 9:42:00 AM,105.75,108.15,105,106.55,27840
11/21/2018 9:41:00 AM,109.35,111,106.1,106.1,37160
11/21/2018 9:40:00 AM,103.9,108.45,100.7,108.45,40860
11/21/2018 9:39:00 AM,108,108.2,103.25,104.3,34580
11/21/2018 9:38:00 AM,110,110.1,107.15,107.75,25920
11/21/2018 9:37:00 AM,105.55,110,105,110,42360
11/21/2018 9:36:00 AM,103.7,106.25,102.6,105.75,48480
11/21/2018 9:35:00 AM,112.3,114.55,103.3,103.3,39640
11/21/2018 9:34:00 AM,109.9,112.1,108.5,112.05,38740
11/21/2018 9:33:00 AM,114.2,116.5,109.15,109.15,44040
11/21/2018 9:32:00 AM,114.25,117.5,113,114.5,34640
11/21/2018 9:31:00 AM,115.9,117.3,111.2,113.6,55820
11/21/2018 9:30:00 AM,123.25,123.25,114.75,116.25,52740
11/21/2018 9:29:00 AM,125.65,126.5,121.2,121.6,46140
11/21/2018 9:28:00 AM,123,126,119,123.5,49620
11/21/2018 9:27:00 AM,127.2,127.2,122.15,123.3,72420
11/21/2018 9:26:00 AM,134.8,135,127.95,127.95,72120
11/21/2018 9:25:00 AM,125.5,135.4,125.1,134.7,113160
11/21/2018 9:24:00 AM,121.5,124.85,119.15,124.85,59820
11/21/2018 9:23:00 AM,121.55,124.8,120,121,115140
11/21/2018 9:22:00 AM,115.3,123.1,114.95,121.85,95400
11/21/2018 9:21:00 AM,113.2,115,109.9,114.55,84340
11/21/2018 9:20:00 AM,114.45,115,108.5,112.75,68400
11/21/2018 9:19:00 AM,117.9,120.85,112.15,113.35,85340
11/21/2018 9:18:00 AM,108.4,119.4,108,117.55,92180
11/21/2018 9:17:00 AM,100.45,111.95,100.25,108.5,97380
11/21/2018 9:16:00 AM,102.15,102.3,96.1,100.7,95600
11/21/2018 9:15:00 AM,95,106.5,92.85,102,105560
11/20/2018 3:29:00 PM,110.45,110.45,102.05,102.05,46340
11/20/2018 3:28:00 PM,114.4,115.15,110,110.5,32460
11/20/2018 3:27:00 PM,117.8,118.4,113.5,114.65,32340
11/20/2018 3:26:00 PM,119.45,119.45,117,117.7,23560
11/20/2018 3:25:00 PM,117.25,119.6,116.85,119.45,29880
11/20/2018 3:24:00 PM,117.3,118.2,116.65,117.55,24740
11/20/2018 3:23:00 PM,121,121,116.45,117.45,32120
11/20/2018 3:22:00 PM,120.6,122.45,120.05,121,24100
11/20/2018 3:21:00 PM,121.85,122.5,118.6,120.75,33060
11/20/2018 3:20:00 PM,120.65,123,118.4,121.85,39180
11/20/2018 3:19:00 PM,119.95,120.95,118.3,120.35,25700
11/20/2018 3:18:00 PM,122.1,122.1,118.55,120.85,16600
11/20/2018 3:17:00 PM,117.7,121.75,117.7,121.1,26220
11/20/2018 3:16:00 PM,121.35,121.95,116,118.3,35520
11/20/2018 3:15:00 PM,121.1,122.45,119.95,121.2,29280
11/20/2018 3:14:00 PM,119.6,123.75,117.6,121.3,30460
11/20/2018 3:13:00 PM,124.35,127,120,120,25680
11/20/2018 3:12:00 PM,128,128.4,124.4,124.5,40120
11/20/2018 3:11:00 PM,127.8,131.25,125.85,127.5,38500
11/20/2018 3:10:00 PM,123.3,129,123.05,128.2,18840
11/20/2018 3:09:00 PM,125.75,126.4,122.15,123.1,33440
11/20/2018 3:08:00 PM,127,128,124.55,125.35,30100
11/20/2018 3:07:00 PM,125.4,127.9,124.25,126.85,28060
11/20/2018 3:06:00 PM,131,131,124.5,125.35,41160
11/20/2018 3:05:00 PM,126.6,131.7,124.1,130.7,75960
11/20/2018 3:04:00 PM,127.7,127.9,123,126.05,61800
11/20/2018 3:03:00 PM,119,127.1,118.95,127.1,78220
11/20/2018 3:02:00 PM,112.8,119.5,112.1,119.5,60740
11/20/2018 3:01:00 PM,108,112,106.1,112,41020
11/20/2018 3:00:00 PM,102.65,108.55,101,107.95,31260
11/20/2018 2:59:00 PM,103,103.55,100.65,102.65,23200
11/20/2018 2:58:00 PM,103.65,106.75,103.05,103.55,16500
11/20/2018 2:57:00 PM,105.15,107.9,103.35,103.4,22620
11/20/2018 2:56:00 PM,108.5,110.4,104.8,105.65,20880
11/20/2018 2:55:00 PM,106.95,111.9,106.9,108.2,15980
11/20/2018 2:54:00 PM,110.9,113.1,107.2,107.2,33380
11/20/2018 2:53:00 PM,111.05,113.4,110.6,111.1,20740
11/20/2018 2:52:00 PM,114.1,114.75,110.25,111.25,28580
11/20/2018 2:51:00 PM,114.4,117,110.35,114.45,32440
11/20/2018 2:50:00 PM,110.45,114.35,109.3,114.35,13720
11/20/2018 2:49:00 PM,112.2,113.95,109.3,110.95,16840
11/20/2018 2:48:00 PM,109.35,114.55,108.8,112.65,38140
11/20/2018 2:47:00 PM,106.3,110.65,105.3,108.65,45300
11/20/2018 2:46:00 PM,100.6,107,98.6,106.3,32900
11/20/2018 2:45:00 PM,101.25,102.5,100.55,101.75,23380
11/20/2018 2:44:00 PM,101.5,104,100.95,102.05,37040
11/20/2018 2:43:00 PM,99.25,104.3,98,101.6,28800
11/20/2018 2:42:00 PM,101.55,102.7,96.8,99,35740
11/20/2018 2:41:00 PM,99.3,102.25,98.45,101.55,18980
11/20/2018 2:40:00 PM,102.35,103.4,100,100,29860
11/20/2018 2:39:00 PM,102.55,103.4,100.45,102.9,34140
11/20/2018 2:38:00 PM,105.95,105.95,102.9,102.9,22200
11/20/2018 2:37:00 PM,107.9,108.6,104.6,105.45,13160
11/20/2018 2:36:00 PM,105.6,110.75,105.6,108.55,46160
11/20/2018 2:35:00 PM,105.85,108.05,104.3,105.05,32300
11/20/2018 2:34:00 PM,101.5,105.9,100.1,105.5,41760
11/20/2018 2:33:00 PM,97.35,101.8,96.05,101.05,34300
11/20/2018 2:32:00 PM,101.5,102.65,97,98.35,40520
11/20/2018 2:31:00 PM,100.95,101.95,98.95,101.45,32380
11/20/2018 2:30:00 PM,97.25,101.25,96.75,100.85,63140
11/20/2018 2:29:00 PM,103.35,103.75,98.3,98.8,31460
11/20/2018 2:28:00 PM,100.7,104.15,100,102.8,35620
11/20/2018 2:27:00 PM,105.9,105.9,99.35,100.5,64400
11/20/2018 2:26:00 PM,109.2,111.8,104.5,105.65,26120
11/20/2018 2:25:00 PM,112.05,112.05,109.1,109.2,14200
11/20/2018 2:24:00 PM,114.3,114.3,111.5,112.65,26000
11/20/2018 2:23:00 PM,109.5,114.45,109.35,114.3,32660
11/20/2018 2:22:00 PM,109.95,110.5,106,109.65,29600
11/20/2018 2:21:00 PM,110.75,111.95,108,110,38720
11/20/2018 2:20:00 PM,115.35,116.05,108.15,110.3,51760
11/20/2018 2:19:00 PM,117.5,119,115.15,116.7,23880
11/20/2018 2:18:00 PM,113.9,118,113.55,117.1,20940
11/20/2018 2:17:00 PM,119,119.8,113.85,113.9,12760
11/20/2018 2:16:00 PM,118,120.8,117.4,119,14240
11/20/2018 2:15:00 PM,121.45,121.6,117.85,118,16840
11/20/2018 2:14:00 PM,119.25,122.2,118.55,121.75,21420
11/20/2018 2:13:00 PM,119.05,119.55,116.1,119,18280
11/20/2018 2:12:00 PM,116.95,121.45,116.75,118.65,22360
11/20/2018 2:11:00 PM,116.8,118.4,113.75,116.95,26700
11/20/2018 2:10:00 PM,115.95,116.55,111.9,116.55,50320
11/20/2018 2:09:00 PM,119.85,119.85,115.45,115.45,17500
11/20/2018 2:08:00 PM,118.3,121.4,114.4,119.3,30400
11/20/2018 2:07:00 PM,122.55,123.15,118.1,119,22920
11/20/2018 2:06:00 PM,119.5,123.2,118.45,122.55,27100
11/20/2018 2:05:00 PM,123.2,124.25,117,119.5,79480
11/20/2018 2:04:00 PM,128.9,128.9,123.2,123.2,34880
11/20/2018 2:03:00 PM,135,135.6,128,128,13720
11/20/2018 2:02:00 PM,132.45,136.35,131.75,134.75,16660
11/20/2018 2:01:00 PM,130.55,133.65,128.25,132.45,15900
11/20/2018 2:00:00 PM,128.75,131.15,127.55,130.55,16480
11/20/2018 1:59:00 PM,130.55,131.75,126.2,128.75,19400
11/20/2018 1:58:00 PM,131.75,132.65,130,130.55,8320
11/20/2018 1:57:00 PM,135,135.3,131.75,131.75,8700
11/20/2018 1:56:00 PM,133.3,135.6,130.8,132.25,10440
11/20/2018 1:55:00 PM,136.4,137.15,131.45,132.65,13040
11/20/2018 1:54:00 PM,136.95,137.4,134.95,136.8,12040
11/20/2018 1:53:00 PM,130.9,138.8,130.9,137.05,22380
11/20/2018 1:52:00 PM,132.65,132.65,128.75,130.8,14700
11/20/2018 1:51:00 PM,133.9,135.15,130.1,132.65,15220
11/20/2018 1:50:00 PM,133.8,134,130,134,17480
11/20/2018 1:49:00 PM,131.2,134.55,130.9,133.8,25860
11/20/2018 1:48:00 PM,126.65,132.55,126.4,132,27260
11/20/2018 1:47:00 PM,123.1,127,120.6,126.1,26440
11/20/2018 1:46:00 PM,125.7,126,122.1,123.15,18420
11/20/2018 1:45:00 PM,129.85,132.15,125.4,125.4,18080
11/20/2018 1:44:00 PM,126.75,129.85,124.2,129.8,26340
11/20/2018 1:43:00 PM,127.8,129,126.15,126.3,14700
11/20/2018 1:42:00 PM,126.15,128.2,124.8,128.2,17280
11/20/2018 1:41:00 PM,123.9,127.3,122,126.35,36140
11/20/2018 1:40:00 PM,123.2,125.45,121,124.05,51580
11/20/2018 1:39:00 PM,129.3,129.3,121.85,124.1,43800
11/20/2018 1:38:00 PM,126.1,130,125.3,129.8,31380
11/20/2018 1:37:00 PM,122.05,127.6,122.05,125.55,45580
11/20/2018 1:36:00 PM,131,131.65,120.9,122.55,85460
11/20/2018 1:35:00 PM,143.05,145.1,128.3,131.95,66020
11/20/2018 1:34:00 PM,148.05,149.5,141.25,141.25,12500
11/20/2018 1:33:00 PM,144.05,151.05,143.8,149.4,22780
11/20/2018 1:32:00 PM,152.75,152.85,142.15,143.9,34460
11/20/2018 1:31:00 PM,155,156.15,151.05,152.5,7020
11/20/2018 1:30:00 PM,153.2,158.9,152.65,155,4200
11/20/2018 1:29:00 PM,154,155.9,151.1,153.4,9380
11/20/2018 1:28:00 PM,158.1,159.15,154,154,5300
11/20/2018 1:27:00 PM,157.7,158.25,156.45,158.1,3300
11/20/2018 1:26:00 PM,158.3,159.15,156.9,158.25,2960
11/20/2018 1:25:00 PM,161,161.95,156.45,158,6780
11/20/2018 1:24:00 PM,157.4,161.5,157.4,161.35,1980
11/20/2018 1:23:00 PM,161.05,161.05,156.35,157.4,5020
11/20/2018 1:22:00 PM,158.65,161.95,158.65,161.55,3720
11/20/2018 1:21:00 PM,159.25,160.3,156.85,158.65,5800
11/20/2018 1:20:00 PM,160.65,161,157,159.25,7640
11/20/2018 1:19:00 PM,162.8,163.7,156.75,160.2,13360
11/20/2018 1:18:00 PM,158.55,162.45,157.95,162.45,12120
11/20/2018 1:17:00 PM,155.55,159.85,155.35,158.55,4780
11/20/2018 1:16:00 PM,156.75,158.9,155.55,155.55,6260
11/20/2018 1:15:00 PM,156,158,154,156.7,9020
11/20/2018 1:14:00 PM,156.8,157.7,152.65,155,7900
11/20/2018 1:13:00 PM,155,157.25,153.75,156.8,9640
11/20/2018 1:12:00 PM,151.85,155.4,149.65,155,12320
11/20/2018 1:11:00 PM,152.95,152.95,147.45,151.5,15180
11/20/2018 1:10:00 PM,157.8,158.7,150.1,152.95,16000
11/20/2018 1:09:00 PM,159.85,159.85,156.2,157.8,3540
11/20/2018 1:08:00 PM,158.35,160.9,155.7,159.9,7160
11/20/2018 1:07:00 PM,155.7,158.95,154,158.95,2980
11/20/2018 1:06:00 PM,156,157.95,153,155.7,10740
11/20/2018 1:05:00 PM,156.4,157.4,153.05,156,7220
11/20/2018 1:04:00 PM,158.6,159.3,154.45,156.4,6980
11/20/2018 1:03:00 PM,161.1,161.1,158.5,158.6,12840
11/20/2018 1:02:00 PM,157.5,163.9,157.5,160.8,11780
11/20/2018 1:01:00 PM,159.95,161,156.55,158.5,11960
11/20/2018 1:00:00 PM,155,161.1,154,159.95,7240
11/20/2018 12:59:00 PM,158.6,159.2,155,155,7080
11/20/2018 12:58:00 PM,157.2,161.7,156.45,158.55,7380
11/20/2018 12:57:00 PM,155.45,157.2,153.15,157.2,4060
11/20/2018 12:56:00 PM,158.65,158.65,155.05,155.45,7900
11/20/2018 12:55:00 PM,155.8,159.95,153,158.65,11940
11/20/2018 12:54:00 PM,153.85,157.55,151.4,155.8,5100
11/20/2018 12:53:00 PM,154,156.2,152.65,154.75,9220
11/20/2018 12:52:00 PM,148.8,153.85,146,153.85,31360
11/20/2018 12:51:00 PM,157.2,157.2,149,149,27600
11/20/2018 12:50:00 PM,160.1,160.7,156.05,156.05,11980
11/20/2018 12:49:00 PM,161.35,162.05,159.35,160.1,9380
11/20/2018 12:48:00 PM,158.55,162.3,158.05,160.95,11140
11/20/2018 12:47:00 PM,159.4,160.95,156.65,158,10000
11/20/2018 12:46:00 PM,159.15,161,156.55,159.4,12940
11/20/2018 12:45:00 PM,163.2,164,156.35,159.15,26740
11/20/2018 12:44:00 PM,167.6,167.85,162,162.65,15720
11/20/2018 12:43:00 PM,170.3,172.5,166.55,167.6,6860
11/20/2018 12:42:00 PM,170.35,173.3,170.35,170.55,4220
11/20/2018 12:41:00 PM,174.6,174.6,170,170.35,5840
11/20/2018 12:40:00 PM,176.65,177.85,173,174.6,9180
11/20/2018 12:39:00 PM,178.35,178.8,176,176.65,3620
11/20/2018 12:38:00 PM,175.3,177.9,175,177.6,7540
11/20/2018 12:37:00 PM,173.65,177.7,171.55,175.4,8280
11/20/2018 12:36:00 PM,170.45,174,170,172.5,6000
11/20/2018 12:35:00 PM,168.95,171,168.35,170.45,4560
11/20/2018 12:34:00 PM,175.65,175.65,167.5,168.95,18140
11/20/2018 12:33:00 PM,177.2,180,175.7,175.7,5000
11/20/2018 12:32:00 PM,180.25,181.35,176,177.2,6580
11/20/2018 12:31:00 PM,177,181,177,180.25,6600
11/20/2018 12:30:00 PM,176.75,180,175.7,175.85,4780
11/20/2018 12:29:00 PM,179.95,181,175,175.3,10460
11/20/2018 12:28:00 PM,182.35,182.35,178.25,180,8480
11/20/2018 12:27:00 PM,181.85,184.05,181,182.35,4960
11/20/2018 12:26:00 PM,184.35,186.15,179.65,182.5,11520
11/20/2018 12:25:00 PM,180.9,185.85,180.5,184.35,14700
11/20/2018 12:24:00 PM,185.2,187.35,180.05,181.45,17300
11/20/2018 12:23:00 PM,182.35,188.35,181.3,185.55,37440
11/20/2018 12:22:00 PM,172.65,180.05,172.65,180.05,24160
11/20/2018 12:21:00 PM,172.45,172.95,171,171.9,8020
11/20/2018 12:20:00 PM,168.45,176,168.45,172.85,11800
11/20/2018 12:19:00 PM,170.05,170.05,162.65,168.85,13240
11/20/2018 12:18:00 PM,171.15,173.2,171,171.4,4840
11/20/2018 12:17:00 PM,170,171.15,169.05,171.15,2460
11/20/2018 12:16:00 PM,170.05,171,169.5,170,2360
11/20/2018 12:15:00 PM,170.25,171.85,167,170.05,4760
11/20/2018 12:14:00 PM,171,172.8,170.25,170.25,5620
11/20/2018 12:13:00 PM,171.7,173.3,170.95,171,6400
11/20/2018 12:12:00 PM,170.3,172.45,167.8,171.7,3280
11/20/2018 12:11:00 PM,171.95,172.5,170.15,170.3,5260
11/20/2018 12:10:00 PM,166.9,172.75,166.75,171.95,8040
11/20/2018 12:09:00 PM,168,169,167.25,167.25,3880
11/20/2018 12:08:00 PM,167.95,170,166.9,168,11240
11/20/2018 12:07:00 PM,172,173.8,167.05,167.05,10280
11/20/2018 12:06:00 PM,174.65,174.85,171.8,172.65,3880
11/20/2018 12:05:00 PM,173.3,174.6,172,174,4940
11/20/2018 12:04:00 PM,171.75,176,171.75,173.3,8480
11/20/2018 12:03:00 PM,174.2,175,171.3,171.75,5680
11/20/2018 12:02:00 PM,173,174.8,173,174.2,3520
11/20/2018 12:01:00 PM,172.55,173.75,170.05,173,9020
11/20/2018 12:00:00 PM,173.35,173.35,170.15,172.55,10980
11/20/2018 11:59:00 AM,175.85,176.45,174.15,174.15,9100
11/20/2018 11:58:00 AM,176.15,176.45,171.5,175.85,18800
11/20/2018 11:57:00 AM,173.95,177,173.8,176,12840
11/20/2018 11:56:00 AM,170.95,177,170.2,173.65,18480
11/20/2018 11:55:00 AM,176.45,176.45,170,171.8,28480
11/20/2018 11:54:00 AM,171.05,178.85,171.05,176,33120
11/20/2018 11:53:00 AM,167.2,171.4,167,171,13500
11/20/2018 11:52:00 AM,165.5,170.2,165.35,167.05,17740
11/20/2018 11:51:00 AM,160,166.2,160,165.5,6400
11/20/2018 11:50:00 AM,161.6,163.5,159.05,159.05,4700
11/20/2018 11:49:00 AM,166.7,166.8,161.35,161.35,4820
11/20/2018 11:48:00 AM,165.65,166.55,164.85,166.15,11880
11/20/2018 11:47:00 AM,163,166,162.95,165.65,9520
11/20/2018 11:46:00 AM,161.65,163,161.45,162.6,4760
11/20/2018 11:45:00 AM,158.85,162.35,158.85,161.65,8700
11/20/2018 11:44:00 AM,158,158.7,156.8,158.7,4120
11/20/2018 11:43:00 AM,158,159,155.2,158.05,12820
11/20/2018 11:42:00 AM,160.25,160.25,157,158,2420
11/20/2018 11:41:00 AM,160.55,160.6,157.6,160.25,7160
11/20/2018 11:40:00 AM,162.95,162.95,158.6,160.2,6680
11/20/2018 11:39:00 AM,162,162.95,160.15,162.95,10320
11/20/2018 11:38:00 AM,160.85,163,160.85,162,5820
11/20/2018 11:37:00 AM,158.95,161,158.35,160.3,4440
11/20/2018 11:36:00 AM,158.15,160,157.95,158.95,5460
11/20/2018 11:35:00 AM,155.75,159.8,155.15,158.15,4320
11/20/2018 11:34:00 AM,156.85,158.15,155.3,155.75,5700
11/20/2018 11:33:00 AM,155.3,157.45,154.25,156.85,10440
11/20/2018 11:32:00 AM,160.7,162,156.1,156.4,10820
11/20/2018 11:31:00 AM,164.5,164.95,160.7,160.7,6020
11/20/2018 11:30:00 AM,163.75,164.5,161.6,164.35,8040
11/20/2018 11:29:00 AM,162.2,164.95,161.7,163.75,6240
11/20/2018 11:28:00 AM,163.55,163.8,161.35,162,3900
11/20/2018 11:27:00 AM,163,164,161.2,164,7420
11/20/2018 11:26:00 AM,161.05,164.2,160.75,163.05,8240
11/20/2018 11:25:00 AM,157.8,161.95,157.8,161.05,7680
11/20/2018 11:24:00 AM,158.85,159,156.75,157.8,4940
11/20/2018 11:23:00 AM,157.7,160,157.45,158.45,11640
11/20/2018 11:22:00 AM,156.55,158.2,155.6,158,7120
11/20/2018 11:21:00 AM,154.55,157.75,153.65,156.9,10840
11/20/2018 11:20:00 AM,154.05,155.2,152.35,154.55,8540
11/20/2018 11:19:00 AM,152.9,155.2,149.6,154.75,10340
11/20/2018 11:18:00 AM,154.15,155.35,152.7,152.9,7580
11/20/2018 11:17:00 AM,152.4,154.75,151.05,154.75,17200
11/20/2018 11:16:00 AM,150.8,152.85,147.55,152.4,23320
11/20/2018 11:15:00 AM,152.95,153.8,150,150.35,18580
11/20/2018 11:14:00 AM,156.8,157,152.75,153.75,13700
11/20/2018 11:13:00 AM,155.35,157,154.65,156.8,10560
11/20/2018 11:12:00 AM,153.85,156,152.7,156,10740
11/20/2018 11:11:00 AM,152,154.35,151.5,153.25,16780
11/20/2018 11:10:00 AM,149.75,153.45,149,152,24700
11/20/2018 11:09:00 AM,165.55,165.55,149.15,149.15,61680
11/20/2018 11:08:00 AM,164.7,167.95,164,165.95,7820
11/20/2018 11:07:00 AM,166,168,164,164.6,5600
11/20/2018 11:06:00 AM,164.05,168.45,164,166,5860
11/20/2018 11:05:00 AM,165.2,168.35,164,164.05,7160
11/20/2018 11:04:00 AM,168.3,168.6,165,165.2,8340
11/20/2018 11:03:00 AM,169.55,171.05,168,168.15,9360
11/20/2018 11:02:00 AM,167.4,170,166.8,169.55,4580
11/20/2018 11:01:00 AM,168.6,168.6,165.7,167.65,10740
11/20/2018 11:00:00 AM,170.3,170.35,168.05,168.05,2960
11/20/2018 10:59:00 AM,171.5,173,170,170.3,4420
11/20/2018 10:58:00 AM,169.95,171.5,167.9,171.5,1900
11/20/2018 10:57:00 AM,172.7,173,168,169.95,7500
11/20/2018 10:56:00 AM,171.7,173.3,170.45,171.35,13420
11/20/2018 10:55:00 AM,172.2,173.6,170.25,171.95,7600
11/20/2018 10:54:00 AM,168.1,172.45,166,172.2,7380
11/20/2018 10:53:00 AM,165.6,168.85,165.6,167.45,4040
11/20/2018 10:52:00 AM,166.25,167.1,164,166.1,8960
11/20/2018 10:51:00 AM,171.25,171.25,166.65,167,7600
11/20/2018 10:50:00 AM,172.1,172.1,169.35,170.3,5740
11/20/2018 10:49:00 AM,171.25,172.55,170.3,172.25,5440
11/20/2018 10:48:00 AM,172.5,172.5,168.7,171.6,4860
11/20/2018 10:47:00 AM,172,172.4,168.25,171.35,6240
11/20/2018 10:46:00 AM,172.6,173.4,168.05,171.45,12100
11/20/2018 10:45:00 AM,172.1,175.15,171.15,172.8,10180
11/20/2018 10:44:00 AM,174.95,175.75,171.1,172.1,9300
11/20/2018 10:43:00 AM,173.5,175,171.95,175,15020
11/20/2018 10:42:00 AM,171.9,175,171.15,173.5,12780
11/20/2018 10:41:00 AM,170,171.65,168,171.35,8400
11/20/2018 10:40:00 AM,167.8,170.7,167.65,170.1,6080
11/20/2018 10:39:00 AM,170,170,165.65,167.75,6140
11/20/2018 10:38:00 AM,169.35,170.5,166.55,170,13460
11/20/2018 10:37:00 AM,166.5,169.45,166.15,169.3,7080
11/20/2018 10:36:00 AM,165.1,169.6,164.15,166.5,8560
11/20/2018 10:35:00 AM,163.5,165.6,160.5,165,22460
11/20/2018 10:34:00 AM,163.9,168.35,162.9,163.45,15480
11/20/2018 10:33:00 AM,167.2,168.9,163.65,163.65,16040
11/20/2018 10:32:00 AM,171.75,173.15,165.6,167.45,8860
11/20/2018 10:31:00 AM,168.35,171.7,168.35,171.5,8900
11/20/2018 10:30:00 AM,167.75,168.7,163.4,168.25,14240
11/20/2018 10:29:00 AM,170.05,171,166,166.65,8020
11/20/2018 10:28:00 AM,166.35,171.95,166.35,170,17960
11/20/2018 10:27:00 AM,173.55,174.05,165.7,166.6,12260
11/20/2018 10:26:00 AM,175.2,176.55,170.15,171.6,4100
11/20/2018 10:25:00 AM,172.5,176.35,172.45,174.95,8360
11/20/2018 10:24:00 AM,169.4,173.15,166.1,172.45,11260
11/20/2018 10:23:00 AM,176.65,177,168.75,169.1,14360
11/20/2018 10:22:00 AM,176,178.3,175.55,176.65,6900
11/20/2018 10:21:00 AM,173.55,177.3,173.5,176,6320
11/20/2018 10:20:00 AM,175,175,171.3,173.55,10100
11/20/2018 10:19:00 AM,173.6,177.75,173.45,175.4,20020
11/20/2018 10:18:00 AM,178.25,179.45,174,174.4,6000
11/20/2018 10:17:00 AM,180,183.25,177.45,178.4,5820
11/20/2018 10:16:00 AM,181,186,179.55,180.05,16900
11/20/2018 10:15:00 AM,177.3,181,177.3,180.25,11280
11/20/2018 10:14:00 AM,175.2,178.6,173.05,177.3,5440
11/20/2018 10:13:00 AM,173.75,177.95,173.75,175.05,5680
11/20/2018 10:12:00 AM,179.4,179.45,173,174,6840
11/20/2018 10:11:00 AM,176.85,181,176.8,179.95,10980
11/20/2018 10:10:00 AM,174.1,177.65,172.95,176.85,14000
11/20/2018 10:09:00 AM,174.5,175.3,170.45,174.1,11960
11/20/2018 10:08:00 AM,174.7,175.25,170.65,175.25,13980
11/20/2018 10:07:00 AM,179.95,179.95,174,174,18480
11/20/2018 10:06:00 AM,181.2,181.3,177.6,179.2,11000
11/20/2018 10:05:00 AM,186.05,186.95,180.35,180.85,7220
11/20/2018 10:04:00 AM,184.85,189.2,184.85,186.05,4980
11/20/2018 10:03:00 AM,187.95,189,184.45,184.85,5880
11/20/2018 10:02:00 AM,189.2,191,186.65,187.95,7080
11/20/2018 10:01:00 AM,184.3,190,183.85,189.2,12360
11/20/2018 10:00:00 AM,184.75,187.25,183,184.3,6420
11/20/2018 9:59:00 AM,189.75,190,183.35,183.35,10640
11/20/2018 9:58:00 AM,193.25,194,189.8,189.8,12160
11/20/2018 9:57:00 AM,192.35,193.95,190,193.4,10400
11/20/2018 9:56:00 AM,191.25,194.85,191.15,192.35,12780
11/20/2018 9:55:00 AM,186.2,192.1,185.5,190.95,12900
11/20/2018 9:54:00 AM,189,191.35,183.15,186.2,20100
11/20/2018 9:53:00 AM,195.1,195.85,189,189.75,8020
11/20/2018 9:52:00 AM,194,195.85,192.75,195,10880
11/20/2018 9:51:00 AM,192.4,194.3,190.7,193.05,14060
11/20/2018 9:50:00 AM,196.35,197.55,192.35,193.25,14720
11/20/2018 9:49:00 AM,191.05,199.75,191.05,197.15,31120
11/20/2018 9:48:00 AM,181.85,192.5,181.85,191.05,31500
11/20/2018 9:47:00 AM,177.5,182.5,175.8,182.5,12460
11/20/2018 9:46:00 AM,179.5,181.05,178,178,9060
11/20/2018 9:45:00 AM,183,183.4,179.15,180,14700
11/20/2018 9:44:00 AM,181.8,183.4,179.95,182.25,12040
11/20/2018 9:43:00 AM,181.65,187.75,180,181.8,18140
11/20/2018 9:42:00 AM,184.15,185.55,182,182,31360
11/20/2018 9:41:00 AM,177.8,184.7,176.9,183.5,17620
11/20/2018 9:40:00 AM,178.55,179.8,174.55,177.3,18020
11/20/2018 9:39:00 AM,170.3,178.35,170,178.2,21380
11/20/2018 9:38:00 AM,165.05,170.55,165,170,12160
11/20/2018 9:37:00 AM,166.1,167.15,164.7,165.25,11420
11/20/2018 9:36:00 AM,167,167.9,165,166.1,13320
11/20/2018 9:35:00 AM,167.5,170.3,167,167,15880
11/20/2018 9:34:00 AM,167.05,168.95,165.5,167.5,15460
11/20/2018 9:33:00 AM,165.1,167.7,164.2,167.05,17720
11/20/2018 9:32:00 AM,164.95,169,164.95,165,24700
11/20/2018 9:31:00 AM,160.15,165.2,159.3,164.95,24760
11/20/2018 9:30:00 AM,164.95,165.7,155.15,159.4,64440
11/20/2018 9:29:00 AM,176,177.1,164.45,165.05,62500
11/20/2018 9:28:00 AM,180.95,183,177.35,178,26240
11/20/2018 9:27:00 AM,184.1,184.9,177.2,180.3,29460
11/20/2018 9:26:00 AM,189.2,189.55,183.4,184.8,19200
11/20/2018 9:25:00 AM,190.85,196.1,188.2,189.1,14340
11/20/2018 9:24:00 AM,197.4,199.65,191.3,191.3,20320
11/20/2018 9:23:00 AM,185.7,198.05,184.6,197.2,38720
11/20/2018 9:22:00 AM,180.3,188.05,180.3,187.45,15920
11/20/2018 9:21:00 AM,184.1,184.6,177.3,180.25,17600
11/20/2018 9:20:00 AM,189.05,191.4,183.45,184.45,26140
11/20/2018 9:19:00 AM,174.35,189.65,174.35,188.5,33980
11/20/2018 9:18:00 AM,178.3,178.3,169.05,174.6,46080
11/20/2018 9:17:00 AM,189.7,190.35,176.8,178.1,47340
11/20/2018 9:16:00 AM,186,192,185.75,189.45,42440
11/20/2018 9:15:00 AM,189.85,200.15,174.85,184.9,54560
11/19/2018 3:29:00 PM,281.85,283.8,277.35,280,9780
11/19/2018 3:28:00 PM,282,283.3,280.4,281.75,9240
11/19/2018 3:27:00 PM,278.3,282,276.75,281.6,4880
11/19/2018 3:26:00 PM,282.5,282.7,277,277,5540
11/19/2018 3:25:00 PM,279,283,278.15,282.05,4400
11/19/2018 3:24:00 PM,276.35,279.95,276.1,279.15,4000
11/19/2018 3:23:00 PM,272.35,278,272.35,276.35,10260
11/19/2018 3:22:00 PM,271,274.4,270.5,272.8,4520
11/19/2018 3:21:00 PM,268.8,271.4,267.25,271.05,10780
11/19/2018 3:20:00 PM,264.4,270.3,262.95,267.5,15560
11/19/2018 3:19:00 PM,260.35,264.25,260.35,263.15,9020
11/19/2018 3:18:00 PM,261.25,265.35,258.1,260.35,7900
11/19/2018 3:17:00 PM,261.45,264.2,260,261.25,5800
11/19/2018 3:16:00 PM,261.05,264.45,260.4,262,8140
11/19/2018 3:15:00 PM,258.6,261.05,256.95,261.05,5660
11/19/2018 3:14:00 PM,258,259.7,256.65,258.6,2800
11/19/2018 3:13:00 PM,260.95,261.95,255,258,3060
11/19/2018 3:12:00 PM,256.2,262.85,256.2,260.95,1880
11/19/2018 3:11:00 PM,251.95,258.3,249.95,256.15,4440
11/19/2018 3:10:00 PM,251.35,252.1,247.5,249.4,7940
11/19/2018 3:09:00 PM,256.05,257.05,249.45,251.5,9780
11/19/2018 3:08:00 PM,254.8,259.4,253.05,255.35,3000
11/19/2018 3:07:00 PM,258.5,259.7,253.25,254.85,5940
11/19/2018 3:06:00 PM,262.6,266.4,258.45,258.5,3300
11/19/2018 3:05:00 PM,265.15,265.45,261.35,262.6,2680
11/19/2018 3:04:00 PM,269.35,271.8,261.25,262.45,4580
11/19/2018 3:03:00 PM,265.1,275,265.1,271.1,5380
11/19/2018 3:02:00 PM,262.45,265.65,260.85,265.1,3840
11/19/2018 3:01:00 PM,261.6,265.55,261.6,262.45,2740
11/19/2018 3:00:00 PM,256.05,263.25,255.2,261.2,6340
11/19/2018 2:59:00 PM,255,267,254.8,256.05,11860
11/19/2018 2:58:00 PM,249.35,253.7,244.65,253.7,4800
11/19/2018 2:57:00 PM,248.75,255,248.2,251.05,3520
11/19/2018 2:56:00 PM,250.05,250.6,243.15,248.75,3700
11/19/2018 2:55:00 PM,254.6,256.8,250,250,4800
11/19/2018 2:54:00 PM,242.6,254.75,240.85,254.75,15860
11/19/2018 2:53:00 PM,267,268.3,235.8,242.15,21900
11/19/2018 2:52:00 PM,271.9,274.25,267,268.65,2940
11/19/2018 2:51:00 PM,267,271.9,267,271.9,780
11/19/2018 2:50:00 PM,269.85,269.85,265.3,267,1900
11/19/2018 2:49:00 PM,267.9,274.3,267.9,269.85,1260
11/19/2018 2:48:00 PM,267.5,271.4,267.5,267.9,3140
11/19/2018 2:47:00 PM,265.75,267.5,264.85,266.7,5240
11/19/2018 2:46:00 PM,270.95,273.85,258.75,263.2,5860
11/19/2018 2:45:00 PM,265.6,277.1,265.45,274.05,8380
11/19/2018 2:44:00 PM,272,276.7,265,265.2,5420
11/19/2018 2:43:00 PM,277.75,281,270,270,3760
11/19/2018 2:42:00 PM,269.75,281.1,267.15,277.75,4680
11/19/2018 2:41:00 PM,279.8,284.7,268.25,269,7740
11/19/2018 2:40:00 PM,273.9,283.6,273.9,279.1,13460
11/19/2018 2:39:00 PM,274.7,276.3,270,273.2,8300
11/19/2018 2:38:00 PM,257.6,289.55,257.6,271.05,28140
11/19/2018 2:37:00 PM,247.95,258.45,247.95,257.6,6340
11/19/2018 2:36:00 PM,239,255,237.9,247.95,6220
11/19/2018 2:35:00 PM,241.3,241.5,235.9,237.65,10840
11/19/2018 2:34:00 PM,250,252.3,241.7,241.7,8600
11/19/2018 2:33:00 PM,234.05,252.3,234.05,250.15,16200
11/19/2018 2:32:00 PM,232,235,225,232.8,11180
11/19/2018 2:31:00 PM,230.4,233.45,225,232,12360
11/19/2018 2:30:00 PM,248.9,251.25,215,230.95,38540
11/19/2018 2:29:00 PM,283.3,283.3,241.85,246.9,25700
11/19/2018 2:28:00 PM,286,290,283.3,283.3,2740
11/19/2018 2:27:00 PM,288,288,283.1,286,2440
11/19/2018 2:26:00 PM,294.6,295.55,287.85,287.85,2220
11/19/2018 2:25:00 PM,293,296,292.7,294.6,1580
11/19/2018 2:24:00 PM,288.75,294.15,288.75,292.95,1160
11/19/2018 2:23:00 PM,287.55,289.45,287,288.75,1500
11/19/2018 2:22:00 PM,286,289.35,284,287.55,2300
11/19/2018 2:21:00 PM,297,297.9,285.05,286,2520
11/19/2018 2:20:00 PM,295.8,300,295.8,297,2960
11/19/2018 2:19:00 PM,297.95,297.95,291.55,295.8,4160
11/19/2018 2:18:00 PM,296.4,297.8,294.5,297.8,1320
11/19/2018 2:17:00 PM,292.65,297.05,292.65,295,12360
11/19/2018 2:16:00 PM,290.35,293.4,290.35,293,400
11/19/2018 2:15:00 PM,290.5,292.55,290.35,290.35,880
11/19/2018 2:14:00 PM,289.95,292.3,289.35,290.7,2340
11/19/2018 2:13:00 PM,288.7,291,288,289.95,660
11/19/2018 2:12:00 PM,290.9,292.7,288.7,288.7,1660
11/19/2018 2:11:00 PM,289.65,292.8,289.65,290.9,660
11/19/2018 2:10:00 PM,287.1,293.05,287.1,290.15,1820
11/19/2018 2:09:00 PM,291.6,291.6,285.05,287.1,3560
11/19/2018 2:08:00 PM,297.7,297.95,289.1,291.6,3640
11/19/2018 2:07:00 PM,299.25,299.25,294,297.7,2300
11/19/2018 2:06:00 PM,293.5,299.95,293.5,299.25,5060
11/19/2018 2:05:00 PM,292.75,294.95,291,292.6,1340
11/19/2018 2:04:00 PM,289.45,295.35,289.45,292.75,4500
11/19/2018 2:03:00 PM,289.1,291,289.05,289.45,440
11/19/2018 2:02:00 PM,291.95,291.95,289.1,289.1,3940
11/19/2018 2:01:00 PM,288.45,292.05,288.45,292.05,3420
11/19/2018 2:00:00 PM,285,289.65,285,288.45,1380
11/19/2018 1:59:00 PM,285.75,288.85,284.65,286.4,3140
11/19/2018 1:58:00 PM,290.85,291.5,285.75,285.75,1920
11/19/2018 1:57:00 PM,289.9,292.85,289.9,290.85,1500
11/19/2018 1:56:00 PM,288.55,291.2,287.95,289.9,1480
11/19/2018 1:55:00 PM,281.9,289.45,281.9,287,1800
11/19/2018 1:54:00 PM,279,284.1,279,281.9,1820
11/19/2018 1:53:00 PM,287.45,287.45,274.85,279,10620
11/19/2018 1:52:00 PM,291.1,293.3,285.15,287.45,3060
11/19/2018 1:51:00 PM,294.75,295,291.1,291.1,1040
11/19/2018 1:50:00 PM,298.95,301.45,294.75,294.75,2660
11/19/2018 1:49:00 PM,298,298.85,295.6,298.35,2020
11/19/2018 1:48:00 PM,295.8,296.85,294.05,295.95,1400
11/19/2018 1:47:00 PM,294.7,296.75,294,295.8,1260
11/19/2018 1:46:00 PM,298.1,300.45,294.3,295.35,2360
11/19/2018 1:45:00 PM,295,301,295,298.1,4740
11/19/2018 1:44:00 PM,291.75,297.65,291.75,295,1580
11/19/2018 1:43:00 PM,295,295.75,290.4,291.4,3480
11/19/2018 1:42:00 PM,303,303,295,295,6340
11/19/2018 1:41:00 PM,304.85,306.15,300.3,302,21760
11/19/2018 1:40:00 PM,300.8,310.15,300.8,303.05,17240
11/19/2018 1:39:00 PM,300.5,302,296.2,300.8,5500
11/19/2018 1:38:00 PM,295.75,302.4,295.75,300.15,7560
11/19/2018 1:37:00 PM,295.9,299,294.8,295.65,2580
11/19/2018 1:36:00 PM,299.55,303.45,295.6,296.05,6320
11/19/2018 1:35:00 PM,293.5,304.6,293.5,299.3,16100
11/19/2018 1:34:00 PM,291.5,296,291.5,293.5,5620
11/19/2018 1:33:00 PM,289,294.45,286.25,292.2,8880
11/19/2018 1:32:00 PM,282.95,287.7,282.95,287.55,3060
11/19/2018 1:31:00 PM,283.15,284.5,281.45,282.15,1880
11/19/2018 1:30:00 PM,282.65,286.35,282.55,284,3660
11/19/2018 1:29:00 PM,283.95,288,283.3,283.3,3940
11/19/2018 1:28:00 PM,276.35,282.95,276.35,282.95,2780
11/19/2018 1:27:00 PM,281.25,281.25,275.6,276.35,2080
11/19/2018 1:26:00 PM,283.3,283.45,279,280.3,2500
11/19/2018 1:25:00 PM,279.55,284,279.55,282.5,5860
11/19/2018 1:24:00 PM,279.65,280,274.25,279.65,5500
11/19/2018 1:23:00 PM,276.8,279.65,276.15,279.65,5900
11/19/2018 1:22:00 PM,288,289.85,274.45,277.5,11020
11/19/2018 1:21:00 PM,292.25,292.45,287.65,288,10080
11/19/2018 1:20:00 PM,290,297.45,288.45,291.85,14900
11/19/2018 1:19:00 PM,280.3,294.3,279.4,291.05,9620
11/19/2018 1:18:00 PM,285,287.15,278.55,280.3,8960
11/19/2018 1:17:00 PM,275.1,284.9,273.35,284.9,13320
11/19/2018 1:16:00 PM,259.9,277,259.9,275,16480
11/19/2018 1:15:00 PM,258.5,261.45,258.5,259.9,2140
11/19/2018 1:14:00 PM,257.9,259.55,257.6,258.5,1500
11/19/2018 1:13:00 PM,258.85,258.85,255.5,256.4,3900
11/19/2018 1:12:00 PM,257.45,260,256.7,258.85,360
11/19/2018 1:11:00 PM,260.55,260.55,257.45,257.45,620
11/19/2018 1:10:00 PM,259.95,260.8,257.45,260.1,1100
11/19/2018 1:09:00 PM,259,260.8,257.7,259.95,1360
11/19/2018 1:08:00 PM,258,259,257.15,259,300
11/19/2018 1:07:00 PM,257,259,257,258,380
11/19/2018 1:06:00 PM,261.45,262.2,255,257,2060
11/19/2018 1:05:00 PM,260.95,263.3,259.65,261.45,2340
11/19/2018 1:04:00 PM,258.5,262.3,258.1,260.95,1960
11/19/2018 1:03:00 PM,256.55,258.5,254.3,258.5,1040
11/19/2018 1:02:00 PM,254.55,256.55,254.55,256.55,240
11/19/2018 1:01:00 PM,258.3,258.3,254,254.55,1120
11/19/2018 1:00:00 PM,260,260,255.4,258.15,1400
11/19/2018 12:59:00 PM,257.95,260,257.95,260,440
11/19/2018 12:58:00 PM,260.55,261,257.05,257.95,1840
11/19/2018 12:57:00 PM,259,261.2,259,260.55,1920
11/19/2018 12:56:00 PM,256.6,260,256.6,259,1320
11/19/2018 12:55:00 PM,259.1,260,256.6,256.6,1300
11/19/2018 12:54:00 PM,259,261,258.75,259.1,4640
11/19/2018 12:53:00 PM,257.5,260.8,257.25,259,4260
11/19/2018 12:52:00 PM,257.85,259.1,255.25,257.5,3940
11/19/2018 12:51:00 PM,254.25,257.95,254.25,257.85,6280
11/19/2018 12:50:00 PM,253.7,257.75,253,254.6,2540
11/19/2018 12:49:00 PM,249.2,253.8,249.2,253.7,1960
11/19/2018 12:48:00 PM,248.2,253,248,249.2,1560
11/19/2018 12:47:00 PM,248,249,248,248.2,320
11/19/2018 12:46:00 PM,250.15,251.5,248,248,1240
11/19/2018 12:45:00 PM,250.4,250.4,246,250.15,5320
11/19/2018 12:44:00 PM,252.6,253.95,249,250.4,2560
11/19/2018 12:43:00 PM,250.5,253.55,250.15,252.5,5120
11/19/2018 12:42:00 PM,247.2,250.5,246.5,250.5,2180
11/19/2018 12:41:00 PM,250.55,250.55,246,247.2,2680
11/19/2018 12:40:00 PM,252.2,253,249.2,250.4,3840
11/19/2018 12:39:00 PM,256.4,256.4,252.2,252.2,1920
11/19/2018 12:38:00 PM,258.05,259.5,257.4,257.6,660
11/19/2018 12:37:00 PM,262.8,262.8,257.45,258.05,5220
11/19/2018 12:36:00 PM,260.1,262.8,259.85,262.8,2320
11/19/2018 12:35:00 PM,260,263.2,259.95,260.1,3140
11/19/2018 12:34:00 PM,260,263,259.1,260,2860
11/19/2018 12:33:00 PM,260.1,261,259,260,4140
11/19/2018 12:32:00 PM,260.8,263,260,260.1,2540
11/19/2018 12:31:00 PM,264,264.75,260.55,263.2,1720
11/19/2018 12:30:00 PM,264.95,266.65,263.8,264,4640
11/19/2018 12:29:00 PM,265.75,265.9,260.15,264.6,3280
11/19/2018 12:28:00 PM,262,267.2,262,265.75,6920
11/19/2018 12:27:00 PM,257.5,261.9,257.5,260.55,500
11/19/2018 12:26:00 PM,261.6,262.35,256,257.2,3340
11/19/2018 12:25:00 PM,259.25,263.25,259.25,261.6,2700
11/19/2018 12:24:00 PM,263.65,263.65,259.25,259.25,2000
11/19/2018 12:23:00 PM,259.9,263.1,257.65,263.1,3000
11/19/2018 12:22:00 PM,255.8,259.9,255.8,259.9,780
11/19/2018 12:21:00 PM,253.45,257.55,253.45,255.8,2460
11/19/2018 12:20:00 PM,254.8,256,253,253.45,1020
11/19/2018 12:19:00 PM,257.6,258.85,253.55,254.8,5080
11/19/2018 12:18:00 PM,257.15,262.3,256.85,257.6,15320
11/19/2018 12:17:00 PM,255.4,258.4,254.95,257.15,3780
11/19/2018 12:16:00 PM,252,258.45,252,255.4,9280
11/19/2018 12:15:00 PM,251,253,251,252,3040
11/19/2018 12:14:00 PM,247.55,251,247.55,251,1260
11/19/2018 12:13:00 PM,247.95,248,246.9,248,280
11/19/2018 12:12:00 PM,249,249,247.95,247.95,220
11/19/2018 12:11:00 PM,247,249.85,246,249,900
11/19/2018 12:10:00 PM,249.7,249.85,247,247,440
11/19/2018 12:09:00 PM,250.2,252.8,247.5,249.7,2560
11/19/2018 12:08:00 PM,248,251.15,248,250.2,1620
11/19/2018 12:07:00 PM,246.75,248.5,246.75,248,780
11/19/2018 12:06:00 PM,247,247.95,246.2,246.75,1260
11/19/2018 12:05:00 PM,249.75,249.75,247,247,1600
11/19/2018 12:04:00 PM,251.55,251.9,248,249.75,2560
11/19/2018 12:03:00 PM,250.25,252.65,250.25,251.55,2860
11/19/2018 12:02:00 PM,248,250.55,247,250.45,3880
11/19/2018 12:01:00 PM,247.05,248,244,248,1780
11/19/2018 12:00:00 PM,246,248.5,246,247.05,1920
11/19/2018 11:59:00 AM,246.3,248,244,246,3000
11/19/2018 11:58:00 AM,243.65,246.25,243.1,246.25,1920
11/19/2018 11:57:00 AM,243.2,245,242.6,243.65,720
11/19/2018 11:56:00 AM,243,244.25,242.5,243.2,1840
11/19/2018 11:55:00 AM,242.55,244,241.9,244,980
11/19/2018 11:54:00 AM,242.4,243.25,241,242.55,400
11/19/2018 11:53:00 AM,244.2,246.15,242.1,242.1,2720
11/19/2018 11:52:00 AM,246.65,247.4,243.35,244.2,2260
11/19/2018 11:51:00 AM,246.05,246.5,243.9,246,1520
11/19/2018 11:50:00 AM,247,247.15,245,246,1280
11/19/2018 11:49:00 AM,244.25,248.9,244.25,247,2340
11/19/2018 11:48:00 AM,245.7,247.4,243.95,244.25,2020
11/19/2018 11:47:00 AM,244.25,246.3,243,245.7,4640
11/19/2018 11:46:00 AM,244,246.4,242.9,242.9,4680
11/19/2018 11:45:00 AM,242.1,244,241.6,244,1880
11/19/2018 11:44:00 AM,242.7,243.95,241.15,242.1,300
11/19/2018 11:43:00 AM,242.65,243.35,241.5,242.7,820
11/19/2018 11:42:00 AM,243.5,244.95,241.2,241.5,4760
11/19/2018 11:41:00 AM,242,243.85,240,243.5,2980
11/19/2018 11:40:00 AM,243.95,243.95,240.55,242,1120
11/19/2018 11:39:00 AM,241.55,245.6,241.55,243.95,3580
11/19/2018 11:38:00 AM,242,243.3,241.55,241.55,620
11/19/2018 11:37:00 AM,241.75,242.5,240.5,242,1600
11/19/2018 11:36:00 AM,238.35,240.9,238.35,239.35,1740
11/19/2018 11:35:00 AM,238.95,239.05,237.15,238.35,1100
11/19/2018 11:34:00 AM,237.9,240.25,237.9,239.25,1300
11/19/2018 11:33:00 AM,241.1,242,236.55,237.85,3700
11/19/2018 11:32:00 AM,241.35,243.4,240,241.1,1020
11/19/2018 11:31:00 AM,242,243.5,241.15,242.15,740
11/19/2018 11:30:00 AM,242.65,243.35,240.25,242,1340
11/19/2018 11:29:00 AM,242.7,246.85,242.5,242.65,4540
11/19/2018 11:28:00 AM,240.2,243.35,240.2,241.9,2100
11/19/2018 11:27:00 AM,238.6,242,238.6,240.2,3300
11/19/2018 11:26:00 AM,235.15,238.95,234.15,236.95,1340
11/19/2018 11:25:00 AM,237.6,238.1,235.15,235.15,3100
11/19/2018 11:24:00 AM,238,239.25,236.7,237.6,1300
11/19/2018 11:23:00 AM,239.5,239.55,235.55,238,6260
11/19/2018 11:22:00 AM,243,243,239,239.5,3020
11/19/2018 11:21:00 AM,246.85,246.85,242.05,242.05,7080
11/19/2018 11:20:00 AM,246.5,247.7,245.25,246.85,500
11/19/2018 11:19:00 AM,247,248.6,245.2,246.5,1980
11/19/2018 11:18:00 AM,247.8,248.25,246.05,247,440
11/19/2018 11:17:00 AM,248,248.95,247,247.8,2400
11/19/2018 11:16:00 AM,247,248,245.35,248,880
11/19/2018 11:15:00 AM,248.75,248.75,246.35,247,2720
11/19/2018 11:14:00 AM,245.85,248.75,245.05,248.75,2280
11/19/2018 11:13:00 AM,245.3,247.25,243.7,245.2,2680
11/19/2018 11:12:00 AM,249,249,245.05,245.3,1580
11/19/2018 11:11:00 AM,247.85,250.15,247.85,249,7240
11/19/2018 11:10:00 AM,251.95,251.95,250,251.95,1900
11/19/2018 11:09:00 AM,251.95,253.05,250,251.75,1080
11/19/2018 11:08:00 AM,253.5,255,251.95,251.95,2140
11/19/2018 11:07:00 AM,252,253.85,250.25,253.5,5160
11/19/2018 11:06:00 AM,257.6,259.8,252.3,253,4460
11/19/2018 11:05:00 AM,254.5,258,253.3,257.6,2660
11/19/2018 11:04:00 AM,254,255.85,252,254.5,4680
11/19/2018 11:03:00 AM,256.15,259,254.75,256.15,3040
11/19/2018 11:02:00 AM,254.15,257.1,253.6,256.15,5480
11/19/2018 11:01:00 AM,254.45,255,250,254.05,4100
11/19/2018 11:00:00 AM,253.7,262.95,252.75,254.45,16160
11/19/2018 10:59:00 AM,243.5,255,243.5,254.7,9820
11/19/2018 10:58:00 AM,244.65,244.65,241,243.5,2620
11/19/2018 10:57:00 AM,241.4,244.45,240.05,244,2800
11/19/2018 10:56:00 AM,241.85,243.5,238.95,241.8,5340
11/19/2018 10:55:00 AM,242,244.15,241.85,241.85,4160
11/19/2018 10:54:00 AM,243.55,244,241.5,242,2960
11/19/2018 10:53:00 AM,243.35,244.95,243,243.55,3220
11/19/2018 10:52:00 AM,243.95,245.05,242.5,243.1,8080
11/19/2018 10:51:00 AM,240.95,244,240.05,243.95,3420
11/19/2018 10:50:00 AM,240.75,241.4,239.25,240.95,1200
11/19/2018 10:49:00 AM,240.75,242.5,238.5,240.75,7060
11/19/2018 10:48:00 AM,239,241.2,238.9,240.75,2120
11/19/2018 10:47:00 AM,240.25,241,236.8,239,6280
11/19/2018 10:46:00 AM,236.1,240,236.1,240,4540
11/19/2018 10:45:00 AM,238.55,238.6,234.7,235.5,3440
11/19/2018 10:44:00 AM,237.65,239.55,235.85,238,3900
11/19/2018 10:43:00 AM,236.6,238.75,234,237.65,2340
11/19/2018 10:42:00 AM,234.5,238.65,234.5,236.6,1760
11/19/2018 10:41:00 AM,232.4,239.15,232,234.8,3560
11/19/2018 10:40:00 AM,235,236,232.4,232.4,5980
11/19/2018 10:39:00 AM,242.75,242.75,234.15,235.7,4000
11/19/2018 10:38:00 AM,239.8,244,239.75,242.7,3860
11/19/2018 10:37:00 AM,235.65,241.65,235.65,240.85,4360
11/19/2018 10:36:00 AM,235.05,237.4,232.5,236.4,2620
11/19/2018 10:35:00 AM,232.15,239.65,231.9,235.1,4340
11/19/2018 10:34:00 AM,237.45,238,234.1,234.4,2040
11/19/2018 10:33:00 AM,234.45,237.45,230.2,237.45,3540
11/19/2018 10:32:00 AM,236.85,239,234.15,234.45,3320
11/19/2018 10:31:00 AM,233.55,238.9,233.5,236.85,2800
11/19/2018 10:30:00 AM,236.25,236.25,230,233.55,4600
11/19/2018 10:29:00 AM,240,241.2,236.25,236.25,2440
11/19/2018 10:28:00 AM,240.15,241.85,238.45,240,2260
11/19/2018 10:27:00 AM,235.95,240.5,235.95,240.15,1800
11/19/2018 10:26:00 AM,237.55,238.4,235.4,235.95,2440
11/19/2018 10:25:00 AM,235.2,239,235.2,237.55,1100
11/19/2018 10:24:00 AM,238.75,238.75,235.2,235.2,1980
11/19/2018 10:23:00 AM,240.5,240.5,237,238.75,3540
11/19/2018 10:22:00 AM,239.6,240.75,238.1,240.3,1360
11/19/2018 10:21:00 AM,242.75,243.2,237.25,239.2,4520
11/19/2018 10:20:00 AM,241.7,243.5,240,243.05,3100
11/19/2018 10:19:00 AM,242.45,245.5,241.05,241.95,5520
11/19/2018 10:18:00 AM,244.4,244.4,240.8,242.05,5320
11/19/2018 10:17:00 AM,237.7,244.4,237.7,244.4,2940
11/19/2018 10:16:00 AM,240.4,241.7,238,238,2360
11/19/2018 10:15:00 AM,243,244.6,240.05,240.4,4440
11/19/2018 10:14:00 AM,243.05,244,240.9,243,3800
11/19/2018 10:13:00 AM,242,244,240.15,243.65,4660
11/19/2018 10:12:00 AM,240.7,242,235.6,242,7000
11/19/2018 10:11:00 AM,234.4,242,234.4,241,6200
11/19/2018 10:10:00 AM,233.8,235.1,231.5,234.4,4800
11/19/2018 10:09:00 AM,236,238.45,235,235,3180
11/19/2018 10:08:00 AM,238.8,240.65,235.05,235.55,7940
11/19/2018 10:07:00 AM,244,244.8,236.75,238,4800
11/19/2018 10:06:00 AM,245.2,245.35,241.5,244,3520
11/19/2018 10:05:00 AM,246.85,248.95,240.6,245.2,2200
11/19/2018 10:04:00 AM,244,248.35,244,245.55,6040
11/19/2018 10:03:00 AM,244,246.65,242.5,243.2,3340
11/19/2018 10:02:00 AM,245.3,248,242.2,244,5480
11/19/2018 10:01:00 AM,247.85,248.65,244.2,246,6420
11/19/2018 10:00:00 AM,242.25,248.8,241.95,248.6,6500
11/19/2018 9:59:00 AM,244.25,247.7,241.95,242.25,8380
11/19/2018 9:58:00 AM,239.4,245.8,239.4,244.25,11320
11/19/2018 9:57:00 AM,241.05,242.4,237.5,239.4,2960
11/19/2018 9:56:00 AM,240,241.9,236.75,240.4,8420
11/19/2018 9:55:00 AM,237.55,242.7,236.65,240,6180
11/19/2018 9:54:00 AM,238.1,240,232.9,238.15,5520
11/19/2018 9:53:00 AM,239.9,241.25,237.35,238.1,4420
11/19/2018 9:52:00 AM,236.5,239.9,236.05,239.9,3280
11/19/2018 9:51:00 AM,232.5,236,232.5,236,3360
11/19/2018 9:50:00 AM,232.25,236.4,231.5,232.5,4540
11/19/2018 9:49:00 AM,232.5,235.05,229,232,8460
11/19/2018 9:48:00 AM,230,233.45,229.6,230.5,9580
11/19/2018 9:47:00 AM,238.4,239.5,230.75,230.75,5200
11/19/2018 9:46:00 AM,240.95,243.45,237.75,238.4,8300
11/19/2018 9:45:00 AM,238.2,242.5,237.15,241.75,8680
11/19/2018 9:44:00 AM,233.3,238.4,230.5,238.15,10460
11/19/2018 9:43:00 AM,228.05,234.65,226.6,232.95,10560
11/19/2018 9:42:00 AM,232.3,236,228.95,230.35,16400
11/19/2018 9:41:00 AM,226.05,233.1,225,232.3,15240
11/19/2018 9:40:00 AM,229.65,234,226.05,227,11900
11/19/2018 9:39:00 AM,237.95,241,229.4,230.5,15680
11/19/2018 9:38:00 AM,235.05,240.45,235,237.35,7100
11/19/2018 9:37:00 AM,238,239.3,235,235,9360
11/19/2018 9:36:00 AM,238.65,242.2,237,238.1,16340
11/19/2018 9:35:00 AM,246.1,246.35,231.35,239.5,11140
11/19/2018 9:34:00 AM,252.65,252.65,246.7,246.7,9160
11/19/2018 9:33:00 AM,260.2,260.2,250.1,250.1,6240
11/19/2018 9:32:00 AM,260.85,263.55,256.05,260.2,2620
11/19/2018 9:31:00 AM,259.25,263,258.75,261.35,3520
11/19/2018 9:30:00 AM,261.45,261.95,256.1,258.95,7160
11/19/2018 9:29:00 AM,258.55,261.45,252.85,261.45,6680
11/19/2018 9:28:00 AM,262.3,262.95,258,258.55,4280
11/19/2018 9:27:00 AM,257.5,265.1,257.5,262.3,5640
11/19/2018 9:26:00 AM,256.05,265.35,255.95,257.9,6420
11/19/2018 9:25:00 AM,257.5,259.55,255,256.05,6500
11/19/2018 9:24:00 AM,248.85,257.75,245,257.1,7220
11/19/2018 9:23:00 AM,259,260.2,250,250.1,12200
11/19/2018 9:22:00 AM,268.5,268.5,258.35,259,17040
11/19/2018 9:21:00 AM,262,268.5,261.25,268.5,20040
11/19/2018 9:20:00 AM,251.45,261,247.6,261,16120
11/19/2018 9:19:00 AM,253.55,254.9,247.7,249.25,14520
11/19/2018 9:18:00 AM,250,255.2,245.8,254.25,13660
11/19/2018 9:17:00 AM,250.45,252.5,241,252.3,6660
11/19/2018 9:16:00 AM,245.2,253.2,240.6,251.7,14100
11/19/2018 9:15:00 AM,244.55,268.8,243,244.45,22340
