Date,BANKNIFTY22NOV1825700PE O,BANKNIFTY22NOV1825700PE H,BANKNIFTY22NOV1825700PE L,BANKNIFTY22NOV1825700PE C,BANKNIFTY22NOV1825700PE V
11/22/2018 3:29:00 PM,0.05,0.05,0.05,0.05,20
11/22/2018 3:28:00 PM,0.05,0.05,0.05,0.05,40
11/22/2018 3:27:00 PM,0.05,0.05,0.05,0.05,0
11/22/2018 3:26:00 PM,0.05,0.05,0.05,0.05,0
11/22/2018 3:25:00 PM,0.05,0.05,0.05,0.05,140
11/22/2018 3:24:00 PM,0.05,0.05,0.05,0.05,0
11/22/2018 3:23:00 PM,0.05,0.05,0.05,0.05,0
11/22/2018 3:22:00 PM,0.05,0.05,0.05,0.05,600
11/22/2018 3:21:00 PM,0.05,0.05,0.05,0.05,2340
11/22/2018 3:20:00 PM,0.05,0.05,0.05,0.05,820
11/22/2018 3:19:00 PM,0.05,0.05,0.05,0.05,5200
11/22/2018 3:18:00 PM,0.05,0.05,0.05,0.05,5280
11/22/2018 3:17:00 PM,0.05,0.05,0.05,0.05,240
11/22/2018 3:16:00 PM,0.05,0.05,0.05,0.05,3180
11/22/2018 3:15:00 PM,0.05,0.05,0.05,0.05,9720
11/22/2018 3:14:00 PM,0.05,0.1,0.05,0.05,11000
11/22/2018 3:13:00 PM,0.1,0.1,0.05,0.05,600
11/22/2018 3:12:00 PM,0.1,0.1,0.05,0.1,740
11/22/2018 3:11:00 PM,0.05,0.1,0.05,0.1,3000
11/22/2018 3:10:00 PM,0.1,0.1,0.05,0.05,980
11/22/2018 3:09:00 PM,0.05,0.1,0.05,0.1,1120
11/22/2018 3:08:00 PM,0.1,0.1,0.05,0.05,500
11/22/2018 3:07:00 PM,0.05,0.1,0.05,0.1,32800
11/22/2018 3:06:00 PM,0.1,0.1,0.05,0.05,10100
11/22/2018 3:05:00 PM,0.05,0.1,0.05,0.1,1640
11/22/2018 3:04:00 PM,0.05,0.1,0.05,0.1,260
11/22/2018 3:03:00 PM,0.1,0.1,0.05,0.05,860
11/22/2018 3:02:00 PM,0.1,0.15,0.05,0.1,5540
11/22/2018 3:01:00 PM,0.15,0.15,0.1,0.1,1440
11/22/2018 3:00:00 PM,0.15,0.15,0.1,0.15,1380
11/22/2018 2:59:00 PM,0.1,0.15,0.1,0.15,1200
11/22/2018 2:58:00 PM,0.1,0.15,0.1,0.1,4120
11/22/2018 2:57:00 PM,0.15,0.15,0.1,0.1,140
11/22/2018 2:56:00 PM,0.1,0.15,0.1,0.15,760
11/22/2018 2:55:00 PM,0.1,0.15,0.1,0.1,880
11/22/2018 2:54:00 PM,0.15,0.15,0.1,0.1,300
11/22/2018 2:53:00 PM,0.15,0.2,0.1,0.15,400
11/22/2018 2:52:00 PM,0.15,0.2,0.15,0.15,8620
11/22/2018 2:51:00 PM,0.15,0.2,0.15,0.15,200
11/22/2018 2:50:00 PM,0.15,0.2,0.1,0.15,11640
11/22/2018 2:49:00 PM,0.1,0.15,0.1,0.15,60
11/22/2018 2:48:00 PM,0.1,0.15,0.1,0.1,2300
11/22/2018 2:47:00 PM,0.1,0.15,0.1,0.1,1100
11/22/2018 2:46:00 PM,0.15,0.15,0.1,0.1,1660
11/22/2018 2:45:00 PM,0.15,0.15,0.1,0.15,11080
11/22/2018 2:44:00 PM,0.15,0.2,0.15,0.2,80
11/22/2018 2:43:00 PM,0.15,0.2,0.15,0.15,1500
11/22/2018 2:42:00 PM,0.15,0.2,0.15,0.15,3400
11/22/2018 2:41:00 PM,0.2,0.2,0.15,0.15,1240
11/22/2018 2:40:00 PM,0.15,0.2,0.15,0.2,6380
11/22/2018 2:39:00 PM,0.15,0.15,0.15,0.15,0
11/22/2018 2:38:00 PM,0.2,0.2,0.15,0.15,200
11/22/2018 2:37:00 PM,0.15,0.2,0.15,0.2,1200
11/22/2018 2:36:00 PM,0.2,0.2,0.15,0.15,460
11/22/2018 2:35:00 PM,0.15,0.2,0.15,0.2,20
11/22/2018 2:34:00 PM,0.15,0.15,0.15,0.15,40
11/22/2018 2:33:00 PM,0.15,0.2,0.15,0.2,120
11/22/2018 2:32:00 PM,0.15,0.15,0.15,0.15,720
11/22/2018 2:31:00 PM,0.1,0.15,0.1,0.15,160
11/22/2018 2:30:00 PM,0.1,0.15,0.1,0.1,9520
11/22/2018 2:29:00 PM,0.1,0.15,0.1,0.1,9240
11/22/2018 2:28:00 PM,0.1,0.15,0.1,0.1,280
11/22/2018 2:27:00 PM,0.1,0.15,0.1,0.1,160
11/22/2018 2:26:00 PM,0.15,0.15,0.1,0.1,640
11/22/2018 2:25:00 PM,0.15,0.2,0.1,0.15,2640
11/22/2018 2:24:00 PM,0.15,0.15,0.1,0.15,2500
11/22/2018 2:23:00 PM,0.15,0.15,0.1,0.15,1660
11/22/2018 2:22:00 PM,0.15,0.15,0.15,0.15,620
11/22/2018 2:21:00 PM,0.15,0.15,0.1,0.15,8960
11/22/2018 2:20:00 PM,0.15,0.15,0.1,0.15,4020
11/22/2018 2:19:00 PM,0.1,0.1,0.1,0.1,140
11/22/2018 2:18:00 PM,0.1,0.1,0.1,0.1,60
11/22/2018 2:17:00 PM,0.15,0.15,0.15,0.15,1080
11/22/2018 2:16:00 PM,0.2,0.2,0.15,0.15,17280
11/22/2018 2:15:00 PM,0.2,0.25,0.15,0.2,8820
11/22/2018 2:14:00 PM,0.1,0.2,0.1,0.2,6280
11/22/2018 2:13:00 PM,0.2,0.2,0.1,0.1,8320
11/22/2018 2:12:00 PM,0.15,0.2,0.15,0.2,1460
11/22/2018 2:11:00 PM,0.15,0.15,0.15,0.15,11940
11/22/2018 2:10:00 PM,0.1,0.15,0.1,0.15,3400
11/22/2018 2:09:00 PM,0.1,0.15,0.1,0.1,1660
11/22/2018 2:08:00 PM,0.15,0.15,0.1,0.1,560
11/22/2018 2:07:00 PM,0.15,0.15,0.15,0.15,13680
11/22/2018 2:06:00 PM,0.15,0.15,0.15,0.15,20
11/22/2018 2:05:00 PM,0.15,0.2,0.15,0.15,1380
11/22/2018 2:04:00 PM,0.15,0.15,0.15,0.15,80
11/22/2018 2:03:00 PM,0.2,0.2,0.15,0.15,11280
11/22/2018 2:02:00 PM,0.25,0.25,0.2,0.2,6880
11/22/2018 2:01:00 PM,0.25,0.25,0.2,0.2,1100
11/22/2018 2:00:00 PM,0.25,0.25,0.25,0.25,440
11/22/2018 1:59:00 PM,0.2,0.25,0.2,0.25,2040
11/22/2018 1:58:00 PM,0.2,0.2,0.2,0.2,4060
11/22/2018 1:57:00 PM,0.2,0.25,0.2,0.2,1740
11/22/2018 1:56:00 PM,0.25,0.25,0.2,0.2,4840
11/22/2018 1:55:00 PM,0.2,0.25,0.2,0.25,2080
11/22/2018 1:54:00 PM,0.25,0.3,0.2,0.2,11220
11/22/2018 1:53:00 PM,0.2,0.25,0.2,0.25,3880
11/22/2018 1:52:00 PM,0.2,0.25,0.2,0.2,5240
11/22/2018 1:51:00 PM,0.25,0.25,0.2,0.25,4320
11/22/2018 1:50:00 PM,0.2,0.25,0.2,0.25,1400
11/22/2018 1:49:00 PM,0.25,0.3,0.2,0.2,6580
11/22/2018 1:48:00 PM,0.3,0.3,0.25,0.3,15400
11/22/2018 1:47:00 PM,0.2,0.35,0.2,0.3,31760
11/22/2018 1:46:00 PM,0.3,0.3,0.2,0.2,17820
11/22/2018 1:45:00 PM,0.3,0.35,0.3,0.3,20420
11/22/2018 1:44:00 PM,0.3,0.4,0.25,0.3,28960
11/22/2018 1:43:00 PM,0.3,0.35,0.25,0.25,16040
11/22/2018 1:42:00 PM,0.25,0.3,0.25,0.3,7460
11/22/2018 1:41:00 PM,0.25,0.3,0.2,0.25,3180
11/22/2018 1:40:00 PM,0.25,0.25,0.2,0.25,2340
11/22/2018 1:39:00 PM,0.3,0.3,0.25,0.25,7540
11/22/2018 1:38:00 PM,0.3,0.3,0.3,0.3,2880
11/22/2018 1:37:00 PM,0.3,0.3,0.25,0.3,1040
11/22/2018 1:36:00 PM,0.3,0.3,0.25,0.3,1660
11/22/2018 1:35:00 PM,0.25,0.3,0.25,0.3,3560
11/22/2018 1:34:00 PM,0.25,0.25,0.2,0.25,2220
11/22/2018 1:33:00 PM,0.25,0.25,0.2,0.25,7740
11/22/2018 1:32:00 PM,0.35,0.35,0.25,0.25,10460
11/22/2018 1:31:00 PM,0.3,0.35,0.25,0.35,12680
11/22/2018 1:30:00 PM,0.25,0.3,0.25,0.3,5520
11/22/2018 1:29:00 PM,0.25,0.3,0.2,0.25,13620
11/22/2018 1:28:00 PM,0.2,0.25,0.2,0.25,1080
11/22/2018 1:27:00 PM,0.25,0.25,0.2,0.2,380
11/22/2018 1:26:00 PM,0.25,0.25,0.2,0.25,5960
11/22/2018 1:25:00 PM,0.25,0.25,0.2,0.25,7300
11/22/2018 1:24:00 PM,0.2,0.25,0.2,0.25,9020
11/22/2018 1:23:00 PM,0.25,0.3,0.2,0.2,7800
11/22/2018 1:22:00 PM,0.3,0.3,0.25,0.25,4840
11/22/2018 1:21:00 PM,0.3,0.3,0.25,0.3,3840
11/22/2018 1:20:00 PM,0.3,0.35,0.25,0.3,7780
11/22/2018 1:19:00 PM,0.4,0.4,0.3,0.3,11180
11/22/2018 1:18:00 PM,0.3,0.4,0.25,0.35,18120
11/22/2018 1:17:00 PM,0.3,0.3,0.25,0.3,2140
11/22/2018 1:16:00 PM,0.25,0.3,0.25,0.3,580
11/22/2018 1:15:00 PM,0.25,0.3,0.25,0.25,640
11/22/2018 1:14:00 PM,0.3,0.3,0.25,0.25,920
11/22/2018 1:13:00 PM,0.3,0.3,0.2,0.25,17360
11/22/2018 1:12:00 PM,0.25,0.3,0.25,0.3,1820
11/22/2018 1:11:00 PM,0.3,0.35,0.25,0.25,7420
11/22/2018 1:10:00 PM,0.35,0.4,0.3,0.3,5100
11/22/2018 1:09:00 PM,0.35,0.4,0.35,0.35,2120
11/22/2018 1:08:00 PM,0.35,0.4,0.35,0.35,2000
11/22/2018 1:07:00 PM,0.35,0.4,0.35,0.35,5780
11/22/2018 1:06:00 PM,0.5,0.5,0.35,0.35,6960
11/22/2018 1:05:00 PM,0.4,0.55,0.35,0.45,21480
11/22/2018 1:04:00 PM,0.35,0.4,0.3,0.35,12360
11/22/2018 1:03:00 PM,0.35,0.35,0.3,0.3,280
11/22/2018 1:02:00 PM,0.35,0.35,0.3,0.35,540
11/22/2018 1:01:00 PM,0.3,0.35,0.25,0.35,3500
11/22/2018 1:00:00 PM,0.3,0.3,0.25,0.3,20760
11/22/2018 12:59:00 PM,0.25,0.3,0.25,0.3,8100
11/22/2018 12:58:00 PM,0.3,0.3,0.25,0.25,4900
11/22/2018 12:57:00 PM,0.3,0.3,0.3,0.3,6440
11/22/2018 12:56:00 PM,0.3,0.3,0.3,0.3,920
11/22/2018 12:55:00 PM,0.25,0.3,0.25,0.3,3360
11/22/2018 12:54:00 PM,0.25,0.3,0.25,0.25,1080
11/22/2018 12:53:00 PM,0.3,0.3,0.25,0.25,4700
11/22/2018 12:52:00 PM,0.3,0.3,0.25,0.3,4080
11/22/2018 12:51:00 PM,0.25,0.3,0.25,0.3,80
11/22/2018 12:50:00 PM,0.3,0.3,0.25,0.25,1920
11/22/2018 12:49:00 PM,0.25,0.3,0.25,0.3,12860
11/22/2018 12:48:00 PM,0.25,0.3,0.25,0.25,660
11/22/2018 12:47:00 PM,0.25,0.25,0.25,0.25,300
11/22/2018 12:46:00 PM,0.25,0.3,0.25,0.25,13180
11/22/2018 12:45:00 PM,0.25,0.3,0.25,0.25,1780
11/22/2018 12:44:00 PM,0.25,0.25,0.25,0.25,1400
11/22/2018 12:43:00 PM,0.25,0.3,0.25,0.3,3420
11/22/2018 12:42:00 PM,0.25,0.25,0.25,0.25,20
11/22/2018 12:41:00 PM,0.3,0.3,0.25,0.25,6260
11/22/2018 12:40:00 PM,0.3,0.3,0.25,0.25,2680
11/22/2018 12:39:00 PM,0.25,0.3,0.25,0.3,800
11/22/2018 12:38:00 PM,0.25,0.25,0.25,0.25,40
11/22/2018 12:37:00 PM,0.3,0.3,0.25,0.25,4360
11/22/2018 12:36:00 PM,0.3,0.3,0.25,0.3,1000
11/22/2018 12:35:00 PM,0.3,0.3,0.25,0.3,2580
11/22/2018 12:34:00 PM,0.3,0.3,0.25,0.3,19880
11/22/2018 12:33:00 PM,0.35,0.35,0.3,0.3,34980
11/22/2018 12:32:00 PM,0.35,0.35,0.3,0.35,40
11/22/2018 12:31:00 PM,0.35,0.35,0.3,0.35,3400
11/22/2018 12:30:00 PM,0.3,0.35,0.3,0.35,1260
11/22/2018 12:29:00 PM,0.35,0.35,0.3,0.3,3640
11/22/2018 12:28:00 PM,0.35,0.35,0.3,0.35,1440
11/22/2018 12:27:00 PM,0.3,0.35,0.3,0.35,3400
11/22/2018 12:26:00 PM,0.3,0.35,0.3,0.3,4000
11/22/2018 12:25:00 PM,0.3,0.35,0.3,0.3,1100
11/22/2018 12:24:00 PM,0.3,0.35,0.3,0.3,700
11/22/2018 12:23:00 PM,0.3,0.3,0.3,0.3,800
11/22/2018 12:22:00 PM,0.35,0.35,0.3,0.3,2040
11/22/2018 12:21:00 PM,0.35,0.35,0.3,0.35,6860
11/22/2018 12:20:00 PM,0.35,0.35,0.3,0.35,3500
11/22/2018 12:19:00 PM,0.4,0.4,0.35,0.35,8000
11/22/2018 12:18:00 PM,0.4,0.4,0.35,0.35,360
11/22/2018 12:17:00 PM,0.4,0.4,0.35,0.4,1000
11/22/2018 12:16:00 PM,0.35,0.4,0.35,0.4,1480
11/22/2018 12:15:00 PM,0.4,0.4,0.35,0.35,140
11/22/2018 12:14:00 PM,0.35,0.4,0.35,0.4,1840
11/22/2018 12:13:00 PM,0.35,0.4,0.35,0.35,3360
11/22/2018 12:12:00 PM,0.35,0.35,0.3,0.35,2100
11/22/2018 12:11:00 PM,0.35,0.35,0.3,0.35,4880
11/22/2018 12:10:00 PM,0.4,0.4,0.3,0.35,15820
11/22/2018 12:09:00 PM,0.4,0.4,0.35,0.4,440
11/22/2018 12:08:00 PM,0.45,0.45,0.4,0.4,7060
11/22/2018 12:07:00 PM,0.4,0.45,0.4,0.45,220
11/22/2018 12:06:00 PM,0.4,0.4,0.4,0.4,720
11/22/2018 12:05:00 PM,0.45,0.45,0.4,0.4,1000
11/22/2018 12:04:00 PM,0.4,0.45,0.4,0.45,3680
11/22/2018 12:03:00 PM,0.4,0.45,0.4,0.45,2840
11/22/2018 12:02:00 PM,0.4,0.45,0.4,0.4,1080
11/22/2018 12:01:00 PM,0.45,0.45,0.4,0.4,300
11/22/2018 12:00:00 PM,0.45,0.45,0.45,0.45,280
11/22/2018 11:59:00 AM,0.4,0.45,0.4,0.45,2140
11/22/2018 11:58:00 AM,0.4,0.4,0.4,0.4,0
11/22/2018 11:57:00 AM,0.4,0.45,0.4,0.4,10100
11/22/2018 11:56:00 AM,0.4,0.4,0.35,0.4,4540
11/22/2018 11:55:00 AM,0.35,0.4,0.35,0.4,760
11/22/2018 11:54:00 AM,0.35,0.4,0.35,0.35,180
11/22/2018 11:53:00 AM,0.4,0.4,0.35,0.35,140
11/22/2018 11:52:00 AM,0.35,0.4,0.35,0.4,620
11/22/2018 11:51:00 AM,0.4,0.4,0.35,0.35,2040
11/22/2018 11:50:00 AM,0.4,0.4,0.35,0.4,2100
11/22/2018 11:49:00 AM,0.4,0.4,0.35,0.4,260
11/22/2018 11:48:00 AM,0.4,0.4,0.4,0.4,0
11/22/2018 11:47:00 AM,0.4,0.4,0.35,0.4,9320
11/22/2018 11:46:00 AM,0.35,0.4,0.35,0.4,17620
11/22/2018 11:45:00 AM,0.35,0.4,0.35,0.35,7540
11/22/2018 11:44:00 AM,0.3,0.35,0.3,0.35,2540
11/22/2018 11:43:00 AM,0.3,0.3,0.3,0.3,100
11/22/2018 11:42:00 AM,0.35,0.35,0.3,0.3,660
11/22/2018 11:41:00 AM,0.35,0.35,0.3,0.35,100
11/22/2018 11:40:00 AM,0.3,0.35,0.3,0.35,40
11/22/2018 11:39:00 AM,0.3,0.35,0.3,0.3,320
11/22/2018 11:38:00 AM,0.35,0.35,0.3,0.3,1040
11/22/2018 11:37:00 AM,0.35,0.35,0.3,0.35,740
11/22/2018 11:36:00 AM,0.35,0.35,0.3,0.35,3440
11/22/2018 11:35:00 AM,0.3,0.35,0.3,0.35,520
11/22/2018 11:34:00 AM,0.35,0.35,0.3,0.3,7820
11/22/2018 11:33:00 AM,0.35,0.35,0.35,0.35,18300
11/22/2018 11:32:00 AM,0.35,0.35,0.35,0.35,1700
11/22/2018 11:31:00 AM,0.35,0.4,0.35,0.35,960
11/22/2018 11:30:00 AM,0.35,0.4,0.35,0.35,820
11/22/2018 11:29:00 AM,0.35,0.4,0.35,0.35,200
11/22/2018 11:28:00 AM,0.35,0.4,0.35,0.35,1320
11/22/2018 11:27:00 AM,0.4,0.4,0.35,0.35,100
11/22/2018 11:26:00 AM,0.35,0.4,0.35,0.4,680
11/22/2018 11:25:00 AM,0.35,0.35,0.35,0.35,200
11/22/2018 11:24:00 AM,0.4,0.4,0.35,0.35,300
11/22/2018 11:23:00 AM,0.35,0.4,0.35,0.4,2780
11/22/2018 11:22:00 AM,0.35,0.35,0.35,0.35,40
11/22/2018 11:21:00 AM,0.35,0.35,0.35,0.35,120
11/22/2018 11:20:00 AM,0.35,0.35,0.35,0.35,14260
11/22/2018 11:19:00 AM,0.35,0.35,0.35,0.35,6420
11/22/2018 11:18:00 AM,0.35,0.35,0.35,0.35,60
11/22/2018 11:17:00 AM,0.35,0.4,0.35,0.35,240
11/22/2018 11:16:00 AM,0.4,0.4,0.35,0.35,220
11/22/2018 11:15:00 AM,0.35,0.4,0.35,0.4,1540
11/22/2018 11:14:00 AM,0.35,0.35,0.35,0.35,20
11/22/2018 11:13:00 AM,0.4,0.4,0.35,0.35,2620
11/22/2018 11:12:00 AM,0.4,0.4,0.4,0.4,0
11/22/2018 11:11:00 AM,0.35,0.4,0.35,0.4,140
11/22/2018 11:10:00 AM,0.35,0.35,0.35,0.35,200
11/22/2018 11:09:00 AM,0.35,0.35,0.35,0.35,80
11/22/2018 11:08:00 AM,0.35,0.4,0.35,0.35,200
11/22/2018 11:07:00 AM,0.35,0.4,0.35,0.35,900
11/22/2018 11:06:00 AM,0.35,0.4,0.35,0.35,1440
11/22/2018 11:05:00 AM,0.4,0.4,0.35,0.35,380
11/22/2018 11:04:00 AM,0.4,0.4,0.35,0.4,5720
11/22/2018 11:03:00 AM,0.4,0.4,0.35,0.4,840
11/22/2018 11:02:00 AM,0.35,0.4,0.35,0.4,3680
11/22/2018 11:01:00 AM,0.4,0.4,0.35,0.4,3480
11/22/2018 11:00:00 AM,0.4,0.4,0.35,0.4,2360
11/22/2018 10:59:00 AM,0.4,0.4,0.4,0.4,1560
11/22/2018 10:58:00 AM,0.4,0.4,0.4,0.4,0
11/22/2018 10:57:00 AM,0.4,0.4,0.4,0.4,0
11/22/2018 10:56:00 AM,0.4,0.4,0.4,0.4,580
11/22/2018 10:55:00 AM,0.4,0.4,0.4,0.4,4320
11/22/2018 10:54:00 AM,0.4,0.45,0.35,0.4,3340
11/22/2018 10:53:00 AM,0.4,0.4,0.35,0.4,7580
11/22/2018 10:52:00 AM,0.45,0.45,0.4,0.4,11380
11/22/2018 10:51:00 AM,0.4,0.45,0.4,0.45,3500
11/22/2018 10:50:00 AM,0.4,0.45,0.35,0.4,15120
11/22/2018 10:49:00 AM,0.4,0.4,0.35,0.4,8520
11/22/2018 10:48:00 AM,0.35,0.4,0.35,0.4,7060
11/22/2018 10:47:00 AM,0.35,0.4,0.35,0.35,4820
11/22/2018 10:46:00 AM,0.4,0.4,0.35,0.35,740
11/22/2018 10:45:00 AM,0.45,0.45,0.4,0.4,10380
11/22/2018 10:44:00 AM,0.35,0.4,0.35,0.4,12720
11/22/2018 10:43:00 AM,0.4,0.4,0.35,0.35,160
11/22/2018 10:42:00 AM,0.4,0.4,0.4,0.4,2640
11/22/2018 10:41:00 AM,0.4,0.4,0.4,0.4,1940
11/22/2018 10:40:00 AM,0.35,0.4,0.35,0.4,140
11/22/2018 10:39:00 AM,0.35,0.4,0.35,0.35,920
11/22/2018 10:38:00 AM,0.35,0.4,0.35,0.35,220
11/22/2018 10:37:00 AM,0.4,0.4,0.35,0.35,640
11/22/2018 10:36:00 AM,0.35,0.35,0.35,0.35,0
11/22/2018 10:35:00 AM,0.35,0.4,0.35,0.35,1720
11/22/2018 10:34:00 AM,0.4,0.4,0.35,0.35,180
11/22/2018 10:33:00 AM,0.35,0.4,0.35,0.4,2720
11/22/2018 10:32:00 AM,0.4,0.4,0.35,0.35,280
11/22/2018 10:31:00 AM,0.4,0.4,0.35,0.4,18740
11/22/2018 10:30:00 AM,0.4,0.4,0.4,0.4,8920
11/22/2018 10:29:00 AM,0.35,0.4,0.35,0.4,500
11/22/2018 10:28:00 AM,0.35,0.35,0.35,0.35,840
11/22/2018 10:27:00 AM,0.35,0.35,0.35,0.35,360
11/22/2018 10:26:00 AM,0.35,0.4,0.35,0.35,820
11/22/2018 10:25:00 AM,0.4,0.4,0.35,0.35,1220
11/22/2018 10:24:00 AM,0.35,0.4,0.35,0.4,540
11/22/2018 10:23:00 AM,0.4,0.4,0.35,0.4,560
11/22/2018 10:22:00 AM,0.35,0.4,0.35,0.4,980
11/22/2018 10:21:00 AM,0.4,0.4,0.35,0.35,3280
11/22/2018 10:20:00 AM,0.4,0.4,0.35,0.4,6800
11/22/2018 10:19:00 AM,0.4,0.4,0.4,0.4,0
11/22/2018 10:18:00 AM,0.4,0.4,0.35,0.4,460
11/22/2018 10:17:00 AM,0.35,0.4,0.35,0.4,2600
11/22/2018 10:16:00 AM,0.35,0.4,0.35,0.35,12800
11/22/2018 10:15:00 AM,0.4,0.4,0.35,0.35,7860
11/22/2018 10:14:00 AM,0.35,0.4,0.35,0.4,1920
11/22/2018 10:13:00 AM,0.4,0.4,0.35,0.35,120
11/22/2018 10:12:00 AM,0.35,0.4,0.35,0.4,3020
11/22/2018 10:11:00 AM,0.35,0.35,0.35,0.35,280
11/22/2018 10:10:00 AM,0.35,0.4,0.35,0.35,220
11/22/2018 10:09:00 AM,0.35,0.4,0.35,0.35,2220
11/22/2018 10:08:00 AM,0.4,0.4,0.35,0.35,3100
11/22/2018 10:07:00 AM,0.35,0.4,0.35,0.4,140
11/22/2018 10:06:00 AM,0.35,0.4,0.35,0.35,9460
11/22/2018 10:05:00 AM,0.4,0.4,0.35,0.35,660
11/22/2018 10:04:00 AM,0.4,0.4,0.35,0.4,35800
11/22/2018 10:03:00 AM,0.4,0.4,0.4,0.4,5380
11/22/2018 10:02:00 AM,0.4,0.4,0.4,0.4,4100
11/22/2018 10:01:00 AM,0.4,0.4,0.35,0.4,7240
11/22/2018 10:00:00 AM,0.35,0.4,0.35,0.4,13340
11/22/2018 9:59:00 AM,0.4,0.45,0.35,0.35,32240
11/22/2018 9:58:00 AM,0.45,0.45,0.4,0.4,6880
11/22/2018 9:57:00 AM,0.4,0.45,0.4,0.45,3720
11/22/2018 9:56:00 AM,0.45,0.45,0.4,0.45,6100
11/22/2018 9:55:00 AM,0.4,0.45,0.4,0.45,11980
11/22/2018 9:54:00 AM,0.45,0.45,0.4,0.4,13800
11/22/2018 9:53:00 AM,0.5,0.5,0.45,0.45,2340
11/22/2018 9:52:00 AM,0.45,0.5,0.45,0.5,9500
11/22/2018 9:51:00 AM,0.5,0.5,0.45,0.45,11260
11/22/2018 9:50:00 AM,0.45,0.5,0.45,0.5,5320
11/22/2018 9:49:00 AM,0.5,0.55,0.5,0.5,12260
11/22/2018 9:48:00 AM,0.5,0.5,0.45,0.5,4160
11/22/2018 9:47:00 AM,0.5,0.5,0.45,0.5,3020
11/22/2018 9:46:00 AM,0.55,0.55,0.5,0.5,28000
11/22/2018 9:45:00 AM,0.6,0.6,0.55,0.55,34380
11/22/2018 9:44:00 AM,0.65,0.65,0.6,0.6,4240
11/22/2018 9:43:00 AM,0.65,0.7,0.6,0.65,24640
11/22/2018 9:42:00 AM,0.6,0.65,0.6,0.65,2820
11/22/2018 9:41:00 AM,0.6,0.6,0.55,0.6,5080
11/22/2018 9:40:00 AM,0.6,0.7,0.6,0.6,34880
11/22/2018 9:39:00 AM,0.55,0.6,0.55,0.6,14480
11/22/2018 9:38:00 AM,0.6,0.6,0.5,0.55,15740
11/22/2018 9:37:00 AM,0.6,0.6,0.55,0.6,7040
11/22/2018 9:36:00 AM,0.55,0.6,0.55,0.6,16080
11/22/2018 9:35:00 AM,0.55,0.6,0.5,0.55,10780
11/22/2018 9:34:00 AM,0.55,0.55,0.5,0.55,41900
11/22/2018 9:33:00 AM,0.6,0.6,0.55,0.55,12480
11/22/2018 9:32:00 AM,0.55,0.6,0.5,0.6,17160
11/22/2018 9:31:00 AM,0.6,0.6,0.5,0.55,21540
11/22/2018 9:30:00 AM,0.55,0.65,0.5,0.55,54840
11/22/2018 9:29:00 AM,0.55,0.6,0.5,0.55,22220
11/22/2018 9:28:00 AM,0.5,0.55,0.5,0.5,6820
11/22/2018 9:27:00 AM,0.6,0.6,0.5,0.55,16140
11/22/2018 9:26:00 AM,0.65,0.65,0.55,0.55,15160
11/22/2018 9:25:00 AM,0.6,0.7,0.6,0.65,15700
11/22/2018 9:24:00 AM,0.6,0.65,0.55,0.65,28460
11/22/2018 9:23:00 AM,0.55,0.65,0.55,0.6,22760
11/22/2018 9:22:00 AM,0.6,0.65,0.55,0.55,28540
11/22/2018 9:21:00 AM,0.7,0.7,0.6,0.6,35000
11/22/2018 9:20:00 AM,0.7,0.7,0.6,0.65,23280
11/22/2018 9:19:00 AM,0.65,0.75,0.6,0.7,22540
11/22/2018 9:18:00 AM,0.65,0.65,0.55,0.55,34000
11/22/2018 9:17:00 AM,0.55,0.65,0.5,0.6,31540
11/22/2018 9:16:00 AM,0.55,0.55,0.45,0.55,78820
11/22/2018 9:15:00 AM,0.95,1.05,0.45,0.55,86740
11/21/2018 3:29:00 PM,5.6,5.9,5.3,5.6,22020
11/21/2018 3:28:00 PM,5.65,5.9,5.55,5.65,21880
11/21/2018 3:27:00 PM,5.75,5.75,5.6,5.65,15020
11/21/2018 3:26:00 PM,5.65,5.85,5.6,5.75,19680
11/21/2018 3:25:00 PM,5.75,5.85,5.55,5.65,23260
11/21/2018 3:24:00 PM,6.05,6.05,5.75,5.8,7560
11/21/2018 3:23:00 PM,6.1,6.25,5.95,6.05,23140
11/21/2018 3:22:00 PM,6.2,6.2,5.95,6.1,13600
11/21/2018 3:21:00 PM,6.15,6.4,6.1,6.2,21320
11/21/2018 3:20:00 PM,6.35,6.35,6,6.2,18300
11/21/2018 3:19:00 PM,6,6.45,5.9,6.45,19640
11/21/2018 3:18:00 PM,5.75,6.05,5.7,5.95,17680
11/21/2018 3:17:00 PM,5.55,5.9,5.5,5.75,18700
11/21/2018 3:16:00 PM,5.4,5.7,5.4,5.55,17720
11/21/2018 3:15:00 PM,5.5,5.55,5.3,5.4,18660
11/21/2018 3:14:00 PM,5.65,5.7,5.4,5.45,15820
11/21/2018 3:13:00 PM,5.7,5.75,5.55,5.65,9480
11/21/2018 3:12:00 PM,5.65,5.8,5.55,5.7,11420
11/21/2018 3:11:00 PM,5.6,5.75,5.4,5.6,17380
11/21/2018 3:10:00 PM,5.35,5.55,5.3,5.5,16900
11/21/2018 3:09:00 PM,5.45,5.45,5.25,5.3,10620
11/21/2018 3:08:00 PM,5.6,5.65,5.4,5.45,14660
11/21/2018 3:07:00 PM,5.65,5.75,5.5,5.6,12060
11/21/2018 3:06:00 PM,6.05,6.1,5.6,5.7,10540
11/21/2018 3:05:00 PM,5.65,6.1,5.55,6,22680
11/21/2018 3:04:00 PM,5.3,5.8,5.3,5.65,22800
11/21/2018 3:03:00 PM,5.15,5.35,5.1,5.3,11740
11/21/2018 3:02:00 PM,5.05,5.25,5.05,5.15,14300
11/21/2018 3:01:00 PM,5.3,5.3,5.05,5.05,8440
11/21/2018 3:00:00 PM,5,5.3,4.95,5.2,20660
11/21/2018 2:59:00 PM,4.9,5.05,4.85,4.9,13220
11/21/2018 2:58:00 PM,4.9,4.9,4.8,4.9,16080
11/21/2018 2:57:00 PM,4.9,4.95,4.85,4.9,5820
11/21/2018 2:56:00 PM,5,5,4.8,4.9,12600
11/21/2018 2:55:00 PM,5.05,5.25,4.9,5,14620
11/21/2018 2:54:00 PM,5.05,5.25,5,5,18080
11/21/2018 2:53:00 PM,4.8,5,4.8,4.95,17880
11/21/2018 2:52:00 PM,4.85,4.9,4.8,4.8,14260
11/21/2018 2:51:00 PM,4.95,4.95,4.75,4.85,15420
11/21/2018 2:50:00 PM,5.1,5.15,4.95,4.95,11980
11/21/2018 2:49:00 PM,5.1,5.3,5,5.15,30020
11/21/2018 2:48:00 PM,5,5.2,5,5.15,16580
11/21/2018 2:47:00 PM,5.15,5.15,4.95,5,13120
11/21/2018 2:46:00 PM,5.05,5.15,4.95,5.05,21940
11/21/2018 2:45:00 PM,4.8,5,4.75,5,11800
11/21/2018 2:44:00 PM,4.9,4.95,4.75,4.75,4440
11/21/2018 2:43:00 PM,5.1,5.2,4.9,4.9,12640
11/21/2018 2:42:00 PM,4.95,5.15,4.95,5.15,13220
11/21/2018 2:41:00 PM,4.95,5,4.85,4.95,12300
11/21/2018 2:40:00 PM,4.9,5.05,4.8,4.95,14600
11/21/2018 2:39:00 PM,4.8,4.9,4.7,4.9,11900
11/21/2018 2:38:00 PM,5,5.1,4.85,4.85,36140
11/21/2018 2:37:00 PM,4.95,5.1,4.85,5,21780
11/21/2018 2:36:00 PM,4.85,5,4.75,5,30380
11/21/2018 2:35:00 PM,4.7,4.85,4.6,4.85,20320
11/21/2018 2:34:00 PM,4.85,4.95,4.7,4.7,27420
11/21/2018 2:33:00 PM,4.8,4.9,4.75,4.9,31460
11/21/2018 2:32:00 PM,4.7,4.85,4.7,4.8,15380
11/21/2018 2:31:00 PM,5.1,5.1,4.75,4.75,28760
11/21/2018 2:30:00 PM,5.35,5.35,5.1,5.1,8280
11/21/2018 2:29:00 PM,5.35,5.45,5.2,5.3,13020
11/21/2018 2:28:00 PM,5.15,5.4,5.1,5.3,15420
11/21/2018 2:27:00 PM,5.5,5.5,5.1,5.2,12380
11/21/2018 2:26:00 PM,5.65,5.85,5.45,5.55,8500
11/21/2018 2:25:00 PM,5.75,5.95,5.65,5.65,13180
11/21/2018 2:24:00 PM,5.85,6,5.7,5.75,8000
11/21/2018 2:23:00 PM,6.1,6.2,5.8,5.85,16160
11/21/2018 2:22:00 PM,5.8,6.2,5.8,6.2,36640
11/21/2018 2:21:00 PM,5.8,5.9,5.65,5.85,8800
11/21/2018 2:20:00 PM,5.5,5.8,5.45,5.8,12500
11/21/2018 2:19:00 PM,5.75,5.9,5.45,5.5,28200
11/21/2018 2:18:00 PM,5.8,5.85,5.45,5.75,24660
11/21/2018 2:17:00 PM,6.1,6.1,5.75,5.8,12620
11/21/2018 2:16:00 PM,6.2,6.25,6.05,6.05,12920
11/21/2018 2:15:00 PM,6,6.2,5.9,6.2,15280
11/21/2018 2:14:00 PM,6.2,6.25,5.9,5.9,14280
11/21/2018 2:13:00 PM,6.1,6.25,5.85,6.15,51440
11/21/2018 2:12:00 PM,6.3,6.5,6.05,6.1,21240
11/21/2018 2:11:00 PM,6.15,6.6,6.15,6.3,46800
11/21/2018 2:10:00 PM,6.45,6.45,6.1,6.2,28500
11/21/2018 2:09:00 PM,7.1,7.15,6.3,6.45,19900
11/21/2018 2:08:00 PM,7.1,7.2,6.95,7.1,4860
11/21/2018 2:07:00 PM,7.35,7.4,7.05,7.1,6220
11/21/2018 2:06:00 PM,7.6,7.7,7.3,7.3,5700
11/21/2018 2:05:00 PM,7.7,7.75,7.4,7.6,2860
11/21/2018 2:04:00 PM,7.85,8.2,7.8,7.8,8680
11/21/2018 2:03:00 PM,7.9,8.1,7.8,7.8,7160
11/21/2018 2:02:00 PM,7.55,7.9,7.5,7.9,1500
11/21/2018 2:01:00 PM,7.15,7.7,7.15,7.55,4840
11/21/2018 2:00:00 PM,7.2,7.35,6.95,7.2,9360
11/21/2018 1:59:00 PM,7.35,7.4,7.2,7.25,6020
11/21/2018 1:58:00 PM,7.4,7.7,7.25,7.25,15700
11/21/2018 1:57:00 PM,7.65,7.65,7.25,7.5,12340
11/21/2018 1:56:00 PM,7.55,7.7,7.4,7.6,12200
11/21/2018 1:55:00 PM,6.9,7.5,6.9,7.5,18060
11/21/2018 1:54:00 PM,7.1,7.25,6.9,6.9,15620
11/21/2018 1:53:00 PM,6.8,7.3,6.8,7.25,15280
11/21/2018 1:52:00 PM,7,7.15,6.75,6.9,12400
11/21/2018 1:51:00 PM,7.3,7.3,6.9,7.15,15280
11/21/2018 1:50:00 PM,7.1,7.35,7.05,7.3,8320
11/21/2018 1:49:00 PM,7.1,7.3,7.05,7.15,12400
11/21/2018 1:48:00 PM,6.75,7.15,6.55,7.15,32080
11/21/2018 1:47:00 PM,7.1,7.2,6.7,6.7,34340
11/21/2018 1:46:00 PM,7.3,7.3,6.8,7.1,9220
11/21/2018 1:45:00 PM,7.1,7.25,6.85,7.25,21140
11/21/2018 1:44:00 PM,8.25,8.3,7,7,24760
11/21/2018 1:43:00 PM,7.95,8.2,7.65,8.2,10100
11/21/2018 1:42:00 PM,8.15,8.55,7.95,7.95,12180
11/21/2018 1:41:00 PM,8.15,8.35,7.8,8.15,14160
11/21/2018 1:40:00 PM,9,9,8.15,8.15,7420
11/21/2018 1:39:00 PM,9.1,9.25,8.55,9,8960
11/21/2018 1:38:00 PM,10.3,10.4,9.1,9.1,19740
11/21/2018 1:37:00 PM,9.7,10.35,9.65,10.25,14520
11/21/2018 1:36:00 PM,9.3,9.95,9.15,9.7,21320
11/21/2018 1:35:00 PM,8.6,9.5,8.45,9.25,16960
11/21/2018 1:34:00 PM,8.35,8.75,8.15,8.75,14280
11/21/2018 1:33:00 PM,8.3,8.4,8.2,8.35,7360
11/21/2018 1:32:00 PM,8.3,8.4,8.15,8.3,5140
11/21/2018 1:31:00 PM,8.6,8.75,8.2,8.35,7820
11/21/2018 1:30:00 PM,8.55,8.85,8.55,8.6,15760
11/21/2018 1:29:00 PM,8.65,8.7,8.5,8.6,5760
11/21/2018 1:28:00 PM,8.6,8.8,8.45,8.65,9000
11/21/2018 1:27:00 PM,8.55,8.8,8.55,8.55,5620
11/21/2018 1:26:00 PM,8.35,8.6,8.35,8.55,11600
11/21/2018 1:25:00 PM,8.45,8.55,8.25,8.4,3520
11/21/2018 1:24:00 PM,8.2,8.45,7.95,8.45,14120
11/21/2018 1:23:00 PM,8.95,8.95,8.2,8.2,7900
11/21/2018 1:22:00 PM,9.25,9.25,8.8,8.95,9020
11/21/2018 1:21:00 PM,8.65,9.3,8.65,9.2,7760
11/21/2018 1:20:00 PM,8.75,9,8.5,8.65,5600
11/21/2018 1:19:00 PM,8.95,8.95,8.5,8.85,6860
11/21/2018 1:18:00 PM,9.25,9.25,8.85,8.95,10860
11/21/2018 1:17:00 PM,9.05,9.75,8.95,9.3,21680
11/21/2018 1:16:00 PM,8.75,9,8.6,9,13020
11/21/2018 1:15:00 PM,8.9,9.05,8.5,8.75,10780
11/21/2018 1:14:00 PM,8.95,9,8.7,8.9,14180
11/21/2018 1:13:00 PM,8.95,9,8.6,8.9,17660
11/21/2018 1:12:00 PM,8.45,8.9,8.45,8.9,14060
11/21/2018 1:11:00 PM,8.7,8.8,8.3,8.45,8200
11/21/2018 1:10:00 PM,8.05,8.9,8,8.7,61980
11/21/2018 1:09:00 PM,8.35,8.4,7.95,8.05,10960
11/21/2018 1:08:00 PM,7.7,8.5,7.7,8.4,28080
11/21/2018 1:07:00 PM,8,8.15,7.8,7.8,11840
11/21/2018 1:06:00 PM,7.85,8.1,7.8,8,9200
11/21/2018 1:05:00 PM,7.55,8.05,7.55,7.8,12540
11/21/2018 1:04:00 PM,8.05,8.05,7.4,7.55,19560
11/21/2018 1:03:00 PM,8.15,8.25,7.95,7.95,18560
11/21/2018 1:02:00 PM,8.45,8.5,8.05,8.15,19800
11/21/2018 1:01:00 PM,9.1,9.1,8.35,8.35,18120
11/21/2018 1:00:00 PM,9,9.3,9,9.1,8000
11/21/2018 12:59:00 PM,9.15,9.15,8.8,9,7520
11/21/2018 12:58:00 PM,9.1,9.55,9.1,9.15,17040
11/21/2018 12:57:00 PM,8.85,9.15,8.85,9.1,14880
11/21/2018 12:56:00 PM,8.3,9,8.3,8.85,20160
11/21/2018 12:55:00 PM,8.35,8.45,8.2,8.3,9360
11/21/2018 12:54:00 PM,8.5,8.5,8.25,8.35,13740
11/21/2018 12:53:00 PM,8.35,8.55,8.2,8.5,12640
11/21/2018 12:52:00 PM,8.65,8.75,8.2,8.3,18120
11/21/2018 12:51:00 PM,8.85,8.85,8.45,8.65,16760
11/21/2018 12:50:00 PM,9.05,9.1,8.75,8.75,18340
11/21/2018 12:49:00 PM,8.85,9.2,8.85,9.05,12460
11/21/2018 12:48:00 PM,8.7,9.1,8.5,8.75,20860
11/21/2018 12:47:00 PM,8.6,8.9,8.2,8.65,24620
11/21/2018 12:46:00 PM,8.3,8.5,8.2,8.35,24100
11/21/2018 12:45:00 PM,8.75,8.75,8.3,8.4,13940
11/21/2018 12:44:00 PM,9.05,9.1,8.75,8.75,9020
11/21/2018 12:43:00 PM,9.1,9.1,8.6,9,12380
11/21/2018 12:42:00 PM,9.25,9.3,8.9,9.15,16600
11/21/2018 12:41:00 PM,8.85,9.4,8.7,9.3,19860
11/21/2018 12:40:00 PM,8.85,8.95,8.55,8.9,12020
11/21/2018 12:39:00 PM,8.8,8.8,8.6,8.75,7820
11/21/2018 12:38:00 PM,8.6,8.85,8.5,8.85,14020
11/21/2018 12:37:00 PM,8.5,8.8,8.5,8.55,21520
11/21/2018 12:36:00 PM,8.65,8.85,8.5,8.5,22360
11/21/2018 12:35:00 PM,8.35,8.65,8.15,8.65,14900
11/21/2018 12:34:00 PM,8.8,8.9,8.4,8.45,28660
11/21/2018 12:33:00 PM,8.6,8.9,8.55,8.75,44540
11/21/2018 12:32:00 PM,8.55,8.75,8.45,8.65,33160
11/21/2018 12:31:00 PM,8.1,8.75,8.1,8.55,26280
11/21/2018 12:30:00 PM,8.3,8.4,7.9,8.05,37200
11/21/2018 12:29:00 PM,7.5,8.35,7.5,8.3,54080
11/21/2018 12:28:00 PM,8.1,8.1,7.25,7.5,49320
11/21/2018 12:27:00 PM,8.55,8.6,7.85,8.2,59220
11/21/2018 12:26:00 PM,8.7,8.85,8.5,8.5,32520
11/21/2018 12:25:00 PM,9,9.1,8.7,8.75,18760
11/21/2018 12:24:00 PM,9.2,9.25,8.85,9,19940
11/21/2018 12:23:00 PM,8.9,9.15,8.85,9.15,18000
11/21/2018 12:22:00 PM,8.9,9,8.65,8.9,22820
11/21/2018 12:21:00 PM,8.65,9,8.5,8.85,38060
11/21/2018 12:20:00 PM,8.7,8.8,8.1,8.7,86420
11/21/2018 12:19:00 PM,9.15,9.5,8.8,8.8,64040
11/21/2018 12:18:00 PM,8.85,9.3,8.7,9.25,59980
11/21/2018 12:17:00 PM,9.4,9.4,8.45,8.75,77240
11/21/2018 12:16:00 PM,11.4,11.4,9.4,9.4,108720
11/21/2018 12:15:00 PM,11.4,11.7,11.3,11.4,6700
11/21/2018 12:14:00 PM,11.25,11.55,11,11.2,9880
11/21/2018 12:13:00 PM,11.3,11.6,11.15,11.35,13880
11/21/2018 12:12:00 PM,11.45,11.6,11.2,11.2,16340
11/21/2018 12:11:00 PM,12,12,11.35,11.35,9520
11/21/2018 12:10:00 PM,12.3,12.3,11.95,11.95,3240
11/21/2018 12:09:00 PM,12.35,12.8,12.3,12.3,7420
11/21/2018 12:08:00 PM,12.2,12.45,11.95,12.25,4580
11/21/2018 12:07:00 PM,12.2,12.55,12,12.15,2340
11/21/2018 12:06:00 PM,12.6,12.75,12.05,12.2,15140
11/21/2018 12:05:00 PM,11.75,12.6,11.6,12.6,10600
11/21/2018 12:04:00 PM,11.75,11.75,11.2,11.75,10240
11/21/2018 12:03:00 PM,11.8,11.95,11.5,11.5,4380
11/21/2018 12:02:00 PM,11.8,11.85,11.5,11.8,8760
11/21/2018 12:01:00 PM,11.9,12.05,11.65,11.8,5540
11/21/2018 12:00:00 PM,12.3,12.5,11.65,11.9,9580
11/21/2018 11:59:00 AM,12.5,12.65,12.3,12.4,9160
11/21/2018 11:58:00 AM,12.05,12.6,12,12.6,8300
11/21/2018 11:57:00 AM,12.05,12.1,11.6,12.05,9260
11/21/2018 11:56:00 AM,11.7,12.2,11.65,12.05,16300
11/21/2018 11:55:00 AM,11.6,11.85,11.25,11.7,24740
11/21/2018 11:54:00 AM,11.05,11.8,11,11.8,22820
11/21/2018 11:53:00 AM,11.3,11.4,10.75,11.05,18220
11/21/2018 11:52:00 AM,11,11.45,10.9,11.3,26220
11/21/2018 11:51:00 AM,11.1,11.15,10.65,11.1,44260
11/21/2018 11:50:00 AM,11.4,12.15,11.05,11.25,34380
11/21/2018 11:49:00 AM,12.3,12.65,11.4,11.45,27240
11/21/2018 11:48:00 AM,12.9,12.95,12.2,12.25,19680
11/21/2018 11:47:00 AM,12.7,13.15,12.5,12.9,8420
11/21/2018 11:46:00 AM,13.25,13.5,12.5,12.8,30960
11/21/2018 11:45:00 AM,15.05,15.05,13,13.25,30740
11/21/2018 11:44:00 AM,14.6,15.15,14.5,15.1,9220
11/21/2018 11:43:00 AM,14.5,15,14.5,14.6,7780
11/21/2018 11:42:00 AM,14.8,15.2,14.5,14.5,5000
11/21/2018 11:41:00 AM,14.95,15.1,14.75,14.85,4840
11/21/2018 11:40:00 AM,14.45,15,14.25,14.95,10800
11/21/2018 11:39:00 AM,15.3,15.3,14.25,14.4,6220
11/21/2018 11:38:00 AM,15.2,15.3,14.65,15.3,6840
11/21/2018 11:37:00 AM,14.75,15.2,14.2,15.2,18360
11/21/2018 11:36:00 AM,15.05,15.4,14.5,14.75,17080
11/21/2018 11:35:00 AM,15.7,15.7,14.75,15.05,21440
11/21/2018 11:34:00 AM,15.9,16,15.65,15.7,6680
11/21/2018 11:33:00 AM,16.5,16.55,15.5,16,17560
11/21/2018 11:32:00 AM,16.75,17.45,16.45,16.45,14100
11/21/2018 11:31:00 AM,17.3,17.35,16.6,16.9,10480
11/21/2018 11:30:00 AM,17.85,17.95,17,17.3,9520
11/21/2018 11:29:00 AM,17.55,17.85,17.25,17.85,12100
11/21/2018 11:28:00 AM,16.6,17.6,16.55,17.55,13100
11/21/2018 11:27:00 AM,16.15,16.85,15.75,16.55,12160
11/21/2018 11:26:00 AM,16.3,16.7,16.1,16.15,11320
11/21/2018 11:25:00 AM,15.85,16.4,15.65,16.3,9840
11/21/2018 11:24:00 AM,15.85,15.95,15.55,15.9,4460
11/21/2018 11:23:00 AM,16,16.05,15.5,15.85,2160
11/21/2018 11:22:00 AM,16.25,16.5,15.65,16,6840
11/21/2018 11:21:00 AM,17.1,17.15,15.95,16.25,14520
11/21/2018 11:20:00 AM,17,17.3,16.5,17.05,6200
11/21/2018 11:19:00 AM,16.95,17.25,16.6,17.1,16120
11/21/2018 11:18:00 AM,17.1,17.2,16.4,16.95,4880
11/21/2018 11:17:00 AM,15.7,17.1,15.7,17.1,13000
11/21/2018 11:16:00 AM,17.1,17.1,15.35,15.75,22040
11/21/2018 11:15:00 AM,17.05,17.85,17.05,17.1,5600
11/21/2018 11:14:00 AM,17.1,17.15,16.75,17.05,4140
11/21/2018 11:13:00 AM,18.3,18.4,17,17.1,18960
11/21/2018 11:12:00 AM,17.75,18.25,17.25,18.2,28040
11/21/2018 11:11:00 AM,17.6,17.75,16.85,17.75,10820
11/21/2018 11:10:00 AM,17.7,17.9,16.5,17.6,13080
11/21/2018 11:09:00 AM,16.4,17.95,16.4,17.75,9800
11/21/2018 11:08:00 AM,17.1,17.55,16.7,16.7,8400
11/21/2018 11:07:00 AM,17.3,17.3,16.2,16.9,12160
11/21/2018 11:06:00 AM,17.05,17.5,16.7,17.45,8560
11/21/2018 11:05:00 AM,16.85,17.7,16.85,17.05,6280
11/21/2018 11:04:00 AM,16.3,16.95,15.7,16.85,6560
11/21/2018 11:03:00 AM,16.5,16.85,16.2,16.3,7740
11/21/2018 11:02:00 AM,17.65,17.65,16.2,16.65,20260
11/21/2018 11:01:00 AM,18.15,18.3,17.55,17.65,9540
11/21/2018 11:00:00 AM,17.75,18.65,17.55,18.3,8080
11/21/2018 10:59:00 AM,17.2,18.05,17.2,17.7,9840
11/21/2018 10:58:00 AM,16.85,17.9,16.75,17.2,20440
11/21/2018 10:57:00 AM,15.85,16.9,15.85,16.9,7300
11/21/2018 10:56:00 AM,15.7,16.15,15.6,15.85,12760
11/21/2018 10:55:00 AM,15.1,15.7,14.85,15.7,11400
11/21/2018 10:54:00 AM,17.4,17.5,14.75,14.9,31640
11/21/2018 10:53:00 AM,17.45,17.8,16.55,17.4,8500
11/21/2018 10:52:00 AM,17,17.5,17,17.35,5760
11/21/2018 10:51:00 AM,17,17.05,16.45,17,8220
11/21/2018 10:50:00 AM,17.05,17.5,16.7,17,17800
11/21/2018 10:49:00 AM,16.9,16.95,16.3,16.9,10920
11/21/2018 10:48:00 AM,16.65,17.1,16.55,17,12880
11/21/2018 10:47:00 AM,17.25,17.4,16.6,16.75,32680
11/21/2018 10:46:00 AM,17.75,17.75,17.25,17.25,11520
11/21/2018 10:45:00 AM,18.9,19.3,17.75,17.75,20660
11/21/2018 10:44:00 AM,18.45,19.25,17.85,18.85,8100
11/21/2018 10:43:00 AM,18,18.45,17.6,18.25,15360
11/21/2018 10:42:00 AM,18.95,19.15,18,18.2,12220
11/21/2018 10:41:00 AM,18.1,19,17.5,18.9,10080
11/21/2018 10:40:00 AM,17.85,18.45,17.65,18.1,14460
11/21/2018 10:39:00 AM,17.25,18.5,17.25,17.85,13280
11/21/2018 10:38:00 AM,17.25,17.6,16.75,17.05,11180
11/21/2018 10:37:00 AM,19,19.15,17.15,17.15,25320
11/21/2018 10:36:00 AM,19.5,19.55,18.6,19,7960
11/21/2018 10:35:00 AM,19.6,20.05,19.05,19.6,19280
11/21/2018 10:34:00 AM,19,19.85,18.75,19.25,20980
11/21/2018 10:33:00 AM,19.1,20.35,19.05,19.05,21440
11/21/2018 10:32:00 AM,19.7,19.7,18.95,19.1,29580
11/21/2018 10:31:00 AM,20.75,21.25,19.55,19.6,35640
11/21/2018 10:30:00 AM,19.05,21,19,20.4,37720
11/21/2018 10:29:00 AM,17.85,19.6,17.8,19,21100
11/21/2018 10:28:00 AM,18.2,18.45,17.65,17.85,20060
11/21/2018 10:27:00 AM,18.4,19.15,18.1,18.3,31280
11/21/2018 10:26:00 AM,19,19.9,18.25,18.65,52500
11/21/2018 10:25:00 AM,18,19.5,17.8,19.15,58980
11/21/2018 10:24:00 AM,16.35,17.9,16.15,17.9,16340
11/21/2018 10:23:00 AM,17,17.35,16.15,16.35,19420
11/21/2018 10:22:00 AM,17.4,17.8,16.9,17.1,32800
11/21/2018 10:21:00 AM,16.6,17.95,16.55,17.35,36980
11/21/2018 10:20:00 AM,15.15,16.8,15.1,16.4,51600
11/21/2018 10:19:00 AM,14.3,16.1,14.2,15.1,43300
11/21/2018 10:18:00 AM,14,15,13.85,14.3,25820
11/21/2018 10:17:00 AM,14.05,14.5,13.9,13.9,18720
11/21/2018 10:16:00 AM,13.7,14.25,13.35,13.95,8940
11/21/2018 10:15:00 AM,13.65,14.35,13.3,13.9,6760
11/21/2018 10:14:00 AM,13.95,14.25,13.55,13.55,14840
11/21/2018 10:13:00 AM,14.65,15.15,14,14,9400
11/21/2018 10:12:00 AM,14.9,15.25,14.6,14.65,29280
11/21/2018 10:11:00 AM,13.8,14.95,13.65,14.75,17240
11/21/2018 10:10:00 AM,14,14.4,13.8,13.8,11100
11/21/2018 10:09:00 AM,13.6,14.25,13.15,14,14420
11/21/2018 10:08:00 AM,13.85,14.1,12.9,13.55,18080
11/21/2018 10:07:00 AM,13.8,13.95,13.35,13.85,7040
11/21/2018 10:06:00 AM,13,13.55,12.9,13.55,8500
11/21/2018 10:05:00 AM,13.4,13.45,12.8,13,14720
11/21/2018 10:04:00 AM,13.45,13.9,12.95,13.35,9020
11/21/2018 10:03:00 AM,12.95,13.5,12.6,13.5,17720
11/21/2018 10:02:00 AM,13,13,12.1,12.9,19800
11/21/2018 10:01:00 AM,13.25,13.4,12.85,12.9,12340
11/21/2018 10:00:00 AM,13.7,13.75,13.1,13.35,19340
11/21/2018 9:59:00 AM,13.95,14.3,13.75,13.8,6720
11/21/2018 9:58:00 AM,14.7,15.1,13.9,13.9,8620
11/21/2018 9:57:00 AM,14.1,14.75,14.1,14.75,25080
11/21/2018 9:56:00 AM,14.3,14.5,14.05,14.25,9740
11/21/2018 9:55:00 AM,14.35,14.5,13.95,14.25,11420
11/21/2018 9:54:00 AM,13.15,14.35,13.15,14.35,21140
11/21/2018 9:53:00 AM,13,13.15,12.6,13.15,11060
11/21/2018 9:52:00 AM,13.6,13.65,12.8,12.8,12780
11/21/2018 9:51:00 AM,14,14.15,13.3,13.6,9000
11/21/2018 9:50:00 AM,13.65,14,13.55,14,6760
11/21/2018 9:49:00 AM,13,13.6,12.95,13.6,9360
11/21/2018 9:48:00 AM,12.95,13.9,12.95,13.1,14620
11/21/2018 9:47:00 AM,13.35,13.5,12.6,13.05,27380
11/21/2018 9:46:00 AM,14.35,14.35,13.5,13.5,13160
11/21/2018 9:45:00 AM,13.3,14.35,13.3,14.35,10140
11/21/2018 9:44:00 AM,14.1,14.1,13.25,13.25,27000
11/21/2018 9:43:00 AM,14.4,14.65,14,14.15,18920
11/21/2018 9:42:00 AM,13.95,14.45,13.9,14.4,32780
11/21/2018 9:41:00 AM,13.2,13.85,12.9,13.85,11300
11/21/2018 9:40:00 AM,14.05,14.2,13.35,13.4,19500
11/21/2018 9:39:00 AM,13.9,14.3,13.85,13.95,14980
11/21/2018 9:38:00 AM,13.65,14.1,13.65,13.95,12600
11/21/2018 9:37:00 AM,14.4,14.45,13.65,13.65,12800
11/21/2018 9:36:00 AM,14.4,14.8,14.2,14.3,31200
11/21/2018 9:35:00 AM,14,14.5,13.5,14.4,17080
11/21/2018 9:34:00 AM,14.3,14.85,13.95,14,18360
11/21/2018 9:33:00 AM,13.95,14.3,13.45,14.25,30300
11/21/2018 9:32:00 AM,14,14.1,13.55,13.95,16060
11/21/2018 9:31:00 AM,14.1,14.9,13.9,14.2,21780
11/21/2018 9:30:00 AM,13.2,14.3,13.05,14.1,16500
11/21/2018 9:29:00 AM,12.9,13.5,12.7,13.3,14480
11/21/2018 9:28:00 AM,13.45,14,13.15,13.35,21500
11/21/2018 9:27:00 AM,13.05,13.65,13.05,13.6,23380
11/21/2018 9:26:00 AM,12.15,13.1,12.15,12.85,41500
11/21/2018 9:25:00 AM,13,13,11.95,12.2,49520
11/21/2018 9:24:00 AM,13.5,13.9,12.95,12.95,31760
11/21/2018 9:23:00 AM,13.25,13.85,12.95,13.65,45360
11/21/2018 9:22:00 AM,15,15.15,12.9,13.3,60720
11/21/2018 9:21:00 AM,16.55,16.65,15.15,15.25,46740
11/21/2018 9:20:00 AM,17.4,17.85,16.3,16.4,31240
11/21/2018 9:19:00 AM,17.55,18.45,17.15,17.4,35320
11/21/2018 9:18:00 AM,17.15,18.05,16.7,17.55,50840
11/21/2018 9:17:00 AM,19.15,19.4,16.5,17.15,42260
11/21/2018 9:16:00 AM,18.8,20.1,18.55,19.35,35880
11/21/2018 9:15:00 AM,25.75,25.75,15.8,19,76140
11/20/2018 3:29:00 PM,29.85,30,28.6,29.05,23080
11/20/2018 3:28:00 PM,29.65,30.2,29.3,29.85,26320
11/20/2018 3:27:00 PM,28.6,29.5,28.15,29.35,22100
11/20/2018 3:26:00 PM,27.8,28.55,27.6,28.4,23580
11/20/2018 3:25:00 PM,28.4,28.6,27.65,27.8,17760
11/20/2018 3:24:00 PM,28.9,28.95,28.4,28.5,12000
11/20/2018 3:23:00 PM,28.05,29,27.9,28.7,14720
11/20/2018 3:22:00 PM,28.75,29.05,27.6,28,9180
11/20/2018 3:21:00 PM,28.3,28.9,28.15,28.75,11980
11/20/2018 3:20:00 PM,27.7,28.5,27.55,28.15,31940
11/20/2018 3:19:00 PM,27.5,28.15,27.4,27.7,7140
11/20/2018 3:18:00 PM,27.05,28.35,26.9,27.5,14760
11/20/2018 3:17:00 PM,28.5,28.7,27.05,27.05,20300
11/20/2018 3:16:00 PM,27.45,29.2,27.45,28.6,22620
11/20/2018 3:15:00 PM,27,27.85,26.7,27.5,19300
11/20/2018 3:14:00 PM,27.75,28.35,26.55,27,18460
11/20/2018 3:13:00 PM,26.35,27.75,25.85,27.75,18440
11/20/2018 3:12:00 PM,26.1,27.2,25.7,26.35,27420
11/20/2018 3:11:00 PM,26.55,26.8,25.3,26.55,22100
11/20/2018 3:10:00 PM,28.7,28.75,26.3,26.3,25220
11/20/2018 3:09:00 PM,27.15,28.75,27.1,28.65,14900
11/20/2018 3:08:00 PM,26.7,27.35,26.15,27.1,11980
11/20/2018 3:07:00 PM,26.4,27.55,25.95,26.9,21640
11/20/2018 3:06:00 PM,24.95,26.75,24.8,26.45,28320
11/20/2018 3:05:00 PM,26.95,27.8,24.7,24.7,52480
11/20/2018 3:04:00 PM,27.8,28,26.7,26.7,39000
11/20/2018 3:03:00 PM,31.25,31.25,27.6,27.9,54160
11/20/2018 3:02:00 PM,34.3,34.3,31.1,31.25,37480
11/20/2018 3:01:00 PM,35.4,36.15,34.1,34.1,18440
11/20/2018 3:00:00 PM,38.05,38.5,34.95,35.2,16100
11/20/2018 2:59:00 PM,37.9,39,37.9,38.25,11540
11/20/2018 2:58:00 PM,37.55,38,36.75,37.85,6960
11/20/2018 2:57:00 PM,37.7,38.4,36.45,37.5,14400
11/20/2018 2:56:00 PM,37.05,38.1,36,38,12600
11/20/2018 2:55:00 PM,37.55,37.55,35.55,37.05,11900
11/20/2018 2:54:00 PM,36.75,37.5,35.7,37.5,12280
11/20/2018 2:53:00 PM,36.8,36.95,35.65,36.8,10960
11/20/2018 2:52:00 PM,35.05,36.8,34.9,36.45,21180
11/20/2018 2:51:00 PM,34.95,36.55,33.85,35.05,18620
11/20/2018 2:50:00 PM,36.25,36.75,34.8,34.85,15260
11/20/2018 2:49:00 PM,36.2,37.15,35.25,36.25,16580
11/20/2018 2:48:00 PM,37.4,37.45,35.2,36.2,25160
11/20/2018 2:47:00 PM,39.15,39.7,36.85,37.3,25020
11/20/2018 2:46:00 PM,42,42.5,38.8,38.8,41460
11/20/2018 2:45:00 PM,41.35,42.15,41.2,41.9,10940
11/20/2018 2:44:00 PM,41.8,42.05,40.35,41.35,23600
11/20/2018 2:43:00 PM,43.7,44.25,40.85,41.8,26540
11/20/2018 2:42:00 PM,42.95,44.6,42.3,44.2,19100
11/20/2018 2:41:00 PM,43.95,44.45,42.8,42.85,25360
11/20/2018 2:40:00 PM,42.65,43.85,42.05,43.85,12160
11/20/2018 2:39:00 PM,43,43.8,42.65,42.65,17860
11/20/2018 2:38:00 PM,41.75,43.05,41.5,43.05,12540
11/20/2018 2:37:00 PM,40,42.15,39.9,41.65,18700
11/20/2018 2:36:00 PM,40.95,41.25,39,40.25,37500
11/20/2018 2:35:00 PM,40.35,42.2,40,41.55,25320
11/20/2018 2:34:00 PM,42.95,43.5,40.15,40.15,36500
11/20/2018 2:33:00 PM,44.95,45.8,42.75,42.85,33380
11/20/2018 2:32:00 PM,43.25,45,42.95,44.6,22280
11/20/2018 2:31:00 PM,43.55,44.2,42.9,43.25,23700
11/20/2018 2:30:00 PM,45,45.25,43.15,43.75,32440
11/20/2018 2:29:00 PM,42,44.85,41.6,44.85,21860
11/20/2018 2:28:00 PM,44.1,44.45,41.55,42,20940
11/20/2018 2:27:00 PM,44.45,45.4,43.7,44.15,43360
11/20/2018 2:26:00 PM,43.75,44.65,42.4,44.35,22000
11/20/2018 2:25:00 PM,42,43.85,42,43.75,11780
11/20/2018 2:24:00 PM,41.05,42.6,41.05,41.5,10440
11/20/2018 2:23:00 PM,43.25,43.25,41.05,41.05,20280
11/20/2018 2:22:00 PM,43.45,44.9,43.45,43.5,15060
11/20/2018 2:21:00 PM,43.2,44.6,43,43.65,31360
11/20/2018 2:20:00 PM,42,44.8,41.65,43.5,32780
11/20/2018 2:19:00 PM,41.6,42.1,40.85,41.7,6580
11/20/2018 2:18:00 PM,42.9,43.3,41.6,41.6,10300
11/20/2018 2:17:00 PM,41.55,43.3,41.15,43.05,8000
11/20/2018 2:16:00 PM,41.65,42.5,40.45,41.55,14220
11/20/2018 2:15:00 PM,40.9,42.15,40.75,41.6,9880
11/20/2018 2:14:00 PM,41.1,41.2,39.7,41.2,27320
11/20/2018 2:13:00 PM,42,42.8,41.25,41.45,7140
11/20/2018 2:12:00 PM,42.8,42.8,40.7,42,17000
11/20/2018 2:11:00 PM,42.85,44.2,42.05,42.8,11800
11/20/2018 2:10:00 PM,43.95,45.15,42.7,42.7,32540
11/20/2018 2:09:00 PM,41.6,44.15,41.6,44.15,10340
11/20/2018 2:08:00 PM,42.85,44.3,41.5,41.5,18440
11/20/2018 2:07:00 PM,41,43.15,41,43,9740
11/20/2018 2:06:00 PM,42,42,40.4,41,15260
11/20/2018 2:05:00 PM,40.2,42.95,39.55,42,16140
11/20/2018 2:04:00 PM,37.6,40.2,37.6,39.7,17040
11/20/2018 2:03:00 PM,35.15,37.55,34.8,37.55,8460
11/20/2018 2:02:00 PM,36.05,36.4,34.65,35.1,8500
11/20/2018 2:01:00 PM,37.65,38.05,35.65,35.95,16740
11/20/2018 2:00:00 PM,38.85,39.05,37.45,37.45,11580
11/20/2018 1:59:00 PM,38,39.65,37.8,38.9,13020
11/20/2018 1:58:00 PM,38.1,38.5,37.9,38,3500
11/20/2018 1:57:00 PM,36.7,38.25,36.7,38.05,9240
11/20/2018 1:56:00 PM,37.8,38.3,37,37.8,9960
11/20/2018 1:55:00 PM,36.5,38.05,36.2,37.8,13740
11/20/2018 1:54:00 PM,36.85,37.35,36.15,36.2,8520
11/20/2018 1:53:00 PM,38.5,38.8,36.65,36.85,12660
11/20/2018 1:52:00 PM,38.35,39.8,38.25,38.5,8180
11/20/2018 1:51:00 PM,37.6,38.7,37.3,38,13900
11/20/2018 1:50:00 PM,38,39.2,37.65,37.65,7980
11/20/2018 1:49:00 PM,39.25,39.4,37.8,37.8,12780
11/20/2018 1:48:00 PM,42,42,39.15,39.25,20340
11/20/2018 1:47:00 PM,42.7,43.6,41.5,42.05,19500
11/20/2018 1:46:00 PM,41,42.75,41,42.4,12260
11/20/2018 1:45:00 PM,39.75,41.05,39,41,18360
11/20/2018 1:44:00 PM,41.8,42.65,39.8,39.8,9800
11/20/2018 1:43:00 PM,41,41.95,41,41.95,4960
11/20/2018 1:42:00 PM,43.1,43.65,41,41,15220
11/20/2018 1:41:00 PM,43.9,45.35,42.3,43.1,21040
11/20/2018 1:40:00 PM,45,45.9,43.65,43.75,38660
11/20/2018 1:39:00 PM,41.65,45,41.65,44.8,35740
11/20/2018 1:38:00 PM,43.65,44.1,41.45,42.4,19720
11/20/2018 1:37:00 PM,45.65,45.65,42.7,43.85,34260
11/20/2018 1:36:00 PM,42.3,46.4,42,45.45,60900
11/20/2018 1:35:00 PM,39.35,43.3,37.9,41.85,45060
11/20/2018 1:34:00 PM,37.45,39.45,37.45,39.45,8900
11/20/2018 1:33:00 PM,37.9,38.4,36.6,37.1,11540
11/20/2018 1:32:00 PM,36.35,38.1,36.05,37.8,15680
11/20/2018 1:31:00 PM,35.8,36.6,34.75,36.35,8740
11/20/2018 1:30:00 PM,36.4,36.4,34.7,35.8,6400
11/20/2018 1:29:00 PM,35.4,36.35,34.95,36.35,7200
11/20/2018 1:28:00 PM,34.65,35.4,34,35.4,2940
11/20/2018 1:27:00 PM,34.5,35.15,34.5,34.55,2440
11/20/2018 1:26:00 PM,34.4,35.05,34.15,34.5,2680
11/20/2018 1:25:00 PM,33.55,34.7,33.5,34.35,5200
11/20/2018 1:24:00 PM,34.25,34.25,33.45,33.55,4320
11/20/2018 1:23:00 PM,33.65,34.8,33.45,34.25,3540
11/20/2018 1:22:00 PM,34.45,34.45,33.3,33.65,1560
11/20/2018 1:21:00 PM,34.2,35.15,33.85,34.35,8360
11/20/2018 1:20:00 PM,33.95,35.1,33.95,34.2,6700
11/20/2018 1:19:00 PM,33.35,34.75,32.95,33.95,9740
11/20/2018 1:18:00 PM,34.5,34.65,33.15,33.35,6480
11/20/2018 1:17:00 PM,35.95,35.95,34,34.55,4300
11/20/2018 1:16:00 PM,35.5,35.95,34.65,35.95,5300
11/20/2018 1:15:00 PM,35.65,36.35,34.75,35.5,13020
11/20/2018 1:14:00 PM,35.85,36.95,35,35.75,11120
11/20/2018 1:13:00 PM,35.85,36.3,35.45,36,1840
11/20/2018 1:12:00 PM,37,37.95,35.75,35.85,14940
11/20/2018 1:11:00 PM,36.95,38.55,36.75,37.15,13000
11/20/2018 1:10:00 PM,33.8,37,33.7,36.95,15260
11/20/2018 1:09:00 PM,33.55,35,33.5,34.05,7000
11/20/2018 1:08:00 PM,34.05,35.2,33.5,33.55,11340
11/20/2018 1:07:00 PM,35.6,35.8,34.3,34.3,2240
11/20/2018 1:06:00 PM,35.05,36.15,34.6,35.6,4740
11/20/2018 1:05:00 PM,34.75,35.65,34.5,35.05,9260
11/20/2018 1:04:00 PM,33.75,35.35,33.75,34.75,6440
11/20/2018 1:03:00 PM,33.5,34.35,33.5,33.75,6780
11/20/2018 1:02:00 PM,34,34,32.25,33.5,17240
11/20/2018 1:01:00 PM,33.85,35.5,33.55,33.8,8960
11/20/2018 1:00:00 PM,35.75,35.85,33.85,33.85,4500
11/20/2018 12:59:00 PM,34.2,35.85,34.15,35.75,9360
11/20/2018 12:58:00 PM,35.3,35.6,33.35,34.2,6080
11/20/2018 12:57:00 PM,35.75,36.4,35.3,35.3,1900
11/20/2018 12:56:00 PM,34.9,35.8,34.75,35.75,7800
11/20/2018 12:55:00 PM,36,36.7,34.2,34.7,6840
11/20/2018 12:54:00 PM,36.75,37.3,35.45,36.15,8840
11/20/2018 12:53:00 PM,36.2,36.8,35.85,36.5,7280
11/20/2018 12:52:00 PM,37.15,37.8,35.85,36.2,17420
11/20/2018 12:51:00 PM,35.65,37.4,35.65,37.4,11680
11/20/2018 12:50:00 PM,34.65,36.25,34.6,35.65,8660
11/20/2018 12:49:00 PM,34.85,35.35,34.4,34.65,8700
11/20/2018 12:48:00 PM,35.85,35.85,34.35,34.85,7140
11/20/2018 12:47:00 PM,34.95,36.25,34.9,35.8,10220
11/20/2018 12:46:00 PM,35.2,36.1,34.4,34.8,10740
11/20/2018 12:45:00 PM,34.45,36.15,34.45,35.2,18100
11/20/2018 12:44:00 PM,33.15,34.45,33.15,34.45,11000
11/20/2018 12:43:00 PM,32.6,33.35,31.95,33.15,6100
11/20/2018 12:42:00 PM,32.35,32.5,31.45,32.2,4760
11/20/2018 12:41:00 PM,31.7,32.5,31.7,32.35,4720
11/20/2018 12:40:00 PM,30.5,31.95,30.4,31.2,8780
11/20/2018 12:39:00 PM,30.05,30.5,29.95,30.5,4760
11/20/2018 12:38:00 PM,30.95,31,30.05,30.05,6160
11/20/2018 12:37:00 PM,31.5,32.05,30.25,30.95,5940
11/20/2018 12:36:00 PM,32.55,32.7,31.3,31.3,8260
11/20/2018 12:35:00 PM,32.8,33.1,32.3,32.55,7440
11/20/2018 12:34:00 PM,31.4,33,31.4,32.8,11240
11/20/2018 12:33:00 PM,30.4,31.6,30,31.45,5660
11/20/2018 12:32:00 PM,30.2,30.65,30,30.25,6400
11/20/2018 12:31:00 PM,31,31.05,30.1,30.6,4780
11/20/2018 12:30:00 PM,31.3,31.45,30.5,31.45,6320
11/20/2018 12:29:00 PM,30.35,31.5,30.35,31.3,10960
11/20/2018 12:28:00 PM,29.7,30.65,29.55,30.35,6540
11/20/2018 12:27:00 PM,29.4,29.75,28.9,29.7,5840
11/20/2018 12:26:00 PM,28.75,29.9,28.35,29.5,11720
11/20/2018 12:25:00 PM,28.9,29.35,28.35,28.75,10480
11/20/2018 12:24:00 PM,27.8,29.4,27.55,28.9,21620
11/20/2018 12:23:00 PM,29,29.8,27.35,27.8,29600
11/20/2018 12:22:00 PM,32.45,32.45,30.25,30.25,8680
11/20/2018 12:21:00 PM,32.25,32.75,32.25,32.35,2900
11/20/2018 12:20:00 PM,33.55,33.55,31.2,31.95,9160
11/20/2018 12:19:00 PM,32.85,34.55,32.85,33.55,5780
11/20/2018 12:18:00 PM,33.1,33.1,32.25,32.85,2440
11/20/2018 12:17:00 PM,33.4,33.7,32.75,33.1,6080
11/20/2018 12:16:00 PM,32.55,33.4,32.5,33.4,4860
11/20/2018 12:15:00 PM,32.9,33.75,32.55,32.55,2700
11/20/2018 12:14:00 PM,32.75,32.9,32.25,32.9,3060
11/20/2018 12:13:00 PM,33.05,33.05,32.25,32.75,2440
11/20/2018 12:12:00 PM,33.65,34.15,32.8,33.05,4100
11/20/2018 12:11:00 PM,33.1,33.65,33,33.65,2460
11/20/2018 12:10:00 PM,34.4,34.5,33,33.1,2940
11/20/2018 12:09:00 PM,34.2,34.45,33.75,34.4,4800
11/20/2018 12:08:00 PM,34,34.6,33.5,34.2,10180
11/20/2018 12:07:00 PM,32.5,34,32.35,33.8,6720
11/20/2018 12:06:00 PM,31.9,32.5,31.75,32.5,4280
11/20/2018 12:05:00 PM,32.55,32.6,31.85,32.05,7160
11/20/2018 12:04:00 PM,32.6,32.6,31.9,32.55,7380
11/20/2018 12:03:00 PM,32.05,32.8,31.75,32.6,3720
11/20/2018 12:02:00 PM,32.05,32.1,31.8,32.05,7000
11/20/2018 12:01:00 PM,32,32.7,31.85,32.05,6860
11/20/2018 12:00:00 PM,32.1,32.7,31.95,32,9360
11/20/2018 11:59:00 AM,31.55,31.8,31.2,31.8,4180
11/20/2018 11:58:00 AM,31.1,32.15,31,31.55,16200
11/20/2018 11:57:00 AM,31,31.15,30.5,31,7940
11/20/2018 11:56:00 AM,32.2,32.35,30.5,31,17340
11/20/2018 11:55:00 AM,30.8,32.4,30.8,32.05,12760
11/20/2018 11:54:00 AM,32.6,32.6,30,30.6,21640
11/20/2018 11:53:00 AM,33.75,33.9,32.6,32.6,9520
11/20/2018 11:52:00 AM,34.2,34.3,32.3,33.9,11400
11/20/2018 11:51:00 AM,36.8,36.8,34,34.05,6020
11/20/2018 11:50:00 AM,35.5,36.5,35.2,36.5,3840
11/20/2018 11:49:00 AM,34.3,35.75,34.3,35.5,5080
11/20/2018 11:48:00 AM,34.75,35,34.3,34.3,9080
11/20/2018 11:47:00 AM,35.65,35.65,34.55,34.75,16300
11/20/2018 11:46:00 AM,35.8,36.3,35.7,35.9,10700
11/20/2018 11:45:00 AM,36.1,36.45,35.6,35.8,5500
11/20/2018 11:44:00 AM,36.7,37.1,36.2,36.2,2380
11/20/2018 11:43:00 AM,37.1,37.75,36.45,36.6,4660
11/20/2018 11:42:00 AM,37.2,37.45,37,37.2,4080
11/20/2018 11:41:00 AM,36.3,37.25,36.3,37.05,7140
11/20/2018 11:40:00 AM,36.1,36.8,36,36.3,6240
11/20/2018 11:39:00 AM,37,37.45,36.1,36.1,3040
11/20/2018 11:38:00 AM,37.2,37.2,36.25,37,2560
11/20/2018 11:37:00 AM,37.85,38,37,37,1880
11/20/2018 11:36:00 AM,38.45,38.65,37.65,37.85,3660
11/20/2018 11:35:00 AM,39.2,39.65,37.75,38.45,4240
11/20/2018 11:34:00 AM,38.95,39.55,38.85,39.2,1600
11/20/2018 11:33:00 AM,38.25,39.25,38.25,38.9,8760
11/20/2018 11:32:00 AM,37.85,38.55,37.45,38.3,6360
11/20/2018 11:31:00 AM,36.6,38,36.6,38,4260
11/20/2018 11:30:00 AM,36.8,37.5,36.55,37,4980
11/20/2018 11:29:00 AM,37.25,37.5,36.3,36.8,7800
11/20/2018 11:28:00 AM,36.55,37.5,36.45,37.2,3300
11/20/2018 11:27:00 AM,36.4,37.4,36.4,36.55,6980
11/20/2018 11:26:00 AM,37.4,37.4,36.2,36.2,9500
11/20/2018 11:25:00 AM,38.8,38.8,36.8,37.4,8920
11/20/2018 11:24:00 AM,38.65,38.9,38.35,38.8,3840
11/20/2018 11:23:00 AM,39,39,38.15,38.65,7600
11/20/2018 11:22:00 AM,39.6,39.8,38.85,39,8460
11/20/2018 11:21:00 AM,41.1,41.25,39.6,39.6,14600
11/20/2018 11:20:00 AM,41.05,42.3,41,41.15,4820
11/20/2018 11:19:00 AM,41.7,42.8,41,41.3,13000
11/20/2018 11:18:00 AM,41.05,41.7,40.5,41.7,6360
11/20/2018 11:17:00 AM,42.05,42.15,40.6,40.95,11660
11/20/2018 11:16:00 AM,42.05,42.65,41.65,42.05,16120
11/20/2018 11:15:00 AM,41,42.4,41,42.05,13980
11/20/2018 11:14:00 AM,40.1,41.35,40,41,8400
11/20/2018 11:13:00 AM,40.55,40.55,39.75,40.1,8260
11/20/2018 11:12:00 AM,41.5,41.55,40.2,40.5,15980
11/20/2018 11:11:00 AM,42,42,41.3,41.5,9100
11/20/2018 11:10:00 AM,42.4,42.85,42,42,18320
11/20/2018 11:09:00 AM,39.4,42.5,39.4,42.2,36660
11/20/2018 11:08:00 AM,39.45,40,38.45,39,10580
11/20/2018 11:07:00 AM,38.45,39.7,38.15,39.45,6020
11/20/2018 11:06:00 AM,38.9,39.05,37.95,38.25,3920
11/20/2018 11:05:00 AM,39.1,39.2,37.85,38.85,8180
11/20/2018 11:04:00 AM,38,39.3,37.85,39.1,10580
11/20/2018 11:03:00 AM,37.2,38.05,37,38,4920
11/20/2018 11:02:00 AM,38.3,38.3,37.25,37.25,1760
11/20/2018 11:01:00 AM,37.8,38.7,37.8,38.3,3660
11/20/2018 11:00:00 AM,37.55,37.9,37.25,37.8,1920
11/20/2018 10:59:00 AM,37.1,37.75,36.55,37.55,3420
11/20/2018 10:58:00 AM,37.5,38.3,37.1,37.1,3700
11/20/2018 10:57:00 AM,36.8,37.8,36,37.55,3700
11/20/2018 10:56:00 AM,37.2,37.5,36.15,36.8,5760
11/20/2018 10:55:00 AM,36.55,37.2,36.35,37.2,3360
11/20/2018 10:54:00 AM,38.45,39.05,36.55,36.55,3980
11/20/2018 10:53:00 AM,38.65,38.75,37.5,38.45,3060
11/20/2018 10:52:00 AM,37.95,38.85,37.65,38.65,10080
11/20/2018 10:51:00 AM,36.65,38.2,36.65,38.15,5920
11/20/2018 10:50:00 AM,36.7,37.35,36.55,36.9,2560
11/20/2018 10:49:00 AM,36.8,37.25,36.35,36.7,3220
11/20/2018 10:48:00 AM,36.6,37.45,36.55,36.8,2640
11/20/2018 10:47:00 AM,36.5,37.45,36.1,36.6,5920
11/20/2018 10:46:00 AM,36,37.45,36,36.2,4680
11/20/2018 10:45:00 AM,36.5,36.5,35.3,35.95,5780
11/20/2018 10:44:00 AM,35.4,36.5,35,36.5,6180
11/20/2018 10:43:00 AM,36.1,36.5,35.15,35.45,9320
11/20/2018 10:42:00 AM,37.1,37.6,36.05,36.1,5880
11/20/2018 10:41:00 AM,37.9,38.5,36.95,36.95,8140
11/20/2018 10:40:00 AM,38.85,39,37.5,38,15900
11/20/2018 10:39:00 AM,38,39.05,38,38.9,11300
11/20/2018 10:38:00 AM,38.05,38.8,37.7,37.7,9980
11/20/2018 10:37:00 AM,39.55,39.75,38.05,38.05,7000
11/20/2018 10:36:00 AM,39.85,40.05,38.4,39.15,12500
11/20/2018 10:35:00 AM,40.55,41,39.3,40.15,15520
11/20/2018 10:34:00 AM,40.3,40.6,39,40.35,10780
11/20/2018 10:33:00 AM,39.75,40.5,38.7,40.5,7740
11/20/2018 10:32:00 AM,38.2,40,37.95,39.5,7880
11/20/2018 10:31:00 AM,39.45,39.6,38.2,38.2,12200
11/20/2018 10:30:00 AM,40.6,41.05,39.25,39.4,15040
11/20/2018 10:29:00 AM,39.5,41,39,40.45,14040
11/20/2018 10:28:00 AM,40.65,41.35,39.35,39.8,12920
11/20/2018 10:27:00 AM,38.75,41,38.7,40.65,10960
11/20/2018 10:26:00 AM,39,40.25,38.1,39,11240
11/20/2018 10:25:00 AM,40,40,38.65,38.65,7080
11/20/2018 10:24:00 AM,41.05,41.95,39.45,39.85,8040
11/20/2018 10:23:00 AM,38.7,41.35,38.7,41.05,14940
11/20/2018 10:22:00 AM,39.75,39.75,38.1,38.9,9240
11/20/2018 10:21:00 AM,40.5,40.5,39,39.75,7900
11/20/2018 10:20:00 AM,39.65,40.8,39.65,40.5,8620
11/20/2018 10:19:00 AM,40.3,40.6,38.85,39.65,16320
11/20/2018 10:18:00 AM,39.1,40.3,38.3,39.9,13060
11/20/2018 10:17:00 AM,38.25,39.6,37.3,39.1,9520
11/20/2018 10:16:00 AM,38.05,38.6,36.5,38.6,10860
11/20/2018 10:15:00 AM,39.6,39.85,38.25,38.5,6020
11/20/2018 10:14:00 AM,41,41.25,39.45,39.8,5700
11/20/2018 10:13:00 AM,40.95,41.15,39.55,41,7240
11/20/2018 10:12:00 AM,38.65,40.95,38.6,40.95,7920
11/20/2018 10:11:00 AM,39.1,39.55,38.25,38.3,10540
11/20/2018 10:10:00 AM,40.7,41.1,39,39.3,9440
11/20/2018 10:09:00 AM,40.25,41.8,40.15,40.55,17680
11/20/2018 10:08:00 AM,39.95,41,39.85,40,25380
11/20/2018 10:07:00 AM,38.4,40,38.4,39.9,24520
11/20/2018 10:06:00 AM,37.8,39.25,37.8,38.7,15040
11/20/2018 10:05:00 AM,36.65,38,36.55,37.8,9840
11/20/2018 10:04:00 AM,37,37.1,36.05,36.65,6220
11/20/2018 10:03:00 AM,36.75,37.35,36.5,37,7540
11/20/2018 10:02:00 AM,36.65,37.2,36.3,36.6,6820
11/20/2018 10:01:00 AM,38.6,38.7,36.3,36.65,5840
11/20/2018 10:00:00 AM,38.75,38.75,37.5,38.6,6280
11/20/2018 9:59:00 AM,37.25,38.75,37.1,38.75,13200
11/20/2018 9:58:00 AM,36,37.55,35.45,37.25,21580
11/20/2018 9:57:00 AM,35.95,36.7,35.6,36,9620
11/20/2018 9:56:00 AM,36,36.05,34.9,35.95,9380
11/20/2018 9:55:00 AM,37.05,37.5,35.9,36,17060
11/20/2018 9:54:00 AM,36.4,37.8,35.95,37.3,15300
11/20/2018 9:53:00 AM,35.25,36.45,34.9,36.15,13280
11/20/2018 9:52:00 AM,35.5,35.6,34.5,35.15,15620
11/20/2018 9:51:00 AM,35.25,35.8,35,35.3,21880
11/20/2018 9:50:00 AM,34.25,35.45,33.95,35.3,12700
11/20/2018 9:49:00 AM,35.75,35.75,33,34.3,23440
11/20/2018 9:48:00 AM,38.6,38.75,34.6,35.55,28280
11/20/2018 9:47:00 AM,40.4,40.7,38.85,38.85,10680
11/20/2018 9:46:00 AM,40.2,40.3,39.4,40.25,10300
11/20/2018 9:45:00 AM,39,40.1,38.9,39.95,9920
11/20/2018 9:44:00 AM,39.2,40,39,39.2,10020
11/20/2018 9:43:00 AM,39.95,39.95,37.65,39.4,22080
11/20/2018 9:42:00 AM,38.65,39.7,38.05,39.7,16100
11/20/2018 9:41:00 AM,41.4,41.8,39.15,39.2,23820
11/20/2018 9:40:00 AM,41.55,42.45,41,41.3,14780
11/20/2018 9:39:00 AM,44.85,45.35,41.65,41.9,16500
11/20/2018 9:38:00 AM,46.95,47.1,44.35,45.05,12560
11/20/2018 9:37:00 AM,46.9,47,45.9,46.8,6500
11/20/2018 9:36:00 AM,45.65,47.1,45.65,47,5960
11/20/2018 9:35:00 AM,45.5,46.2,44.65,45.8,9620
11/20/2018 9:34:00 AM,47.05,47.3,45.2,45.75,19380
11/20/2018 9:33:00 AM,46.5,47.3,45.9,47.05,10280
11/20/2018 9:32:00 AM,47,47,45.9,46.45,18080
11/20/2018 9:31:00 AM,48,48.7,46.35,46.4,20600
11/20/2018 9:30:00 AM,48.35,50.1,47.5,48.55,47340
11/20/2018 9:29:00 AM,45.2,48.75,45,48,36740
11/20/2018 9:28:00 AM,44.5,45.1,43.65,44.95,17940
11/20/2018 9:27:00 AM,43.4,45.05,43.4,44.5,19900
11/20/2018 9:26:00 AM,42.75,44.1,42.75,43.4,18700
11/20/2018 9:25:00 AM,42.45,43,41.25,42.7,16940
11/20/2018 9:24:00 AM,39.85,42.55,39.15,42.45,24620
11/20/2018 9:23:00 AM,43.95,44.55,39.7,39.75,47020
11/20/2018 9:22:00 AM,46.8,47.05,42.95,43.7,31180
11/20/2018 9:21:00 AM,47.35,48.75,46.75,46.9,22140
11/20/2018 9:20:00 AM,45.35,47.45,45,47.1,22300
11/20/2018 9:19:00 AM,50.05,50.05,43.95,45.55,40360
11/20/2018 9:18:00 AM,51.65,52.4,50.05,50.35,46480
11/20/2018 9:17:00 AM,49.45,51.4,49,51.25,39400
11/20/2018 9:16:00 AM,50.9,51.5,48.6,49.5,41820
11/20/2018 9:15:00 AM,50,57.4,49.5,51.3,39180
11/19/2018 3:29:00 PM,49.1,49.35,47.25,48.95,18360
11/19/2018 3:28:00 PM,50.15,50.15,48.7,49.6,27860
11/19/2018 3:27:00 PM,51,51.45,49.55,50.25,37060
11/19/2018 3:26:00 PM,48.75,51.55,48.7,51.35,18320
11/19/2018 3:25:00 PM,47.5,48.9,46.95,48.9,14840
11/19/2018 3:24:00 PM,49.2,49.35,46.6,47.45,20640
11/19/2018 3:23:00 PM,50.95,50.95,48.15,48.9,24340
11/19/2018 3:22:00 PM,50.4,51,49.65,50.95,17400
11/19/2018 3:21:00 PM,52.7,53.1,49.95,50.25,22100
11/19/2018 3:20:00 PM,53.5,53.85,51.1,52.65,38380
11/19/2018 3:19:00 PM,52.3,53.5,51.95,53.5,16660
11/19/2018 3:18:00 PM,52.6,53.3,51.25,52.55,25200
11/19/2018 3:17:00 PM,52.2,52.85,51.1,52.6,20120
11/19/2018 3:16:00 PM,51.9,53.1,51.1,51.9,17560
11/19/2018 3:15:00 PM,53.3,53.7,51.85,51.85,22840
11/19/2018 3:14:00 PM,54.05,54.15,53,53.35,9440
11/19/2018 3:13:00 PM,52.3,54,52.3,53.7,10020
11/19/2018 3:12:00 PM,53.55,53.55,51.35,52.2,18380
11/19/2018 3:11:00 PM,55.3,56.2,53.15,53.65,8820
11/19/2018 3:10:00 PM,55.95,57,55.55,56.3,10400
11/19/2018 3:09:00 PM,54.6,56.4,54.3,55.95,13360
11/19/2018 3:08:00 PM,55.25,55.7,54.25,55,13620
11/19/2018 3:07:00 PM,55.25,55.9,54.5,55.5,10100
11/19/2018 3:06:00 PM,53.7,55.5,52.1,55.5,10260
11/19/2018 3:05:00 PM,53.6,54.75,53,53.7,8620
11/19/2018 3:04:00 PM,51.55,54.3,51.5,53.6,11940
11/19/2018 3:03:00 PM,53.75,53.85,50.1,51.4,17820
11/19/2018 3:02:00 PM,55,55.35,53.35,53.65,7760
11/19/2018 3:01:00 PM,55.35,55.35,53.15,55,6480
11/19/2018 3:00:00 PM,56,56,53.1,55.25,6440
11/19/2018 2:59:00 PM,55.95,57.05,52.95,55.7,21580
11/19/2018 2:58:00 PM,57.85,59.8,56.35,56.75,6540
11/19/2018 2:57:00 PM,59.45,59.45,55.55,57.8,10860
11/19/2018 2:56:00 PM,59.1,60.75,58.45,59.65,16420
11/19/2018 2:55:00 PM,56.4,59.5,55.8,59.5,14740
11/19/2018 2:54:00 PM,57.55,59.5,57.05,57.45,17680
11/19/2018 2:53:00 PM,53.85,61.65,53.5,57.4,34180
11/19/2018 2:52:00 PM,53,54.05,51.8,53.05,4860
11/19/2018 2:51:00 PM,54.8,54.8,52.75,53.25,8620
11/19/2018 2:50:00 PM,54,55.5,53.85,55,9800
11/19/2018 2:49:00 PM,54.05,54.1,52.3,54,5600
11/19/2018 2:48:00 PM,53.7,55.2,53.05,54.4,3640
11/19/2018 2:47:00 PM,55.2,55.85,54.3,54.75,11020
11/19/2018 2:46:00 PM,53.3,56.55,53.3,55.7,12060
11/19/2018 2:45:00 PM,56,56.1,52.2,53.3,12460
11/19/2018 2:44:00 PM,54,56.5,53.7,55.85,15280
11/19/2018 2:43:00 PM,53.7,54.8,52.45,54.65,6240
11/19/2018 2:42:00 PM,54.2,55.35,51,53.7,15800
11/19/2018 2:41:00 PM,51.3,54.4,49.35,54.35,13260
11/19/2018 2:40:00 PM,53.5,53.5,50.15,51.5,13800
11/19/2018 2:39:00 PM,53.65,54.4,52.25,53.5,23460
11/19/2018 2:38:00 PM,60.5,60.5,48.9,54.05,54280
11/19/2018 2:37:00 PM,65.55,66.25,60,60.15,17980
11/19/2018 2:36:00 PM,67,67.15,61.55,66.25,34040
11/19/2018 2:35:00 PM,65.05,68.2,65.05,67.35,45900
11/19/2018 2:34:00 PM,60.1,65.2,59.5,64.85,37940
11/19/2018 2:33:00 PM,64.25,64.3,58.9,60,41120
11/19/2018 2:32:00 PM,64.05,66.3,62.8,64.5,44280
11/19/2018 2:31:00 PM,62.1,66.3,61.65,63.55,52420
11/19/2018 2:30:00 PM,59.45,67.25,58.65,62,71880
11/19/2018 2:29:00 PM,50.55,60.3,50.55,59.4,52140
11/19/2018 2:28:00 PM,50,50.55,49.3,50.55,3500
11/19/2018 2:27:00 PM,49.25,50.65,49.2,49.95,4160
11/19/2018 2:26:00 PM,47.55,49.25,47.3,49.25,8520
11/19/2018 2:25:00 PM,48.15,48.3,47.15,47.25,1560
11/19/2018 2:24:00 PM,48.95,48.95,47.8,48.15,3920
11/19/2018 2:23:00 PM,48.7,49.65,48.3,48.95,7880
11/19/2018 2:22:00 PM,48.8,49.55,48.5,48.7,10180
11/19/2018 2:21:00 PM,46.45,49.1,46.15,49,10020
11/19/2018 2:20:00 PM,47.25,47.25,45.4,46.45,6440
11/19/2018 2:19:00 PM,47.35,48.7,47.05,47.25,6500
11/19/2018 2:18:00 PM,48.2,48.3,47.5,47.5,1820
11/19/2018 2:17:00 PM,48.4,48.4,47.5,47.9,3060
11/19/2018 2:16:00 PM,49.65,49.65,48.4,48.4,2840
11/19/2018 2:15:00 PM,49.75,49.75,48.5,49.65,4100
11/19/2018 2:14:00 PM,49.05,49.55,48.3,49.4,2700
11/19/2018 2:13:00 PM,50.15,50.2,49.05,49.2,3100
11/19/2018 2:12:00 PM,49.25,50,48.8,50,3780
11/19/2018 2:11:00 PM,49.9,49.9,48.9,49.25,1620
11/19/2018 2:10:00 PM,50.7,50.7,49.15,49.9,5960
11/19/2018 2:09:00 PM,50.4,51.65,49.9,50.7,10180
11/19/2018 2:08:00 PM,48.1,50.75,48.1,50.4,4840
11/19/2018 2:07:00 PM,47.75,49.3,47.7,48.1,8200
11/19/2018 2:06:00 PM,50.25,50.25,47.2,47.75,15900
11/19/2018 2:05:00 PM,50.5,50.6,49.55,50.25,3960
11/19/2018 2:04:00 PM,50.9,50.9,49.15,50.5,8400
11/19/2018 2:03:00 PM,51.3,51.4,50.6,51,940
11/19/2018 2:02:00 PM,50.35,51.5,50.35,51.3,4140
11/19/2018 2:01:00 PM,51,51.5,50.35,50.35,2140
11/19/2018 2:00:00 PM,51.35,52.1,50.75,51,6000
11/19/2018 1:59:00 PM,52.85,52.85,51.9,52.2,3920
11/19/2018 1:58:00 PM,50.9,52.95,50.9,52.95,8200
11/19/2018 1:57:00 PM,51.5,51.5,50.4,50.9,4260
11/19/2018 1:56:00 PM,51.3,51.5,50.25,51.5,4040
11/19/2018 1:55:00 PM,52.5,52.5,50.85,51.5,5680
11/19/2018 1:54:00 PM,53.15,53.75,52.1,52.5,8020
11/19/2018 1:53:00 PM,52.3,54.3,52.05,53.15,20940
11/19/2018 1:52:00 PM,50.55,52.45,50.55,52.25,10840
11/19/2018 1:51:00 PM,50.05,51,50.05,50.85,3100
11/19/2018 1:50:00 PM,49.15,50.5,48.6,50.3,9100
11/19/2018 1:49:00 PM,49.85,50,49,49.2,8360
11/19/2018 1:48:00 PM,50.65,50.85,49.8,50.3,3760
11/19/2018 1:47:00 PM,50.6,51,50.05,50.6,4360
11/19/2018 1:46:00 PM,50.1,51.2,49.65,50.6,3260
11/19/2018 1:45:00 PM,50.6,50.65,48.8,50.15,5980
11/19/2018 1:44:00 PM,51.4,51.4,49.9,50.6,4760
11/19/2018 1:43:00 PM,50.65,51.8,50.1,51.4,5020
11/19/2018 1:42:00 PM,48.75,50.75,48.65,50.7,13260
11/19/2018 1:41:00 PM,48.3,49.3,48.1,48.6,9580
11/19/2018 1:40:00 PM,48.8,48.8,47.15,48.3,8760
11/19/2018 1:39:00 PM,49,50.7,48.8,48.95,6700
11/19/2018 1:38:00 PM,49.85,49.85,48.45,49,8500
11/19/2018 1:37:00 PM,49.3,50.15,47.95,50,11400
11/19/2018 1:36:00 PM,47.9,49.45,47.1,49.2,5700
11/19/2018 1:35:00 PM,48.8,48.8,46.55,47.9,24620
11/19/2018 1:34:00 PM,49.3,49.45,48.1,48.7,7240
11/19/2018 1:33:00 PM,49.75,50.5,48.4,48.95,13760
11/19/2018 1:32:00 PM,52,52,49.75,49.75,2880
11/19/2018 1:31:00 PM,51.55,52,51.05,52,620
11/19/2018 1:30:00 PM,51.25,51.75,50.25,51.55,3740
11/19/2018 1:29:00 PM,50.85,51.3,49.6,51.25,5120
11/19/2018 1:28:00 PM,52.75,52.75,50.9,50.9,10180
11/19/2018 1:27:00 PM,51.9,53.25,51.9,52.95,10480
11/19/2018 1:26:00 PM,50.95,51.85,50.75,51.85,3800
11/19/2018 1:25:00 PM,51.1,51.1,50.4,50.9,5800
11/19/2018 1:24:00 PM,52,53.3,51,51,10480
11/19/2018 1:23:00 PM,52.15,52.5,51.7,52,5820
11/19/2018 1:22:00 PM,50.35,52.55,49.65,52.25,11920
11/19/2018 1:21:00 PM,50,50.45,49.45,50.1,15620
11/19/2018 1:20:00 PM,49.9,50.35,47.7,50.35,29080
11/19/2018 1:19:00 PM,53,53.3,49.5,50.4,26540
11/19/2018 1:18:00 PM,50.55,53.3,50.35,53.15,14240
11/19/2018 1:17:00 PM,52.65,53.55,50.1,50.75,22620
11/19/2018 1:16:00 PM,57.75,57.75,51,52.35,19020
11/19/2018 1:15:00 PM,58.7,58.7,57.25,57.75,7140
11/19/2018 1:14:00 PM,58.8,59,58.2,58.7,3940
11/19/2018 1:13:00 PM,59.3,60.45,59,59,9780
11/19/2018 1:12:00 PM,59.2,59.5,58.6,58.95,4200
11/19/2018 1:11:00 PM,58.1,59.45,58.1,59.35,4580
11/19/2018 1:10:00 PM,58.15,59.05,57.7,58.1,4800
11/19/2018 1:09:00 PM,59.1,59.5,57.3,58.15,9020
11/19/2018 1:08:00 PM,57.6,59.5,57.6,59.2,5980
11/19/2018 1:07:00 PM,58.05,58.3,57.6,57.6,2260
11/19/2018 1:06:00 PM,56.7,59.05,56.6,58.05,6220
11/19/2018 1:05:00 PM,57.5,57.55,55.4,56.35,8720
11/19/2018 1:04:00 PM,58,58,57.35,57.45,12640
11/19/2018 1:03:00 PM,59,59.8,58,58,6400
11/19/2018 1:02:00 PM,58.6,59,58,59,2540
11/19/2018 1:01:00 PM,58,59.4,57.5,58.75,6660
11/19/2018 1:00:00 PM,57.85,58.8,57.85,57.95,4220
11/19/2018 12:59:00 PM,58.55,58.55,57.7,57.7,4880
11/19/2018 12:58:00 PM,57.55,58.75,57.45,58.55,6280
11/19/2018 12:57:00 PM,57.2,57.6,56.85,57.55,3080
11/19/2018 12:56:00 PM,58.5,58.6,57.2,57.2,4400
11/19/2018 12:55:00 PM,57.5,59,57.5,58.65,2980
11/19/2018 12:54:00 PM,57.25,57.6,56.3,57.5,4760
11/19/2018 12:53:00 PM,58.55,59,56.35,57.25,5080
11/19/2018 12:52:00 PM,58.75,59.3,58.35,58.55,4840
11/19/2018 12:51:00 PM,58.9,59.35,58.25,59.1,10060
11/19/2018 12:50:00 PM,60.15,60.2,58,59.1,6360
11/19/2018 12:49:00 PM,60.75,60.9,59.85,59.85,2980
11/19/2018 12:48:00 PM,62,62.35,60.3,60.75,4400
11/19/2018 12:47:00 PM,61.7,62.25,61.7,62,1820
11/19/2018 12:46:00 PM,60.95,62.35,60.95,61.7,2520
11/19/2018 12:45:00 PM,61.8,62.7,60.65,60.95,9260
11/19/2018 12:44:00 PM,61.15,62,60.7,61.8,4140
11/19/2018 12:43:00 PM,61.4,61.75,60.55,61.15,7960
11/19/2018 12:42:00 PM,62.8,63.6,61.75,61.75,17580
11/19/2018 12:41:00 PM,61.3,63,61.1,62.75,15880
11/19/2018 12:40:00 PM,59.5,61.3,59.3,61.3,7520
11/19/2018 12:39:00 PM,58.8,60.1,58.8,59.65,7100
11/19/2018 12:38:00 PM,58,58.75,57.5,58.75,3200
11/19/2018 12:37:00 PM,56.8,58.1,56.8,57.85,2800
11/19/2018 12:36:00 PM,56.95,57.8,56.5,56.8,8160
11/19/2018 12:35:00 PM,57.1,57.1,56,56.95,6700
11/19/2018 12:34:00 PM,57,57.15,55.9,57,3520
11/19/2018 12:33:00 PM,56.65,57.3,56.65,56.65,5380
11/19/2018 12:32:00 PM,56.1,57.1,55.85,56.65,4220
11/19/2018 12:31:00 PM,55.1,56.25,55.1,55.8,7260
11/19/2018 12:30:00 PM,54.7,55.1,54.1,55.1,5060
11/19/2018 12:29:00 PM,54.05,55.9,54.05,54.7,7240
11/19/2018 12:28:00 PM,55.2,55.2,52.8,54.35,10200
11/19/2018 12:27:00 PM,56.5,56.6,55.2,55.3,2400
11/19/2018 12:26:00 PM,54.9,57,54.9,56.2,4820
11/19/2018 12:25:00 PM,55.3,55.3,53.65,54.9,3520
11/19/2018 12:24:00 PM,53.65,55.6,53.65,55.3,4220
11/19/2018 12:23:00 PM,54.8,55.85,53.2,53.65,4720
11/19/2018 12:22:00 PM,55.45,56,54.75,54.8,4540
11/19/2018 12:21:00 PM,56.5,56.7,55.1,55.6,8080
11/19/2018 12:20:00 PM,55.9,56.85,55.55,56.85,2800
11/19/2018 12:19:00 PM,54.2,56.3,54.05,56,8020
11/19/2018 12:18:00 PM,55.15,55.15,52.05,54.2,15880
11/19/2018 12:17:00 PM,56.7,56.8,55.25,55.5,8980
11/19/2018 12:16:00 PM,57.7,57.7,55.4,56.7,19200
11/19/2018 12:15:00 PM,59,59,57.3,57.95,5140
11/19/2018 12:14:00 PM,60.25,60.3,58.55,59,2520
11/19/2018 12:13:00 PM,60.15,60.5,59.85,60.1,1380
11/19/2018 12:12:00 PM,59.45,60.25,59.4,60.15,1080
11/19/2018 12:11:00 PM,60.5,60.9,59.25,59.45,4360
11/19/2018 12:10:00 PM,59.45,60.55,59.45,60.55,3620
11/19/2018 12:09:00 PM,58.35,59.95,58.05,59.45,5780
11/19/2018 12:08:00 PM,59.7,59.7,58.15,58.35,6100
11/19/2018 12:07:00 PM,60.45,60.45,59.55,59.7,1680
11/19/2018 12:06:00 PM,60.2,60.7,60.1,60.25,3340
11/19/2018 12:05:00 PM,59.25,60.25,59.25,60.2,2940
11/19/2018 12:04:00 PM,57.55,59.7,57.5,59.25,4480
11/19/2018 12:03:00 PM,58.05,58.3,57.2,57.45,7780
11/19/2018 12:02:00 PM,59.35,59.85,58.05,58.05,5400
11/19/2018 12:01:00 PM,60.1,60.6,59.3,59.3,3120
11/19/2018 12:00:00 PM,60,60.1,59.05,60.1,9580
11/19/2018 11:59:00 AM,59.7,60.9,59.1,60,8220
11/19/2018 11:58:00 AM,60.8,61.05,59.6,59.6,4280
11/19/2018 11:57:00 AM,60.65,61,60.05,60.8,3360
11/19/2018 11:56:00 AM,60.6,61.4,60.55,60.7,2480
11/19/2018 11:55:00 AM,61.3,61.85,60.6,60.65,3980
11/19/2018 11:54:00 AM,62.1,62.3,61.1,61.5,2820
11/19/2018 11:53:00 AM,61,61.75,60.2,61.45,3240
11/19/2018 11:52:00 AM,60.45,61.4,60.05,61,4160
11/19/2018 11:51:00 AM,60.1,60.9,60,60.35,1380
11/19/2018 11:50:00 AM,59.35,60.65,59.35,60.1,3320
11/19/2018 11:49:00 AM,60.2,60.8,59,59.35,3020
11/19/2018 11:48:00 AM,60.45,61.3,59.9,60.2,4740
11/19/2018 11:47:00 AM,61,61.55,60.2,60.45,920
11/19/2018 11:46:00 AM,60.35,61,60.05,61,2620
11/19/2018 11:45:00 AM,62,62,60.1,60.1,3780
11/19/2018 11:44:00 AM,62.1,62.2,61.25,62,1380
11/19/2018 11:43:00 AM,62,62.2,61.35,62.1,3020
11/19/2018 11:42:00 AM,61.4,62.3,60.7,61.65,2980
11/19/2018 11:41:00 AM,62.1,62.65,61.15,61.4,2480
11/19/2018 11:40:00 AM,62.1,62.7,61.6,62.1,1000
11/19/2018 11:39:00 AM,62.65,62.7,61.6,62.1,2060
11/19/2018 11:38:00 AM,62.45,62.65,61.85,62.65,3600
11/19/2018 11:37:00 AM,62.45,62.55,62,62,1260
11/19/2018 11:36:00 AM,63.9,63.9,62.9,63,1180
11/19/2018 11:35:00 AM,63.6,64.3,63.4,63.9,2600
11/19/2018 11:34:00 AM,63.6,64.4,63.05,63.3,4660
11/19/2018 11:33:00 AM,62.15,64.35,61.9,64.35,5780
11/19/2018 11:32:00 AM,61.8,62.8,61.65,62.5,2960
11/19/2018 11:31:00 AM,62.6,62.6,61.8,61.8,2460
11/19/2018 11:30:00 AM,61.3,62.8,61.2,62.6,2580
11/19/2018 11:29:00 AM,61.15,62,59.8,61.3,5080
11/19/2018 11:28:00 AM,61.4,62,61,61.4,3420
11/19/2018 11:27:00 AM,62.6,62.65,61.2,61.5,7660
11/19/2018 11:26:00 AM,64.5,64.5,62.45,62.9,8780
11/19/2018 11:25:00 AM,62.25,64.5,62.25,64.5,6860
11/19/2018 11:24:00 AM,62.8,63.2,62.1,62.25,3700
11/19/2018 11:23:00 AM,62.05,64.05,62.05,62.8,10700
11/19/2018 11:22:00 AM,60.5,62.55,60.5,62.15,11780
11/19/2018 11:21:00 AM,59.75,60.6,59.75,60.6,3740
11/19/2018 11:20:00 AM,59.8,60.15,59.35,59.8,2340
11/19/2018 11:19:00 AM,59.7,60.15,58.75,59.8,6580
11/19/2018 11:18:00 AM,59.35,60,58.9,59.7,2740
11/19/2018 11:17:00 AM,58.9,59.7,58.8,59.35,3140
11/19/2018 11:16:00 AM,58.9,59.8,58.7,59,3180
11/19/2018 11:15:00 AM,59.25,59.6,58.7,59.1,2880
11/19/2018 11:14:00 AM,60.3,60.3,59.25,59.25,2780
11/19/2018 11:13:00 AM,59.85,60.8,59.45,60,6900
11/19/2018 11:12:00 AM,58.95,60.35,58.8,60,9700
11/19/2018 11:11:00 AM,58.65,59.7,58.5,58.95,6780
11/19/2018 11:10:00 AM,58.4,58.95,57.4,58.95,3800
11/19/2018 11:09:00 AM,59.1,59.1,57.9,58.1,2300
11/19/2018 11:08:00 AM,58.1,59.25,57.65,59.25,3340
11/19/2018 11:07:00 AM,58.25,59.2,57.85,58.1,7660
11/19/2018 11:06:00 AM,56,58.55,55.7,58.3,10340
11/19/2018 11:05:00 AM,57.6,57.6,56,56,2800
11/19/2018 11:04:00 AM,58.4,59.25,56.8,57.6,5800
11/19/2018 11:03:00 AM,57,57.75,56.1,57.75,5780
11/19/2018 11:02:00 AM,57.5,57.75,56.55,57.3,9800
11/19/2018 11:01:00 AM,57.25,58.55,56.95,58,8580
11/19/2018 11:00:00 AM,57.85,57.85,53.35,57.65,23440
11/19/2018 10:59:00 AM,62.7,62.7,57.15,57.8,18860
11/19/2018 10:58:00 AM,62.7,63.7,62.5,62.85,6820
11/19/2018 10:57:00 AM,63.15,63.65,62.55,62.55,6860
11/19/2018 10:56:00 AM,63.45,64.4,62.2,63.15,8300
11/19/2018 10:55:00 AM,63.15,63.65,62.5,63.45,5440
11/19/2018 10:54:00 AM,62.3,63.7,61.9,63.15,3700
11/19/2018 10:53:00 AM,62.05,62.85,61.4,62.4,2520
11/19/2018 10:52:00 AM,61.95,62.8,61.1,62.5,4680
11/19/2018 10:51:00 AM,63.7,63.7,61.9,61.95,10140
11/19/2018 10:50:00 AM,63.85,64.05,63.05,63.55,4560
11/19/2018 10:49:00 AM,63.1,64.45,63,63.85,8100
11/19/2018 10:48:00 AM,64.65,64.9,63,63.1,5420
11/19/2018 10:47:00 AM,63.35,65.25,63,64.65,6500
11/19/2018 10:46:00 AM,65,65,63.45,63.45,5720
11/19/2018 10:45:00 AM,64.15,65.05,63.65,64.35,6060
11/19/2018 10:44:00 AM,64.3,65.05,63.7,64.4,7000
11/19/2018 10:43:00 AM,65.05,66.35,63.8,64.3,3740
11/19/2018 10:42:00 AM,66.45,66.55,64.75,65.05,4540
11/19/2018 10:41:00 AM,67.85,67.85,65,66.55,8440
11/19/2018 10:40:00 AM,66.5,68,66.3,67.5,12920
11/19/2018 10:39:00 AM,64.5,66.95,64.5,66.5,10500
11/19/2018 10:38:00 AM,64.55,65.35,63.6,64.35,8080
11/19/2018 10:37:00 AM,66.65,66.65,63.4,63.95,11580
11/19/2018 10:36:00 AM,67,68.1,66,66.9,6860
11/19/2018 10:35:00 AM,68.7,68.7,65.2,66.85,8040
11/19/2018 10:34:00 AM,66.4,67.95,65.95,67.85,14960
11/19/2018 10:33:00 AM,66.2,67.85,65.7,65.7,11080
11/19/2018 10:32:00 AM,64.6,66.5,64,66.2,7960
11/19/2018 10:31:00 AM,66.05,66.45,64.1,64.6,4740
11/19/2018 10:30:00 AM,64.75,67.85,64.65,66.15,11980
11/19/2018 10:29:00 AM,63.1,64.75,62.65,64.75,3040
11/19/2018 10:28:00 AM,62.75,64.15,62.6,63.1,4340
11/19/2018 10:27:00 AM,64.75,64.75,62.55,62.75,4560
11/19/2018 10:26:00 AM,64,64.85,63.3,64.75,5180
11/19/2018 10:25:00 AM,64.95,65.2,63.65,64,4700
11/19/2018 10:24:00 AM,64.3,65.1,64.1,65,4580
11/19/2018 10:23:00 AM,62.9,65,62.8,64.05,9280
11/19/2018 10:22:00 AM,63.8,64.05,62.85,63,3260
11/19/2018 10:21:00 AM,62.55,64.8,62.05,63.85,4880
11/19/2018 10:20:00 AM,62.4,63.5,62,62.75,4720
11/19/2018 10:19:00 AM,62.9,63,61.1,62.55,3720
11/19/2018 10:18:00 AM,62.5,63.5,62.1,62.9,5660
11/19/2018 10:17:00 AM,65,65,62.3,62.5,2700
11/19/2018 10:16:00 AM,64.45,65.5,63.8,65,3740
11/19/2018 10:15:00 AM,62.9,64.4,62.2,64.4,3640
11/19/2018 10:14:00 AM,62.6,63.15,62.3,62.7,1520
11/19/2018 10:13:00 AM,62.5,63.35,61.6,62.6,5900
11/19/2018 10:12:00 AM,63,65,62.8,62.8,5000
11/19/2018 10:11:00 AM,64.85,64.85,62.1,62.7,8720
11/19/2018 10:10:00 AM,65.1,66.05,64.8,65,11720
11/19/2018 10:09:00 AM,64.35,65.55,63.65,65.1,16460
11/19/2018 10:08:00 AM,64.15,64.4,63.4,64.3,6620
11/19/2018 10:07:00 AM,62.05,64.65,61.25,64.3,7060
11/19/2018 10:06:00 AM,61.6,62.7,61.25,62,8880
11/19/2018 10:05:00 AM,59.85,62.3,59.45,61.4,6200
11/19/2018 10:04:00 AM,61.7,61.7,59.6,59.85,3620
11/19/2018 10:03:00 AM,61.55,62.8,60.25,61.8,14680
11/19/2018 10:02:00 AM,60.9,62.7,60.1,61.75,8000
11/19/2018 10:01:00 AM,59.1,61.75,58.8,60.8,10720
11/19/2018 10:00:00 AM,62.3,62.65,59,59.3,17260
11/19/2018 9:59:00 AM,62.35,62.9,60.15,62.75,11980
11/19/2018 9:58:00 AM,63.5,63.9,61.65,62.35,7520
11/19/2018 9:57:00 AM,63.55,65.4,62.95,63.95,7480
11/19/2018 9:56:00 AM,63.6,65.1,63.05,63.65,13180
11/19/2018 9:55:00 AM,64.4,65.9,62.6,64.1,13940
11/19/2018 9:54:00 AM,65.45,67.2,63.15,64.4,11760
11/19/2018 9:53:00 AM,64.7,65.6,63.5,65.15,7020
11/19/2018 9:52:00 AM,66.5,66.75,64.4,64.4,10320
11/19/2018 9:51:00 AM,68.15,68.5,66.9,67.05,9820
11/19/2018 9:50:00 AM,68.8,69,66.45,68.05,11760
11/19/2018 9:49:00 AM,67.3,69.5,66.15,68.65,10480
11/19/2018 9:48:00 AM,68.75,68.95,67.15,68,12380
11/19/2018 9:47:00 AM,64.4,68.4,63.7,68.25,11640
11/19/2018 9:46:00 AM,64.55,65.6,62.55,64.2,13800
11/19/2018 9:45:00 AM,65.2,65.3,62.75,64,11340
11/19/2018 9:44:00 AM,67.3,68.3,64.8,65.2,20600
11/19/2018 9:43:00 AM,69.65,70.45,66.85,67.9,17240
11/19/2018 9:42:00 AM,68.95,69.85,66.25,69.15,27920
11/19/2018 9:41:00 AM,70.7,71.2,68,68.85,26860
11/19/2018 9:40:00 AM,69.05,71.3,67.35,71.2,19040
11/19/2018 9:39:00 AM,65.15,69.3,63.55,68.95,19560
11/19/2018 9:38:00 AM,64.8,65.2,63.1,64.95,15720
11/19/2018 9:37:00 AM,63.25,64.9,62.45,64.9,15380
11/19/2018 9:36:00 AM,62.2,63.45,60.2,63.25,11420
11/19/2018 9:35:00 AM,58.95,63.9,58.2,62.2,22400
11/19/2018 9:34:00 AM,57.15,58.5,56.8,58.5,15660
11/19/2018 9:33:00 AM,54.4,57.6,54.4,57.6,15100
11/19/2018 9:32:00 AM,53.65,55.55,52.4,54.4,10280
11/19/2018 9:31:00 AM,53.6,54.6,52.6,53.65,9240
11/19/2018 9:30:00 AM,53.6,55.1,52.8,53.6,17480
11/19/2018 9:29:00 AM,54.75,56,53.45,53.75,17540
11/19/2018 9:28:00 AM,53.6,55.15,52.9,54.75,13180
11/19/2018 9:27:00 AM,54.65,54.65,52,53.6,13400
11/19/2018 9:26:00 AM,54.05,54.6,51.5,54.6,15740
11/19/2018 9:25:00 AM,54.5,55.45,53.45,53.9,20800
11/19/2018 9:24:00 AM,58.1,59.5,54.5,54.5,21360
11/19/2018 9:23:00 AM,54,58,53.35,58,28660
11/19/2018 9:22:00 AM,49.9,54,49.85,54,22560
11/19/2018 9:21:00 AM,50.4,50.7,49.05,49.9,20160
11/19/2018 9:20:00 AM,53.3,54.75,50.4,50.4,28280
11/19/2018 9:19:00 AM,52.9,55.2,52.8,53.85,24600
11/19/2018 9:18:00 AM,53.7,56.15,52,52.75,29980
11/19/2018 9:17:00 AM,51.55,55.7,51.55,53.25,16640
11/19/2018 9:16:00 AM,52.65,54.6,51.25,51.6,19240
11/19/2018 9:15:00 AM,49.4,52.45,38.2,52.45,32220
