Date,Nifty Bank O,Nifty Bank H,Nifty Bank L,Nifty Bank C,Nifty Bank V
11/22/2018 3:29:00 PM,25995.6,26006.8,25985,26004.3,0
11/22/2018 3:28:00 PM,26006.9,26024.75,25995.45,25995.6,0
11/22/2018 3:27:00 PM,26009.7,26016.75,26004.25,26005.95,0
11/22/2018 3:26:00 PM,25996.4,26012.65,25996.4,26006.75,0
11/22/2018 3:25:00 PM,25985.75,26003.85,25976.05,25998.65,0
11/22/2018 3:24:00 PM,25982.85,25988.25,25975.2,25987.15,0
11/22/2018 3:23:00 PM,26004.7,26005.85,25979.75,25981.4,0
11/22/2018 3:22:00 PM,26008.85,26017.35,26001.65,26006.25,0
11/22/2018 3:21:00 PM,25998.05,26014.6,25994.15,26011.1,0
11/22/2018 3:20:00 PM,25985.8,25997.9,25978.15,25995,0
11/22/2018 3:19:00 PM,25979.2,25991.45,25971.9,25985.65,0
11/22/2018 3:18:00 PM,25968.6,25980.85,25966.15,25980.85,0
11/22/2018 3:17:00 PM,25967.4,25978.05,25951.35,25973.6,0
11/22/2018 3:16:00 PM,25980.45,25980.65,25959.7,25969.6,0
11/22/2018 3:15:00 PM,25998.9,25999.85,25976.15,25981.4,0
11/22/2018 3:14:00 PM,25994.15,26000.7,25988.2,25999.25,0
11/22/2018 3:13:00 PM,25990.8,25997.5,25985.1,25993.7,0
11/22/2018 3:12:00 PM,26001.95,26001.95,25987.25,25988.55,0
11/22/2018 3:11:00 PM,25996.95,25997.1,25988.25,25993.4,0
11/22/2018 3:10:00 PM,25996.95,26002.15,25986.9,25995.75,0
11/22/2018 3:09:00 PM,26004.9,26011.55,25994.2,25996.3,0
11/22/2018 3:08:00 PM,26032.65,26034.85,26000.45,26004.05,0
11/22/2018 3:07:00 PM,26039.8,26039.8,26031.1,26033.2,0
11/22/2018 3:06:00 PM,26045.95,26051.25,26034.9,26037.35,0
11/22/2018 3:05:00 PM,26068.1,26074.05,26044.35,26044.35,0
11/22/2018 3:04:00 PM,26068.7,26076.4,26063.8,26067.15,0
11/22/2018 3:03:00 PM,26071.15,26079.85,26057.9,26070.6,0
11/22/2018 3:02:00 PM,26072.1,26077.85,26062.75,26070.6,0
11/22/2018 3:01:00 PM,26057.85,26075.4,26057.8,26072.8,0
11/22/2018 3:00:00 PM,26053.05,26059.35,26048.4,26058.65,0
11/22/2018 2:59:00 PM,26062.95,26065.15,26051.1,26057.4,0
11/22/2018 2:58:00 PM,26064.3,26067.6,26057.15,26061.65,0
11/22/2018 2:57:00 PM,26071.1,26073.85,26058.4,26063.3,0
11/22/2018 2:56:00 PM,26057.85,26074.85,26056.9,26074.85,0
11/22/2018 2:55:00 PM,26050.15,26056.85,26049.2,26056.85,0
11/22/2018 2:54:00 PM,26051.55,26055.7,26043.05,26050.15,0
11/22/2018 2:53:00 PM,26043.6,26057.45,26042.9,26051.75,0
11/22/2018 2:52:00 PM,26031.25,26050.7,26024.75,26044.55,0
11/22/2018 2:51:00 PM,26049,26053.85,26031,26033.45,0
11/22/2018 2:50:00 PM,26074.05,26074.05,26048.6,26048.6,0
11/22/2018 2:49:00 PM,26081,26084.05,26072.5,26072.5,0
11/22/2018 2:48:00 PM,26088.75,26090.45,26075.45,26075.45,0
11/22/2018 2:47:00 PM,26092.6,26094.35,26084.95,26090.1,0
11/22/2018 2:46:00 PM,26088.45,26098.95,26088.45,26091.3,0
11/22/2018 2:45:00 PM,26084,26094.85,26081.4,26090.4,0
11/22/2018 2:44:00 PM,26065.2,26085.75,26064.6,26084,0
11/22/2018 2:43:00 PM,26069.7,26069.7,26062.2,26068.1,0
11/22/2018 2:42:00 PM,26079.05,26081.55,26066.3,26069.6,0
11/22/2018 2:41:00 PM,26069.85,26081,26064.45,26077.25,0
11/22/2018 2:40:00 PM,26098.3,26098.45,26065.65,26069.3,0
11/22/2018 2:39:00 PM,26094.6,26099.7,26091.5,26097,0
11/22/2018 2:38:00 PM,26088.85,26102.7,26087.9,26095,0
11/22/2018 2:37:00 PM,26114.9,26114.9,26089.85,26093.2,0
11/22/2018 2:36:00 PM,26123.8,26124.85,26110.3,26114.85,0
11/22/2018 2:35:00 PM,26125.7,26129.65,26120,26123.1,0
11/22/2018 2:34:00 PM,26126.75,26128.7,26124.3,26125.05,0
11/22/2018 2:33:00 PM,26123.2,26129.15,26122.4,26126.5,0
11/22/2018 2:32:00 PM,26119.95,26125.4,26115.2,26122.7,0
11/22/2018 2:31:00 PM,26134.9,26139.45,26121.1,26121.45,0
11/22/2018 2:30:00 PM,26144.15,26144.15,26130.15,26134.5,0
11/22/2018 2:29:00 PM,26142.65,26147.35,26139,26142.3,0
11/22/2018 2:28:00 PM,26148.35,26151.8,26134.1,26143.8,0
11/22/2018 2:27:00 PM,26144.1,26149.85,26143.95,26149.5,0
11/22/2018 2:26:00 PM,26133.85,26146.25,26132.4,26144.1,0
11/22/2018 2:25:00 PM,26140.95,26140.95,26132.2,26134.6,0
11/22/2018 2:24:00 PM,26145.35,26145.4,26138.25,26140.1,0
11/22/2018 2:23:00 PM,26157.15,26157.15,26140.45,26143.35,0
11/22/2018 2:22:00 PM,26161.65,26166.5,26158.55,26160.5,0
11/22/2018 2:21:00 PM,26182.95,26184.65,26158.55,26162.25,0
11/22/2018 2:20:00 PM,26168.15,26183.95,26168.15,26182.85,0
11/22/2018 2:19:00 PM,26145.2,26168.35,26143.15,26168.35,0
11/22/2018 2:18:00 PM,26138.55,26145.65,26137.2,26144.8,0
11/22/2018 2:17:00 PM,26129.3,26140.3,26129.3,26140.3,0
11/22/2018 2:16:00 PM,26122.95,26131.8,26121.55,26128.4,0
11/22/2018 2:15:00 PM,26136.05,26140.95,26117.6,26122.55,0
11/22/2018 2:14:00 PM,26143.5,26143.75,26137.4,26139.2,0
11/22/2018 2:13:00 PM,26145.85,26148.85,26140.05,26143.2,0
11/22/2018 2:12:00 PM,26138.8,26144.75,26138.8,26144.75,0
11/22/2018 2:11:00 PM,26138,26143.4,26133.85,26139.05,0
11/22/2018 2:10:00 PM,26153.65,26156.15,26136,26138.4,0
11/22/2018 2:09:00 PM,26167.6,26174.85,26137.65,26149.95,0
11/22/2018 2:08:00 PM,26155.5,26167.65,26155.5,26167.65,0
11/22/2018 2:07:00 PM,26149.8,26156.05,26149.8,26156.05,0
11/22/2018 2:06:00 PM,26147.8,26153.4,26147.35,26148.4,0
11/22/2018 2:05:00 PM,26147.3,26152.5,26141.25,26148.5,0
11/22/2018 2:04:00 PM,26147.7,26148.8,26143.55,26147.85,0
11/22/2018 2:03:00 PM,26147.2,26151.75,26145.6,26147.5,0
11/22/2018 2:02:00 PM,26138.75,26150.9,26138.75,26147.2,0
11/22/2018 2:01:00 PM,26137.6,26141.9,26133.15,26139.3,0
11/22/2018 2:00:00 PM,26128.75,26140.6,26127.65,26138.45,0
11/22/2018 1:59:00 PM,26149.4,26149.4,26131.6,26132.5,0
11/22/2018 1:58:00 PM,26153.45,26155.05,26148.3,26149.95,0
11/22/2018 1:57:00 PM,26161.45,26161.65,26152.1,26154.15,0
11/22/2018 1:56:00 PM,26152.85,26165.65,26152.85,26161.9,0
11/22/2018 1:55:00 PM,26151.35,26159.1,26144.85,26155.75,0
11/22/2018 1:54:00 PM,26152.55,26152.9,26144.1,26149.75,0
11/22/2018 1:53:00 PM,26168.6,26168.6,26149.45,26153.1,0
11/22/2018 1:52:00 PM,26157.55,26170.1,26157.55,26168.15,0
11/22/2018 1:51:00 PM,26140.9,26158.7,26138.45,26158.7,0
11/22/2018 1:50:00 PM,26141.05,26144.5,26134.3,26138.35,0
11/22/2018 1:49:00 PM,26140.5,26143.5,26139.15,26140.45,0
11/22/2018 1:48:00 PM,26130.7,26142.3,26128.65,26141.05,0
11/22/2018 1:47:00 PM,26124.85,26130.75,26120.75,26130.2,0
11/22/2018 1:46:00 PM,26110.75,26128.95,26107.95,26126.15,0
11/22/2018 1:45:00 PM,26105.8,26110.65,26096.65,26110.65,0
11/22/2018 1:44:00 PM,26099.75,26106.45,26097.15,26105,0
11/22/2018 1:43:00 PM,26119.15,26119.15,26095.4,26107.5,0
11/22/2018 1:42:00 PM,26131.75,26134.6,26113.95,26118.55,0
11/22/2018 1:41:00 PM,26136.4,26136.4,26126.15,26132.8,0
11/22/2018 1:40:00 PM,26138.05,26144,26133.85,26136.2,0
11/22/2018 1:39:00 PM,26135.85,26144.8,26133.05,26138.55,0
11/22/2018 1:38:00 PM,26139.15,26139.15,26127.7,26133.7,0
11/22/2018 1:37:00 PM,26137.75,26141.4,26133.9,26138.95,0
11/22/2018 1:36:00 PM,26139.7,26143.4,26129.1,26139.15,0
11/22/2018 1:35:00 PM,26152.1,26154.35,26133.55,26141.45,0
11/22/2018 1:34:00 PM,26151,26156.55,26148.75,26150.7,0
11/22/2018 1:33:00 PM,26134.2,26150.8,26134.2,26150.8,0
11/22/2018 1:32:00 PM,26131,26135.6,26129,26131.85,0
11/22/2018 1:31:00 PM,26135.3,26138,26121.4,26132.4,0
11/22/2018 1:30:00 PM,26139.4,26140.3,26130.55,26136.45,0
11/22/2018 1:29:00 PM,26133.45,26143.15,26130.1,26141.35,0
11/22/2018 1:28:00 PM,26165.05,26165.65,26135.6,26136.75,0
11/22/2018 1:27:00 PM,26165.8,26168.45,26163.1,26163.1,0
11/22/2018 1:26:00 PM,26161.6,26164.45,26156.2,26162.2,0
11/22/2018 1:25:00 PM,26178.9,26178.9,26160.5,26162.05,0
11/22/2018 1:24:00 PM,26184.3,26186.3,26176.25,26179.1,0
11/22/2018 1:23:00 PM,26173.9,26184.15,26168.35,26183.2,0
11/22/2018 1:22:00 PM,26168.8,26183.8,26168.8,26175,0
11/22/2018 1:21:00 PM,26170.75,26174.3,26158.8,26170.6,0
11/22/2018 1:20:00 PM,26170.35,26172.9,26166.75,26169.55,0
11/22/2018 1:19:00 PM,26160.15,26169.5,26155.3,26169.25,0
11/22/2018 1:18:00 PM,26197.1,26197.1,26161.1,26163.95,0
11/22/2018 1:17:00 PM,26208.85,26209.05,26197.05,26197.05,0
11/22/2018 1:16:00 PM,26206.05,26211.7,26200.05,26211.25,0
11/22/2018 1:15:00 PM,26206.8,26208.2,26193.8,26206.85,0
11/22/2018 1:14:00 PM,26213.4,26213.7,26200.4,26205,0
11/22/2018 1:13:00 PM,26218.65,26222.6,26210.7,26213.25,0
11/22/2018 1:12:00 PM,26204.95,26219.05,26204.95,26217.1,0
11/22/2018 1:11:00 PM,26205.45,26210.65,26203.55,26210.65,0
11/22/2018 1:10:00 PM,26194.7,26205,26181.45,26202.9,0
11/22/2018 1:09:00 PM,26196.5,26199.65,26185.1,26192.4,0
11/22/2018 1:08:00 PM,26188.25,26198.6,26188.25,26197.2,0
11/22/2018 1:07:00 PM,26200.55,26206.05,26185.45,26185.75,0
11/22/2018 1:06:00 PM,26187.6,26202.8,26186.75,26202.7,0
11/22/2018 1:05:00 PM,26216.4,26216.85,26187.2,26187.2,0
11/22/2018 1:04:00 PM,26215.1,26218.3,26214.3,26215.8,0
11/22/2018 1:03:00 PM,26227,26228.1,26221.3,26222.4,0
11/22/2018 1:02:00 PM,26220.85,26233.1,26220.85,26229.75,0
11/22/2018 1:01:00 PM,26223.6,26231.65,26214.15,26221.6,0
11/22/2018 1:00:00 PM,26250.5,26253,26215.8,26227.6,0
11/22/2018 12:59:00 PM,26242.25,26253.45,26233.55,26251.15,0
11/22/2018 12:58:00 PM,26240.45,26249.3,26239.5,26241.35,0
11/22/2018 12:57:00 PM,26244.35,26245.65,26237.2,26239.7,0
11/22/2018 12:56:00 PM,26251.5,26253.9,26241.25,26244.45,0
11/22/2018 12:55:00 PM,26253.95,26253.95,26247.6,26251.1,0
11/22/2018 12:54:00 PM,26252.05,26256.7,26249.45,26254,0
11/22/2018 12:53:00 PM,26258.7,26262.7,26249.9,26251.2,0
11/22/2018 12:52:00 PM,26250.95,26265.15,26250.9,26260.05,0
11/22/2018 12:51:00 PM,26249.3,26253.25,26248.6,26250.75,0
11/22/2018 12:50:00 PM,26239.9,26250.5,26237.75,26249.6,0
11/22/2018 12:49:00 PM,26266.75,26267.6,26235.75,26237.2,0
11/22/2018 12:48:00 PM,26270.6,26270.6,26262.1,26267.05,0
11/22/2018 12:47:00 PM,26272.3,26274.45,26269.55,26269.55,0
11/22/2018 12:46:00 PM,26266.3,26272,26263.85,26272,0
11/22/2018 12:45:00 PM,26269.6,26270.05,26264.5,26265.15,0
11/22/2018 12:44:00 PM,26268.8,26273.45,26267.55,26269.4,0
11/22/2018 12:43:00 PM,26275.8,26276.45,26269,26272.65,0
11/22/2018 12:42:00 PM,26283.2,26283.7,26272.3,26275.55,0
11/22/2018 12:41:00 PM,26289.95,26292.2,26282.85,26284.85,0
11/22/2018 12:40:00 PM,26292.25,26293.45,26286.05,26289.8,0
11/22/2018 12:39:00 PM,26297.95,26301.6,26291,26291.4,0
11/22/2018 12:38:00 PM,26293.1,26299.1,26292.9,26299.1,0
11/22/2018 12:37:00 PM,26304.15,26304.15,26290.95,26292.7,0
11/22/2018 12:36:00 PM,26311.6,26313.7,26302.05,26302.05,0
11/22/2018 12:35:00 PM,26309.25,26313.45,26307,26313.1,0
11/22/2018 12:34:00 PM,26295.8,26312.25,26294.7,26310.1,0
11/22/2018 12:33:00 PM,26287.7,26296.8,26287.7,26295.75,0
11/22/2018 12:32:00 PM,26284.5,26289.9,26283.3,26288.45,0
11/22/2018 12:31:00 PM,26290.2,26292.15,26284.5,26285.1,0
11/22/2018 12:30:00 PM,26290.05,26293.1,26287.5,26291.65,0
11/22/2018 12:29:00 PM,26293.35,26295,26290.35,26290.75,0
11/22/2018 12:28:00 PM,26296.55,26298,26293.15,26293.15,0
11/22/2018 12:27:00 PM,26297.6,26298.45,26294.05,26296.75,0
11/22/2018 12:26:00 PM,26293.85,26299,26291.1,26296.95,0
11/22/2018 12:25:00 PM,26288.85,26295.5,26286.4,26294.1,0
11/22/2018 12:24:00 PM,26288.05,26290.8,26285.95,26288.95,0
11/22/2018 12:23:00 PM,26291.05,26292.1,26286.85,26288.2,0
11/22/2018 12:22:00 PM,26303.1,26303.1,26290.05,26290.45,0
11/22/2018 12:21:00 PM,26288.1,26303.85,26286.4,26303.3,0
11/22/2018 12:20:00 PM,26269.55,26287.45,26268.7,26284.3,0
11/22/2018 12:19:00 PM,26260.9,26270.25,26260.65,26270.25,0
11/22/2018 12:18:00 PM,26260.5,26262.5,26259.4,26261.3,0
11/22/2018 12:17:00 PM,26255.4,26261.15,26254.05,26260.65,0
11/22/2018 12:16:00 PM,26258.1,26259.05,26254.95,26255.2,0
11/22/2018 12:15:00 PM,26258.75,26261.75,26257.4,26258.1,0
11/22/2018 12:14:00 PM,26258.8,26259.95,26255.8,26258.75,0
11/22/2018 12:13:00 PM,26255.6,26258.9,26252.3,26258.9,0
11/22/2018 12:12:00 PM,26263.6,26267.35,26255.6,26255.95,0
11/22/2018 12:11:00 PM,26273.95,26273.95,26263.6,26263.6,0
11/22/2018 12:10:00 PM,26264.25,26274.9,26263.55,26274.75,0
11/22/2018 12:09:00 PM,26260.1,26263.65,26256.25,26263.65,0
11/22/2018 12:08:00 PM,26256.25,26259.45,26253.5,26259.45,0
11/22/2018 12:07:00 PM,26242.15,26255.5,26239.5,26255.3,0
11/22/2018 12:06:00 PM,26236.15,26239.4,26234.6,26239.4,0
11/22/2018 12:05:00 PM,26239.55,26241.45,26227.15,26233.8,0
11/22/2018 12:04:00 PM,26244.5,26245.25,26239.45,26239.55,0
11/22/2018 12:03:00 PM,26243.95,26247.1,26239.3,26241.2,0
11/22/2018 12:02:00 PM,26236.45,26244.45,26236.45,26244.15,0
11/22/2018 12:01:00 PM,26245.15,26246.1,26236.55,26238,0
11/22/2018 12:00:00 PM,26242.95,26247,26239.75,26246.1,0
11/22/2018 11:59:00 AM,26236.35,26242.05,26234.6,26241.85,0
11/22/2018 11:58:00 AM,26232.15,26239.85,26232.15,26236.5,0
11/22/2018 11:57:00 AM,26232.95,26235.05,26230.2,26231.9,0
11/22/2018 11:56:00 AM,26237.85,26238.4,26231.7,26232.35,0
11/22/2018 11:55:00 AM,26246.5,26246.5,26236.55,26238.1,0
11/22/2018 11:54:00 AM,26244.85,26246,26243.75,26245,0
11/22/2018 11:53:00 AM,26239.6,26246.45,26237.4,26245.65,0
11/22/2018 11:52:00 AM,26240,26240.5,26236.65,26237.6,0
11/22/2018 11:51:00 AM,26235.95,26240.85,26235.85,26239.6,0
11/22/2018 11:50:00 AM,26224.1,26237.2,26224.1,26235.75,0
11/22/2018 11:49:00 AM,26222.25,26225,26221.5,26223.85,0
11/22/2018 11:48:00 AM,26222.95,26224.75,26219.5,26222.75,0
11/22/2018 11:47:00 AM,26218.25,26225.15,26217.6,26222.35,0
11/22/2018 11:46:00 AM,26233.25,26235.65,26213.25,26218.95,0
11/22/2018 11:45:00 AM,26246.1,26246.7,26232.25,26234.25,0
11/22/2018 11:44:00 AM,26258.7,26258.7,26245.25,26246.5,0
11/22/2018 11:43:00 AM,26261.85,26262.45,26256.1,26258.65,0
11/22/2018 11:42:00 AM,26255.75,26262.65,26253.35,26261.7,0
11/22/2018 11:41:00 AM,26256.05,26256.8,26253.2,26255.75,0
11/22/2018 11:40:00 AM,26252.25,26256.6,26250.7,26256.35,0
11/22/2018 11:39:00 AM,26253.4,26253.45,26247.15,26251.7,0
11/22/2018 11:38:00 AM,26259.7,26259.7,26251.55,26253.55,0
11/22/2018 11:37:00 AM,26263.8,26263.8,26258.7,26259.3,0
11/22/2018 11:36:00 AM,26265.3,26267.45,26262.1,26263.95,0
11/22/2018 11:35:00 AM,26257.2,26264.85,26257,26264.3,0
11/22/2018 11:34:00 AM,26255.25,26260.3,26255.05,26258.2,0
11/22/2018 11:33:00 AM,26259.8,26261.55,26255.2,26256.4,0
11/22/2018 11:32:00 AM,26253.85,26260.55,26253.2,26260.55,0
11/22/2018 11:31:00 AM,26252.15,26255.35,26246.8,26254.85,0
11/22/2018 11:30:00 AM,26249.45,26252.55,26242,26251.5,0
11/22/2018 11:29:00 AM,26253.1,26254,26247.55,26249.8,0
11/22/2018 11:28:00 AM,26239.8,26253.7,26239.5,26252.45,0
11/22/2018 11:27:00 AM,26238.4,26242.8,26237.65,26239.35,0
11/22/2018 11:26:00 AM,26231.1,26239.35,26230.95,26238.15,0
11/22/2018 11:25:00 AM,26237.45,26240.75,26229.45,26232.1,0
11/22/2018 11:24:00 AM,26228.7,26241.05,26227.95,26238.2,0
11/22/2018 11:23:00 AM,26237.9,26243,26227.15,26229.1,0
11/22/2018 11:22:00 AM,26248.2,26252.6,26240.05,26241.45,0
11/22/2018 11:21:00 AM,26248.35,26249.55,26243.35,26248.85,0
11/22/2018 11:20:00 AM,26252,26252,26244.85,26248.35,0
11/22/2018 11:19:00 AM,26251.35,26256.7,26247.8,26251.65,0
11/22/2018 11:18:00 AM,26254.85,26256.2,26250.15,26250.15,0
11/22/2018 11:17:00 AM,26252.05,26257.15,26250.65,26254.05,0
11/22/2018 11:16:00 AM,26247.9,26251.65,26243.95,26251.65,0
11/22/2018 11:15:00 AM,26249.25,26251.65,26246.1,26249.6,0
11/22/2018 11:14:00 AM,26244.05,26249.05,26241.75,26248.65,0
11/22/2018 11:13:00 AM,26240.05,26244.65,26237.05,26243.6,0
11/22/2018 11:12:00 AM,26235.25,26240.95,26234.6,26240.05,0
11/22/2018 11:11:00 AM,26232.85,26235.55,26232.2,26233.15,0
11/22/2018 11:10:00 AM,26234.3,26234.65,26230.05,26233.3,0
11/22/2018 11:09:00 AM,26244.55,26245.45,26232,26232,0
11/22/2018 11:08:00 AM,26243.8,26246,26241.15,26244.3,0
11/22/2018 11:07:00 AM,26246.15,26249.4,26244.65,26244.65,0
11/22/2018 11:06:00 AM,26245.35,26248.35,26244.15,26247.75,0
11/22/2018 11:05:00 AM,26241.25,26246,26237.1,26244.65,0
11/22/2018 11:04:00 AM,26227.8,26241.5,26227.45,26240.2,0
11/22/2018 11:03:00 AM,26225.4,26232.3,26225.1,26228.6,0
11/22/2018 11:02:00 AM,26228.4,26228.45,26222.4,26227,0
11/22/2018 11:01:00 AM,26237.65,26239.6,26227.15,26227.8,0
11/22/2018 11:00:00 AM,26256.55,26256.55,26235.6,26238.7,0
11/22/2018 10:59:00 AM,26265.05,26266.3,26256.1,26257.4,0
11/22/2018 10:58:00 AM,26263.65,26268.65,26260,26266.45,0
11/22/2018 10:57:00 AM,26261.4,26266.25,26261.35,26264.2,0
11/22/2018 10:56:00 AM,26262.6,26265.6,26258,26263.25,0
11/22/2018 10:55:00 AM,26271.9,26273.55,26258.55,26262.25,0
11/22/2018 10:54:00 AM,26262.3,26270.95,26257.55,26270.95,0
11/22/2018 10:53:00 AM,26251.35,26261.75,26244.9,26261,0
11/22/2018 10:52:00 AM,26257.3,26258.05,26246.1,26250.6,0
11/22/2018 10:51:00 AM,26255.35,26259.55,26242,26257.25,0
11/22/2018 10:50:00 AM,26246.6,26256.9,26243.95,26252.2,0
11/22/2018 10:49:00 AM,26255.9,26256.15,26246.3,26249.25,0
11/22/2018 10:48:00 AM,26256.3,26260.65,26252.9,26256.7,0
11/22/2018 10:47:00 AM,26261.05,26262.15,26244.75,26255.15,0
11/22/2018 10:46:00 AM,26255.8,26264.4,26255.5,26260.55,0
11/22/2018 10:45:00 AM,26266.95,26271.4,26251.65,26258.4,0
11/22/2018 10:44:00 AM,26271,26280,26267.1,26271.5,0
11/22/2018 10:43:00 AM,26264.1,26274.25,26262.45,26271.45,0
11/22/2018 10:42:00 AM,26278.75,26283.4,26260,26263.6,0
11/22/2018 10:41:00 AM,26279.9,26281.2,26276.15,26279.5,0
11/22/2018 10:40:00 AM,26279.2,26285.05,26277,26281.7,0
11/22/2018 10:39:00 AM,26279.85,26282.55,26270.8,26281,0
11/22/2018 10:38:00 AM,26288.4,26290.2,26280.6,26280.75,0
11/22/2018 10:37:00 AM,26291.95,26296.45,26290.4,26291.8,0
11/22/2018 10:36:00 AM,26297.7,26299.55,26289.9,26290.6,0
11/22/2018 10:35:00 AM,26292.3,26303.85,26292.1,26300.3,0
11/22/2018 10:34:00 AM,26291.35,26295.75,26290.95,26292.9,0
11/22/2018 10:33:00 AM,26284.4,26291.05,26284.1,26290.6,0
11/22/2018 10:32:00 AM,26282.2,26283.95,26272.1,26283.95,0
11/22/2018 10:31:00 AM,26284.05,26285.4,26280.95,26282.8,0
11/22/2018 10:30:00 AM,26285.55,26286.65,26281.6,26283.65,0
11/22/2018 10:29:00 AM,26286.85,26290.65,26283.45,26287.1,0
11/22/2018 10:28:00 AM,26298.05,26298.05,26285.95,26285.95,0
11/22/2018 10:27:00 AM,26288.35,26297.9,26286.9,26297.9,0
11/22/2018 10:26:00 AM,26294.95,26298.95,26284,26287.15,0
11/22/2018 10:25:00 AM,26302.4,26302.5,26293.55,26294.25,0
11/22/2018 10:24:00 AM,26292.35,26308.2,26291.1,26302.8,0
11/22/2018 10:23:00 AM,26293.7,26295.15,26290,26293.4,0
11/22/2018 10:22:00 AM,26292.35,26296.75,26291.5,26292.9,0
11/22/2018 10:21:00 AM,26289.9,26293.85,26284.95,26292.5,0
11/22/2018 10:20:00 AM,26278.25,26290.25,26276.15,26288.1,0
11/22/2018 10:19:00 AM,26280.75,26280.75,26275.1,26278.65,0
11/22/2018 10:18:00 AM,26279.25,26282.35,26273.7,26279.95,0
11/22/2018 10:17:00 AM,26283.3,26287.55,26277.65,26280.3,0
11/22/2018 10:16:00 AM,26273,26283.3,26273,26283.3,0
11/22/2018 10:15:00 AM,26276.35,26278.9,26272.75,26272.75,0
11/22/2018 10:14:00 AM,26282.3,26285.6,26275,26276.5,0
11/22/2018 10:13:00 AM,26271.45,26286,26271.1,26281.85,0
11/22/2018 10:12:00 AM,26285.6,26285.7,26267.9,26272.85,0
11/22/2018 10:11:00 AM,26289.1,26295.15,26282.5,26284.45,0
11/22/2018 10:10:00 AM,26294.55,26297.5,26287.15,26289.1,0
11/22/2018 10:09:00 AM,26285.5,26293.35,26285.5,26292.4,0
11/22/2018 10:08:00 AM,26278.75,26286.95,26278.15,26285.4,0
11/22/2018 10:07:00 AM,26280.9,26281.25,26273.45,26278.7,0
11/22/2018 10:06:00 AM,26296.05,26296.85,26271.6,26278.35,0
11/22/2018 10:05:00 AM,26303.9,26304.1,26293.45,26297.7,0
11/22/2018 10:04:00 AM,26306.8,26312.4,26299.5,26303.55,0
11/22/2018 10:03:00 AM,26313.25,26313.8,26304.55,26307.9,0
11/22/2018 10:02:00 AM,26299.05,26317.05,26293.8,26310.9,0
11/22/2018 10:01:00 AM,26301.55,26303.6,26297.15,26299.7,0
11/22/2018 10:00:00 AM,26308.3,26309,26297.05,26300.3,0
11/22/2018 9:59:00 AM,26310.4,26310.45,26303.8,26305.95,0
11/22/2018 9:58:00 AM,26307.45,26313.9,26304.3,26309.25,0
11/22/2018 9:57:00 AM,26310.4,26319.8,26307.55,26308.3,0
11/22/2018 9:56:00 AM,26311.65,26316.75,26307.3,26312.9,0
11/22/2018 9:55:00 AM,26311.95,26323.1,26311.35,26314.55,0
11/22/2018 9:54:00 AM,26304.25,26312.8,26302.7,26310.7,0
11/22/2018 9:53:00 AM,26296.55,26304.65,26292.2,26304.2,0
11/22/2018 9:52:00 AM,26293.95,26308.65,26293.95,26296.3,0
11/22/2018 9:51:00 AM,26287.05,26302.05,26283.45,26296.75,0
11/22/2018 9:50:00 AM,26281.65,26287.85,26275.25,26285.5,0
11/22/2018 9:49:00 AM,26280.05,26285.5,26278.4,26281.4,0
11/22/2018 9:48:00 AM,26276.75,26287.55,26270.6,26278.1,0
11/22/2018 9:47:00 AM,26274.55,26282.45,26270.8,26275.35,0
11/22/2018 9:46:00 AM,26261.65,26278.8,26259.75,26274.45,0
11/22/2018 9:45:00 AM,26235.05,26263.1,26235.05,26263.1,0
11/22/2018 9:44:00 AM,26235.2,26238.45,26226.4,26235.95,0
11/22/2018 9:43:00 AM,26238.3,26242.95,26233.6,26235.6,0
11/22/2018 9:42:00 AM,26236,26243.85,26235.3,26238.1,0
11/22/2018 9:41:00 AM,26245.65,26245.65,26233.9,26238.55,0
11/22/2018 9:40:00 AM,26244.65,26247.1,26231.65,26245.25,0
11/22/2018 9:39:00 AM,26258.3,26259.7,26243.75,26244.5,0
11/22/2018 9:38:00 AM,26252.9,26259.8,26251,26258.45,0
11/22/2018 9:37:00 AM,26245.75,26255.05,26245.75,26253.6,0
11/22/2018 9:36:00 AM,26252.4,26252.7,26242.75,26250.15,0
11/22/2018 9:35:00 AM,26262.65,26262.65,26247.8,26250.85,0
11/22/2018 9:34:00 AM,26256.45,26264.6,26253.7,26264.1,0
11/22/2018 9:33:00 AM,26241.9,26258.5,26241.7,26256.25,0
11/22/2018 9:32:00 AM,26247.55,26254.85,26239.45,26242.45,0
11/22/2018 9:31:00 AM,26237.25,26250.65,26235.9,26249.85,0
11/22/2018 9:30:00 AM,26224.45,26235.05,26218.25,26235.05,0
11/22/2018 9:29:00 AM,26231.95,26232.35,26221.95,26225.4,0
11/22/2018 9:28:00 AM,26243.3,26243.3,26225.65,26230.4,0
11/22/2018 9:27:00 AM,26229.55,26245.75,26229.05,26241.95,0
11/22/2018 9:26:00 AM,26213.45,26235.75,26213.45,26230.6,0
11/22/2018 9:25:00 AM,26218.8,26218.8,26207.55,26213.35,0
11/22/2018 9:24:00 AM,26236.85,26240.8,26214.65,26219.1,0
11/22/2018 9:23:00 AM,26231.2,26240.2,26227.3,26238.15,0
11/22/2018 9:22:00 AM,26233.75,26236.05,26224.65,26231,0
11/22/2018 9:21:00 AM,26230.2,26243.95,26222.75,26232.7,0
11/22/2018 9:20:00 AM,26236.5,26245.55,26225.75,26230,0
11/22/2018 9:19:00 AM,26240.65,26248.3,26231.25,26236.9,0
11/22/2018 9:18:00 AM,26244.15,26249.6,26238.55,26240.5,0
11/22/2018 9:17:00 AM,26277.2,26277.2,26241.9,26241.95,0
11/22/2018 9:16:00 AM,26280.65,26300.5,26270.65,26277.6,0
11/22/2018 9:15:00 AM,26233.65,26284.9,26233.65,26279.6,0
11/21/2018 3:29:00 PM,26259.2,26263.85,26248.5,26256.55,0
11/21/2018 3:28:00 PM,26264.85,26269.9,26249.2,26259.45,0
11/21/2018 3:27:00 PM,26264.95,26268.55,26260.1,26263.65,0
11/21/2018 3:26:00 PM,26260.55,26264.7,26257.55,26264,0
11/21/2018 3:25:00 PM,26258.4,26265.25,26257.25,26260.3,0
11/21/2018 3:24:00 PM,26255.35,26260.7,26253,26260.15,0
11/21/2018 3:23:00 PM,26254,26263.3,26252.4,26253.35,0
11/21/2018 3:22:00 PM,26245.65,26264.95,26245.65,26258.3,0
11/21/2018 3:21:00 PM,26250.65,26258.1,26242.7,26246.65,0
11/21/2018 3:20:00 PM,26238.95,26255.55,26238.35,26252.3,0
11/21/2018 3:19:00 PM,26249.6,26253.85,26237.6,26237.6,0
11/21/2018 3:18:00 PM,26255.7,26264.25,26248.3,26248.3,0
11/21/2018 3:17:00 PM,26256.25,26264.45,26249.25,26253.15,0
11/21/2018 3:16:00 PM,26261,26269.4,26255.5,26258.25,0
11/21/2018 3:15:00 PM,26267.1,26275.55,26254.6,26254.6,0
11/21/2018 3:14:00 PM,26261.7,26270.1,26257.85,26267.95,0
11/21/2018 3:13:00 PM,26257.3,26263.2,26257.15,26262.75,0
11/21/2018 3:12:00 PM,26255.55,26261.25,26255.55,26257.7,0
11/21/2018 3:11:00 PM,26265.2,26265.65,26256.8,26258.85,0
11/21/2018 3:10:00 PM,26275,26275,26264.95,26266.05,0
11/21/2018 3:09:00 PM,26271.55,26278.8,26270.15,26274.65,0
11/21/2018 3:08:00 PM,26268.1,26272.5,26264.2,26268.9,0
11/21/2018 3:07:00 PM,26265.35,26270.2,26263.65,26264.9,0
11/21/2018 3:06:00 PM,26249.75,26266.15,26247.95,26264.4,0
11/21/2018 3:05:00 PM,26262.1,26262.2,26249.4,26249.4,0
11/21/2018 3:04:00 PM,26277,26277.95,26256.7,26262.95,0
11/21/2018 3:03:00 PM,26277.5,26281.7,26273.15,26274.85,0
11/21/2018 3:02:00 PM,26284.65,26286.35,26275.8,26276.45,0
11/21/2018 3:01:00 PM,26277.4,26290.45,26277.4,26285.45,0
11/21/2018 3:00:00 PM,26286,26287.25,26271.75,26280.25,0
11/21/2018 2:59:00 PM,26289.25,26291.35,26283.25,26285.85,0
11/21/2018 2:58:00 PM,26284.55,26295.9,26284.55,26288.5,0
11/21/2018 2:57:00 PM,26286.05,26290.45,26282.5,26284.1,0
11/21/2018 2:56:00 PM,26278.95,26289.2,26276.1,26285.75,0
11/21/2018 2:55:00 PM,26274.85,26279.75,26270,26279.05,0
11/21/2018 2:54:00 PM,26284.85,26284.95,26269.15,26273.8,0
11/21/2018 2:53:00 PM,26291.2,26294.5,26284.3,26284.3,0
11/21/2018 2:52:00 PM,26299.1,26303.8,26289.1,26292.2,0
11/21/2018 2:51:00 PM,26289.75,26304.15,26289.3,26300.25,0
11/21/2018 2:50:00 PM,26283.9,26292.7,26283.9,26289.65,0
11/21/2018 2:49:00 PM,26296.4,26298.25,26283.7,26283.7,0
11/21/2018 2:48:00 PM,26300.7,26301.3,26293.7,26298,0
11/21/2018 2:47:00 PM,26298.4,26307.7,26297.15,26302.1,0
11/21/2018 2:46:00 PM,26303.85,26305.5,26296.1,26296.1,0
11/21/2018 2:45:00 PM,26318.45,26318.95,26304.25,26304.25,0
11/21/2018 2:44:00 PM,26306.85,26318.7,26306.85,26317.3,0
11/21/2018 2:43:00 PM,26303.1,26306.55,26301.9,26306,0
11/21/2018 2:42:00 PM,26310,26313,26301.45,26303.65,0
11/21/2018 2:41:00 PM,26311.65,26315.65,26306,26310.35,0
11/21/2018 2:40:00 PM,26320.8,26323.05,26305.4,26305.4,0
11/21/2018 2:39:00 PM,26318.15,26328.75,26315.2,26315.2,0
11/21/2018 2:38:00 PM,26315.95,26325.7,26314.35,26318.05,0
11/21/2018 2:37:00 PM,26312.8,26315.95,26305,26313.55,0
11/21/2018 2:36:00 PM,26320.2,26322.55,26314.8,26317.6,0
11/21/2018 2:35:00 PM,26332.15,26335.4,26315.25,26315.25,0
11/21/2018 2:34:00 PM,26325.2,26339.85,26324.8,26333.7,0
11/21/2018 2:33:00 PM,26326.45,26331.65,26321.55,26326.05,0
11/21/2018 2:32:00 PM,26327,26332.55,26316.75,26325.1,0
11/21/2018 2:31:00 PM,26307.65,26332.8,26307.65,26324.3,0
11/21/2018 2:30:00 PM,26307.3,26311.1,26305.4,26306.1,0
11/21/2018 2:29:00 PM,26303.05,26308.2,26293.85,26308.2,0
11/21/2018 2:28:00 PM,26304.65,26307.35,26299.9,26302.8,0
11/21/2018 2:27:00 PM,26293.1,26309.05,26293.1,26304.85,0
11/21/2018 2:26:00 PM,26287,26293,26285.55,26292.55,0
11/21/2018 2:25:00 PM,26279.55,26288.55,26275.85,26288.55,0
11/21/2018 2:24:00 PM,26283.5,26287.65,26274.75,26276.9,0
11/21/2018 2:23:00 PM,26276.3,26286,26275.65,26285.85,0
11/21/2018 2:22:00 PM,26286.25,26290.6,26267.65,26276.4,0
11/21/2018 2:21:00 PM,26295.7,26296.65,26284.35,26287.95,0
11/21/2018 2:20:00 PM,26305.25,26307.15,26291.4,26291.4,0
11/21/2018 2:19:00 PM,26306.85,26309.45,26295.35,26307.15,0
11/21/2018 2:18:00 PM,26305.45,26310.85,26303.4,26305.25,0
11/21/2018 2:17:00 PM,26300.25,26312.7,26298.75,26305.95,0
11/21/2018 2:16:00 PM,26293.25,26298.8,26291.95,26298.8,0
11/21/2018 2:15:00 PM,26305.55,26310.25,26289.6,26294.05,0
11/21/2018 2:14:00 PM,26308.55,26311.35,26302.7,26306.4,0
11/21/2018 2:13:00 PM,26310.55,26315.5,26305.5,26307.6,0
11/21/2018 2:12:00 PM,26310,26314.95,26306.8,26314.3,0
11/21/2018 2:11:00 PM,26312.45,26312.8,26301.3,26312.5,0
11/21/2018 2:10:00 PM,26304.5,26312.75,26304.5,26308.65,0
11/21/2018 2:09:00 PM,26288.7,26306.3,26287.35,26306.1,0
11/21/2018 2:08:00 PM,26279.65,26292,26279.65,26290.65,0
11/21/2018 2:07:00 PM,26276.95,26284,26276.2,26281.65,0
11/21/2018 2:06:00 PM,26261.05,26276.95,26260.65,26276.95,0
11/21/2018 2:05:00 PM,26263,26269.4,26259.95,26260.85,0
11/21/2018 2:04:00 PM,26263.25,26264.15,26255.6,26260.05,0
11/21/2018 2:03:00 PM,26268.05,26268.9,26262.5,26263.1,0
11/21/2018 2:02:00 PM,26277.4,26279.9,26267.35,26267.35,0
11/21/2018 2:01:00 PM,26288.35,26288.35,26275.1,26276.4,0
11/21/2018 2:00:00 PM,26286.15,26294.35,26285.5,26286.9,0
11/21/2018 1:59:00 PM,26280.8,26291.5,26280.8,26286.15,0
11/21/2018 1:58:00 PM,26280.5,26281.55,26273.45,26279.85,0
11/21/2018 1:57:00 PM,26271.55,26285.7,26271.55,26278.6,0
11/21/2018 1:56:00 PM,26284,26284.05,26272.35,26273.35,0
11/21/2018 1:55:00 PM,26290.3,26295.85,26282.25,26282.25,0
11/21/2018 1:54:00 PM,26281.25,26294.85,26279.75,26291.8,0
11/21/2018 1:53:00 PM,26282.4,26287.2,26278.65,26279.65,0
11/21/2018 1:52:00 PM,26286.55,26289.25,26281.8,26281.9,0
11/21/2018 1:51:00 PM,26279.55,26290.8,26276,26287.65,0
11/21/2018 1:50:00 PM,26272.4,26279.5,26271.05,26279.5,0
11/21/2018 1:49:00 PM,26286.15,26286.95,26269.1,26269.1,0
11/21/2018 1:48:00 PM,26282.85,26294.95,26282.85,26285.95,0
11/21/2018 1:47:00 PM,26280,26290.75,26277.4,26286.8,0
11/21/2018 1:46:00 PM,26271.2,26282.8,26269.45,26278.35,0
11/21/2018 1:45:00 PM,26267.65,26274.7,26262.1,26270.55,0
11/21/2018 1:44:00 PM,26244.45,26268.7,26240.9,26264.9,0
11/21/2018 1:43:00 PM,26248.95,26253.6,26241.75,26243.85,0
11/21/2018 1:42:00 PM,26244.8,26250.3,26242.15,26249.25,0
11/21/2018 1:41:00 PM,26240.55,26246.45,26240.55,26245.2,0
11/21/2018 1:40:00 PM,26219.85,26243.15,26217.85,26240.35,0
11/21/2018 1:39:00 PM,26208,26220.6,26208,26219.3,0
11/21/2018 1:38:00 PM,26202.65,26210.1,26195.15,26210.1,0
11/21/2018 1:37:00 PM,26208.85,26214.5,26201.6,26202.45,0
11/21/2018 1:36:00 PM,26221.65,26223.5,26207.15,26210.95,0
11/21/2018 1:35:00 PM,26228.05,26232.65,26216.5,26221.85,0
11/21/2018 1:34:00 PM,26233.9,26241.8,26229.3,26229.3,0
11/21/2018 1:33:00 PM,26238.5,26240.15,26233.05,26233.05,0
11/21/2018 1:32:00 PM,26238.3,26242.25,26234.15,26238.15,0
11/21/2018 1:31:00 PM,26232.2,26242.05,26230.7,26239.3,0
11/21/2018 1:30:00 PM,26230.2,26233.4,26223.5,26231.05,0
11/21/2018 1:29:00 PM,26236.25,26236.9,26230.25,26230.25,0
11/21/2018 1:28:00 PM,26236.3,26238.75,26232.3,26237.55,0
11/21/2018 1:27:00 PM,26237.3,26238.55,26231,26235.25,0
11/21/2018 1:26:00 PM,26241.3,26248.75,26237.65,26239.3,0
11/21/2018 1:25:00 PM,26244.15,26246.55,26242,26242.55,0
11/21/2018 1:24:00 PM,26232.9,26248.4,26230.75,26244.55,0
11/21/2018 1:23:00 PM,26217.65,26236.75,26217.65,26233.55,0
11/21/2018 1:22:00 PM,26221.2,26221.2,26214.85,26218.85,0
11/21/2018 1:21:00 PM,26223.25,26225.4,26218.95,26221.35,0
11/21/2018 1:20:00 PM,26225.6,26226.45,26222.2,26223.75,0
11/21/2018 1:19:00 PM,26221.05,26228.25,26219.9,26225.9,0
11/21/2018 1:18:00 PM,26214.3,26224.1,26214,26222.25,0
11/21/2018 1:17:00 PM,26226.6,26228.15,26213.3,26213.4,0
11/21/2018 1:16:00 PM,26233.55,26236.35,26226.6,26228.2,0
11/21/2018 1:15:00 PM,26227.25,26240.2,26224.05,26235,0
11/21/2018 1:14:00 PM,26239.25,26239.25,26225.85,26228.2,0
11/21/2018 1:13:00 PM,26240.65,26242.3,26234.25,26237.95,0
11/21/2018 1:12:00 PM,26245.75,26245.75,26239,26240.3,0
11/21/2018 1:11:00 PM,26244.45,26249.45,26240.9,26245.65,0
11/21/2018 1:10:00 PM,26250.5,26254.95,26244.1,26244.1,0
11/21/2018 1:09:00 PM,26243.75,26252.75,26242.8,26252.2,0
11/21/2018 1:08:00 PM,26256.1,26259.75,26242.25,26243.45,0
11/21/2018 1:07:00 PM,26248.75,26256.1,26245.35,26256.1,0
11/21/2018 1:06:00 PM,26248.95,26252.75,26246.95,26247.95,0
11/21/2018 1:05:00 PM,26257.6,26257.6,26248.45,26249.15,0
11/21/2018 1:04:00 PM,26249.15,26259.05,26249.15,26257.35,0
11/21/2018 1:03:00 PM,26248.15,26254.3,26247.6,26250.65,0
11/21/2018 1:02:00 PM,26245.35,26249.9,26244.3,26248.15,0
11/21/2018 1:01:00 PM,26225.4,26243.25,26224.1,26243.2,0
11/21/2018 1:00:00 PM,26226.85,26230,26223.8,26228.3,0
11/21/2018 12:59:00 PM,26222.35,26231.25,26222.35,26225.75,0
11/21/2018 12:58:00 PM,26225.65,26225.9,26214.35,26222.65,0
11/21/2018 12:57:00 PM,26243.1,26245.5,26223.25,26226.35,0
11/21/2018 12:56:00 PM,26248.05,26251.3,26241.9,26245.2,0
11/21/2018 12:55:00 PM,26245.85,26250.3,26242.7,26247.85,0
11/21/2018 12:54:00 PM,26248.65,26250.95,26243.9,26246.2,0
11/21/2018 12:53:00 PM,26258.8,26259.4,26248.35,26248.4,0
11/21/2018 12:52:00 PM,26252.35,26260.2,26245.35,26258,0
11/21/2018 12:51:00 PM,26247.55,26252.15,26240.85,26251.15,0
11/21/2018 12:50:00 PM,26235.3,26248.7,26231.65,26247.85,0
11/21/2018 12:49:00 PM,26236.1,26236.1,26228.15,26235.15,0
11/21/2018 12:48:00 PM,26237.7,26239.05,26228.4,26235.9,0
11/21/2018 12:47:00 PM,26244.45,26244.45,26228.65,26235.5,0
11/21/2018 12:46:00 PM,26242,26248.15,26239.6,26246.5,0
11/21/2018 12:45:00 PM,26239.15,26244.6,26236.05,26241.7,0
11/21/2018 12:44:00 PM,26234.75,26237.15,26231.05,26236.6,0
11/21/2018 12:43:00 PM,26236.5,26244.85,26234.35,26238.35,0
11/21/2018 12:42:00 PM,26232.95,26240.6,26229.9,26236.3,0
11/21/2018 12:41:00 PM,26248.35,26249.7,26229.75,26231,0
11/21/2018 12:40:00 PM,26243.05,26249.45,26239.55,26249.45,0
11/21/2018 12:39:00 PM,26247.45,26249.6,26242.35,26242.65,0
11/21/2018 12:38:00 PM,26250.95,26254.65,26246.9,26249.7,0
11/21/2018 12:37:00 PM,26252.6,26252.6,26246.25,26248.65,0
11/21/2018 12:36:00 PM,26251.75,26258.75,26249.55,26251.45,0
11/21/2018 12:35:00 PM,26258.65,26266.85,26251.85,26251.85,0
11/21/2018 12:34:00 PM,26266.4,26267,26256.25,26261.05,0
11/21/2018 12:33:00 PM,26270.45,26270.45,26261.25,26267.2,0
11/21/2018 12:32:00 PM,26276.45,26276.45,26268,26269.95,0
11/21/2018 12:31:00 PM,26282.8,26285.3,26272.85,26274.75,0
11/21/2018 12:30:00 PM,26271.75,26287.9,26268.7,26287.9,0
11/21/2018 12:29:00 PM,26276.8,26281.2,26266.75,26269.95,0
11/21/2018 12:28:00 PM,26254.85,26273.25,26253.25,26273.25,0
11/21/2018 12:27:00 PM,26231.95,26258.15,26226.9,26254.15,0
11/21/2018 12:26:00 PM,26220.1,26234.2,26220.1,26230.45,0
11/21/2018 12:25:00 PM,26218.2,26224.85,26218.2,26222.75,0
11/21/2018 12:24:00 PM,26216.6,26219.2,26213.35,26217.2,0
11/21/2018 12:23:00 PM,26223.2,26223.65,26213.7,26217,0
11/21/2018 12:22:00 PM,26227.15,26230.05,26221.1,26223.35,0
11/21/2018 12:21:00 PM,26235.75,26236.7,26223.2,26226.4,0
11/21/2018 12:20:00 PM,26221.1,26236.75,26220.6,26233.45,0
11/21/2018 12:19:00 PM,26215.15,26223.2,26211.4,26222.2,0
11/21/2018 12:18:00 PM,26209.35,26219.15,26207.4,26216.1,0
11/21/2018 12:17:00 PM,26188.2,26210.2,26186.25,26208.8,0
11/21/2018 12:16:00 PM,26164.9,26198.05,26164.4,26187.8,0
11/21/2018 12:15:00 PM,26171.95,26171.95,26162.5,26165.05,0
11/21/2018 12:14:00 PM,26173.45,26177.95,26166.9,26171.25,0
11/21/2018 12:13:00 PM,26162.95,26172,26162.95,26171.45,0
11/21/2018 12:12:00 PM,26158,26165.85,26158,26162.2,0
11/21/2018 12:11:00 PM,26148.2,26161.55,26147.3,26158.25,0
11/21/2018 12:10:00 PM,26140.9,26149.6,26140.4,26146.5,0
11/21/2018 12:09:00 PM,26138.45,26143.25,26135.1,26141,0
11/21/2018 12:08:00 PM,26144,26145.9,26136.95,26138.15,0
11/21/2018 12:07:00 PM,26144.8,26150.65,26139.65,26145.5,0
11/21/2018 12:06:00 PM,26145.6,26145.6,26136.75,26143.75,0
11/21/2018 12:05:00 PM,26149.75,26150.25,26142.3,26146.8,0
11/21/2018 12:04:00 PM,26152.25,26157.3,26150.85,26151.5,0
11/21/2018 12:03:00 PM,26153.3,26154.7,26145.75,26152.5,0
11/21/2018 12:02:00 PM,26156.8,26157.75,26150.65,26152.45,0
11/21/2018 12:01:00 PM,26149.7,26158.9,26147.95,26158.3,0
11/21/2018 12:00:00 PM,26139.6,26154.85,26139.6,26149.3,0
11/21/2018 11:59:00 AM,26146.3,26150.05,26140.2,26140.2,0
11/21/2018 11:58:00 AM,26149.5,26152.7,26146.5,26147.65,0
11/21/2018 11:57:00 AM,26148.8,26151.8,26144.8,26149.1,0
11/21/2018 11:56:00 AM,26152.6,26152.95,26143.45,26150.05,0
11/21/2018 11:55:00 AM,26159.85,26165.35,26151.95,26152.35,0
11/21/2018 11:54:00 AM,26163,26163,26153.9,26158.4,0
11/21/2018 11:53:00 AM,26160.3,26165.6,26153.5,26163.15,0
11/21/2018 11:52:00 AM,26163.75,26167.3,26153.45,26160.05,0
11/21/2018 11:51:00 AM,26162.1,26176.4,26157.85,26163.55,0
11/21/2018 11:50:00 AM,26157.55,26166.55,26151.9,26163.65,0
11/21/2018 11:49:00 AM,26149.8,26161.2,26139.05,26158,0
11/21/2018 11:48:00 AM,26139.35,26151.05,26139.15,26150.4,0
11/21/2018 11:47:00 AM,26141.3,26142,26137.7,26139.25,0
11/21/2018 11:46:00 AM,26138.95,26140.3,26136.8,26139.95,0
11/21/2018 11:45:00 AM,26118.4,26142.35,26118.4,26137.45,0
11/21/2018 11:44:00 AM,26124.3,26126.55,26118.2,26118.2,0
11/21/2018 11:43:00 AM,26121.6,26124.3,26116.1,26124.2,0
11/21/2018 11:42:00 AM,26118.55,26122,26118.1,26119.25,0
11/21/2018 11:41:00 AM,26121.55,26123.1,26117.65,26117.65,0
11/21/2018 11:40:00 AM,26130.65,26131.8,26122.75,26122.75,0
11/21/2018 11:39:00 AM,26122.25,26130.45,26119.45,26130.45,0
11/21/2018 11:38:00 AM,26120.95,26125.05,26118.6,26121.55,0
11/21/2018 11:37:00 AM,26124,26124,26119.05,26120.35,0
11/21/2018 11:36:00 AM,26119.2,26127.55,26118.75,26124.1,0
11/21/2018 11:35:00 AM,26111.95,26119.9,26111.85,26119.9,0
11/21/2018 11:34:00 AM,26106.75,26114.85,26106.35,26111.1,0
11/21/2018 11:33:00 AM,26089.2,26107.85,26089.2,26106.95,0
11/21/2018 11:32:00 AM,26088.4,26094.9,26080.85,26091.2,0
11/21/2018 11:31:00 AM,26088.05,26091.35,26084.1,26087.8,0
11/21/2018 11:30:00 AM,26085.15,26089.6,26084.6,26088.25,0
11/21/2018 11:29:00 AM,26087.75,26090.3,26084.75,26086.9,0
11/21/2018 11:28:00 AM,26103.75,26105.25,26084.7,26089.35,0
11/21/2018 11:27:00 AM,26110.35,26112.4,26102.75,26103.95,0
11/21/2018 11:26:00 AM,26106.05,26111.3,26102.9,26108.85,0
11/21/2018 11:25:00 AM,26111.2,26111.25,26103.8,26107.25,0
11/21/2018 11:24:00 AM,26105.5,26112.6,26103.05,26109.9,0
11/21/2018 11:23:00 AM,26105.35,26106.6,26100.45,26104.9,0
11/21/2018 11:22:00 AM,26103.35,26109.6,26103.35,26106.7,0
11/21/2018 11:21:00 AM,26098.55,26106.9,26098.55,26105.85,0
11/21/2018 11:20:00 AM,26099.8,26102.9,26095.3,26099.65,0
11/21/2018 11:19:00 AM,26105.75,26106.8,26098.5,26099.05,0
11/21/2018 11:18:00 AM,26105.45,26110.65,26102.85,26104.85,0
11/21/2018 11:17:00 AM,26119.35,26119.35,26102.15,26105.75,0
11/21/2018 11:16:00 AM,26100.35,26123.2,26100.15,26119.25,0
11/21/2018 11:15:00 AM,26102.25,26102.7,26092.95,26099.45,0
11/21/2018 11:14:00 AM,26099.9,26104.75,26099.9,26102.45,0
11/21/2018 11:13:00 AM,26095.9,26105.45,26094.05,26102.15,0
11/21/2018 11:12:00 AM,26102.95,26103.05,26094.4,26097.55,0
11/21/2018 11:11:00 AM,26105.95,26108.7,26100.55,26102.55,0
11/21/2018 11:10:00 AM,26100.4,26110.5,26096.7,26107.25,0
11/21/2018 11:09:00 AM,26107.55,26110.5,26099.4,26100.9,0
11/21/2018 11:08:00 AM,26100.25,26101.7,26090.1,26101.7,0
11/21/2018 11:07:00 AM,26098.5,26107.55,26097.7,26101.45,0
11/21/2018 11:06:00 AM,26100.25,26103.15,26097.75,26099.4,0
11/21/2018 11:05:00 AM,26111.7,26111.7,26095.3,26100.25,0
11/21/2018 11:04:00 AM,26113.2,26118.2,26112.05,26113.75,0
11/21/2018 11:03:00 AM,26105.75,26113.65,26103.8,26113.4,0
11/21/2018 11:02:00 AM,26090.6,26106.6,26089.2,26105.95,0
11/21/2018 11:01:00 AM,26089.3,26092.8,26082.1,26090.2,0
11/21/2018 11:00:00 AM,26094.7,26097.55,26080.8,26088.8,0
11/21/2018 10:59:00 AM,26094.4,26097.45,26087.7,26095.35,0
11/21/2018 10:58:00 AM,26108.3,26108.8,26091.9,26093.45,0
11/21/2018 10:57:00 AM,26109.8,26112,26106.15,26107.6,0
11/21/2018 10:56:00 AM,26113.95,26115.8,26106.3,26108,0
11/21/2018 10:55:00 AM,26125.45,26127.75,26113.8,26113.8,0
11/21/2018 10:54:00 AM,26107.65,26126.55,26107.65,26124.7,0
11/21/2018 10:53:00 AM,26114.45,26114.9,26107.3,26108.25,0
11/21/2018 10:52:00 AM,26114.9,26114.9,26106.55,26113.2,0
11/21/2018 10:51:00 AM,26112.7,26117.7,26111,26113.75,0
11/21/2018 10:50:00 AM,26112.6,26117.25,26110.8,26114.7,0
11/21/2018 10:49:00 AM,26113.45,26117.4,26112,26112.55,0
11/21/2018 10:48:00 AM,26111.35,26117,26111.2,26112.4,0
11/21/2018 10:47:00 AM,26107.85,26113.1,26107.4,26112.2,0
11/21/2018 10:46:00 AM,26099.05,26107.8,26097.65,26106.5,0
11/21/2018 10:45:00 AM,26085.6,26099.05,26085.05,26098.6,0
11/21/2018 10:44:00 AM,26093.85,26096.55,26084.45,26085.3,0
11/21/2018 10:43:00 AM,26084.25,26094.55,26083.5,26093.85,0
11/21/2018 10:42:00 AM,26076.65,26085.2,26073.9,26084.85,0
11/21/2018 10:41:00 AM,26083.35,26092.95,26076.3,26077.3,0
11/21/2018 10:40:00 AM,26086.6,26086.7,26080.15,26083.4,0
11/21/2018 10:39:00 AM,26105.7,26106.1,26083.95,26086,0
11/21/2018 10:38:00 AM,26106.8,26111.8,26102.85,26105.4,0
11/21/2018 10:37:00 AM,26089.6,26107.35,26088.9,26107,0
11/21/2018 10:36:00 AM,26085.9,26090.45,26083.3,26089.75,0
11/21/2018 10:35:00 AM,26085.75,26088.2,26081.3,26085.5,0
11/21/2018 10:34:00 AM,26083.85,26088.85,26077.4,26085.15,0
11/21/2018 10:33:00 AM,26081.25,26085.5,26074.7,26083.95,0
11/21/2018 10:32:00 AM,26074.3,26086.5,26072.4,26081.3,0
11/21/2018 10:31:00 AM,26069.3,26075.4,26066.7,26073.1,0
11/21/2018 10:30:00 AM,26077.95,26077.95,26062.25,26069.1,0
11/21/2018 10:29:00 AM,26091,26091,26070.4,26076.5,0
11/21/2018 10:28:00 AM,26086.55,26094.9,26086.4,26089.4,0
11/21/2018 10:27:00 AM,26082.35,26090.35,26082.35,26087.2,0
11/21/2018 10:26:00 AM,26073.3,26084.75,26069.95,26081.8,0
11/21/2018 10:25:00 AM,26086.3,26086.3,26070.7,26073.15,0
11/21/2018 10:24:00 AM,26097.85,26102,26088.9,26088.9,0
11/21/2018 10:23:00 AM,26096.75,26099,26089.5,26097.85,0
11/21/2018 10:22:00 AM,26087.9,26096.5,26083.85,26096.5,0
11/21/2018 10:21:00 AM,26096.25,26097.45,26079.4,26087.1,0
11/21/2018 10:20:00 AM,26097.85,26100.25,26092.4,26096,0
11/21/2018 10:19:00 AM,26111.45,26111.45,26094,26097.65,0
11/21/2018 10:18:00 AM,26114.3,26118.65,26108.1,26109.55,0
11/21/2018 10:17:00 AM,26126.65,26127.45,26112.4,26116.5,0
11/21/2018 10:16:00 AM,26128.1,26147.3,26124.1,26125.35,0
11/21/2018 10:15:00 AM,26127.5,26133.15,26126.5,26126.5,0
11/21/2018 10:14:00 AM,26119.35,26127.9,26119.35,26126.8,0
11/21/2018 10:13:00 AM,26111.2,26120.55,26106.5,26120.55,0
11/21/2018 10:12:00 AM,26113.1,26114.1,26104.45,26112.8,0
11/21/2018 10:11:00 AM,26126.85,26128.6,26114.15,26114.7,0
11/21/2018 10:10:00 AM,26123.1,26128.6,26117.2,26124.4,0
11/21/2018 10:09:00 AM,26130.55,26135.15,26121.9,26123.05,0
11/21/2018 10:08:00 AM,26136.85,26142.85,26128.85,26130.75,0
11/21/2018 10:07:00 AM,26148.3,26151.4,26136.2,26136.2,0
11/21/2018 10:06:00 AM,26155.9,26157.5,26148.15,26148.15,0
11/21/2018 10:05:00 AM,26159,26159.8,26152.7,26157.05,0
11/21/2018 10:04:00 AM,26155.95,26159.8,26146,26159.8,0
11/21/2018 10:03:00 AM,26163.55,26166.05,26154.95,26154.95,0
11/21/2018 10:02:00 AM,26151.4,26162.5,26150.05,26160.15,0
11/21/2018 10:01:00 AM,26146.4,26153.7,26146.2,26151.6,0
11/21/2018 10:00:00 AM,26137.3,26152.2,26136.2,26148.3,0
11/21/2018 9:59:00 AM,26133,26136.65,26131.85,26134.95,0
11/21/2018 9:58:00 AM,26130.85,26134.5,26129.05,26132.55,0
11/21/2018 9:57:00 AM,26140.5,26140.5,26126.85,26132,0
11/21/2018 9:56:00 AM,26144.4,26146.55,26135.85,26140.5,0
11/21/2018 9:55:00 AM,26145.25,26152.8,26139.75,26143.5,0
11/21/2018 9:54:00 AM,26164.65,26164.65,26143.25,26144.45,0
11/21/2018 9:53:00 AM,26164.1,26171.3,26162.85,26165.1,0
11/21/2018 9:52:00 AM,26158.1,26167,26156.45,26164.65,0
11/21/2018 9:51:00 AM,26151.95,26159.15,26149.45,26156.3,0
11/21/2018 9:50:00 AM,26161.05,26164.6,26148.55,26152.15,0
11/21/2018 9:49:00 AM,26164.6,26167.7,26160.9,26163.6,0
11/21/2018 9:48:00 AM,26165.8,26165.8,26158.5,26163.55,0
11/21/2018 9:47:00 AM,26146.9,26166.85,26146.5,26164.25,0
11/21/2018 9:46:00 AM,26138.85,26145.55,26132.6,26143.65,0
11/21/2018 9:45:00 AM,26152.75,26152.75,26132.15,26138.25,0
11/21/2018 9:44:00 AM,26144.25,26154.9,26140.6,26152.4,0
11/21/2018 9:43:00 AM,26136.15,26144.4,26131.85,26144.4,0
11/21/2018 9:42:00 AM,26136.8,26138.45,26128.35,26138.45,0
11/21/2018 9:41:00 AM,26135.2,26148.25,26134.15,26135.6,0
11/21/2018 9:40:00 AM,26128,26133.6,26121,26132.15,0
11/21/2018 9:39:00 AM,26137.65,26141.05,26125.45,26129.25,0
11/21/2018 9:38:00 AM,26140.1,26142.7,26135.5,26135.5,0
11/21/2018 9:37:00 AM,26118.55,26142.45,26118.55,26139.75,0
11/21/2018 9:36:00 AM,26127.8,26128.1,26116.2,26116.2,0
11/21/2018 9:35:00 AM,26143,26148.6,26129.25,26129.25,0
11/21/2018 9:34:00 AM,26133.15,26143,26129.8,26143,0
11/21/2018 9:33:00 AM,26151.75,26153.25,26131.4,26131.4,0
11/21/2018 9:32:00 AM,26144.3,26152.8,26140.55,26151.5,0
11/21/2018 9:31:00 AM,26146.75,26150.95,26134.7,26143.65,0
11/21/2018 9:30:00 AM,26153,26158.1,26143.3,26145.7,0
11/21/2018 9:29:00 AM,26151.95,26167.25,26151.95,26153.85,0
11/21/2018 9:28:00 AM,26153.95,26160.75,26148.1,26151.6,0
11/21/2018 9:27:00 AM,26183.65,26187,26156.25,26159.7,0
11/21/2018 9:26:00 AM,26212.8,26217.3,26185.65,26185.65,0
11/21/2018 9:25:00 AM,26196.7,26215.7,26195.25,26212.3,0
11/21/2018 9:24:00 AM,26187.2,26196.9,26179.9,26196.9,0
11/21/2018 9:23:00 AM,26184,26195.9,26182.9,26186.85,0
11/21/2018 9:22:00 AM,26159.15,26184.6,26156.05,26184.6,0
11/21/2018 9:21:00 AM,26142.05,26157.75,26138.45,26156.85,0
11/21/2018 9:20:00 AM,26135.15,26147.6,26134.65,26142.6,0
11/21/2018 9:19:00 AM,26149.75,26157.35,26133.7,26138,0
11/21/2018 9:18:00 AM,26135.35,26155.45,26124.95,26152.7,0
11/21/2018 9:17:00 AM,26107.35,26139.5,26106.75,26137.75,0
11/21/2018 9:16:00 AM,26108.9,26114.5,26101.8,26106.4,0
11/21/2018 9:15:00 AM,26105.45,26128.9,26100.65,26111.8,0
11/20/2018 3:29:00 PM,26084.2,26091.15,26074.15,26078.95,0
11/20/2018 3:28:00 PM,26088.15,26098.8,26081.1,26083.65,0
11/20/2018 3:27:00 PM,26108.75,26108.75,26087.2,26087.2,0
11/20/2018 3:26:00 PM,26107.45,26113.4,26103.8,26107.2,0
11/20/2018 3:25:00 PM,26105.7,26113.25,26102.3,26107.25,0
11/20/2018 3:24:00 PM,26094.3,26106.9,26094.3,26106.9,0
11/20/2018 3:23:00 PM,26112.6,26113.25,26090.4,26094.55,0
11/20/2018 3:22:00 PM,26104.7,26117.6,26101.7,26114.05,0
11/20/2018 3:21:00 PM,26115.65,26117.65,26100.7,26108.3,0
11/20/2018 3:20:00 PM,26114.9,26122.75,26111.15,26112.45,0
11/20/2018 3:19:00 PM,26112.85,26119.05,26109.55,26112.35,0
11/20/2018 3:18:00 PM,26127.05,26127.05,26112.55,26115.4,0
11/20/2018 3:17:00 PM,26114,26127.35,26108.85,26124.75,0
11/20/2018 3:16:00 PM,26123.85,26126.8,26106.6,26117.05,0
11/20/2018 3:15:00 PM,26128.45,26130.95,26119.95,26122.75,0
11/20/2018 3:14:00 PM,26129.3,26133.9,26117.85,26128.8,0
11/20/2018 3:13:00 PM,26135.1,26140.65,26122.6,26127.75,0
11/20/2018 3:12:00 PM,26129.95,26141.25,26127.05,26133.55,0
11/20/2018 3:11:00 PM,26134.65,26142.75,26127.05,26131.3,0
11/20/2018 3:10:00 PM,26126.65,26135.2,26117.7,26135.2,0
11/20/2018 3:09:00 PM,26135.05,26135.45,26123.35,26127.8,0
11/20/2018 3:08:00 PM,26138.75,26140.7,26130.85,26130.85,0
11/20/2018 3:07:00 PM,26142.9,26143.15,26133.2,26138.5,0
11/20/2018 3:06:00 PM,26150.3,26150.7,26140.15,26142.8,0
11/20/2018 3:05:00 PM,26125,26150.35,26125,26149.3,0
11/20/2018 3:04:00 PM,26126.9,26130.35,26120.6,26128.75,0
11/20/2018 3:03:00 PM,26116.45,26128,26108.45,26127.2,0
11/20/2018 3:02:00 PM,26097.5,26112.25,26093.9,26108.6,0
11/20/2018 3:01:00 PM,26088.6,26092.6,26083.75,26092.4,0
11/20/2018 3:00:00 PM,26069,26089.8,26065.8,26088.75,0
11/20/2018 2:59:00 PM,26067.2,26071.25,26064.75,26067.7,0
11/20/2018 2:58:00 PM,26068.4,26077.65,26068.25,26068.25,0
11/20/2018 2:57:00 PM,26079.2,26079.2,26067.45,26067.45,0
11/20/2018 2:56:00 PM,26087.65,26090.5,26077,26079.1,0
11/20/2018 2:55:00 PM,26086.75,26092.5,26086.2,26090.3,0
11/20/2018 2:54:00 PM,26091.85,26095.3,26087.9,26087.9,0
11/20/2018 2:53:00 PM,26090,26094.4,26087.75,26090.85,0
11/20/2018 2:52:00 PM,26095.65,26097.9,26086.35,26088.85,0
11/20/2018 2:51:00 PM,26094.55,26100.55,26085.35,26095.9,0
11/20/2018 2:50:00 PM,26087.4,26094.6,26083.5,26094.05,0
11/20/2018 2:49:00 PM,26089.55,26092.75,26086.9,26087.55,0
11/20/2018 2:48:00 PM,26084.25,26097.7,26080.55,26087.4,0
11/20/2018 2:47:00 PM,26072.7,26086.55,26069.4,26085.55,0
11/20/2018 2:46:00 PM,26060.35,26075.7,26055.75,26072.05,0
11/20/2018 2:45:00 PM,26066.4,26068.35,26059.4,26060.4,0
11/20/2018 2:44:00 PM,26064.3,26073,26062.15,26065.85,0
11/20/2018 2:43:00 PM,26056.75,26075.7,26053.1,26065.65,0
11/20/2018 2:42:00 PM,26061.65,26067.25,26043.6,26057.55,0
11/20/2018 2:41:00 PM,26058.55,26062.05,26054.3,26061.45,0
11/20/2018 2:40:00 PM,26062.1,26068.25,26058.25,26058.85,0
11/20/2018 2:39:00 PM,26072.7,26072.7,26057.6,26063.9,0
11/20/2018 2:38:00 PM,26076.7,26079,26069.7,26074.2,0
11/20/2018 2:37:00 PM,26089,26090.2,26077,26077,0
11/20/2018 2:36:00 PM,26083.1,26093.55,26083.1,26089.05,0
11/20/2018 2:35:00 PM,26083.35,26086.3,26080.1,26083.35,0
11/20/2018 2:34:00 PM,26072.65,26083.2,26070.75,26083.2,0
11/20/2018 2:33:00 PM,26075,26075,26066.85,26073.8,0
11/20/2018 2:32:00 PM,26081.35,26083.4,26073.65,26073.65,0
11/20/2018 2:31:00 PM,26084.5,26087.1,26080,26081.55,0
11/20/2018 2:30:00 PM,26083.3,26086.95,26070.55,26086.6,0
11/20/2018 2:29:00 PM,26093.1,26095.15,26082.3,26084.3,0
11/20/2018 2:28:00 PM,26083,26096.15,26083,26095.15,0
11/20/2018 2:27:00 PM,26093.25,26093.65,26082.85,26084,0
11/20/2018 2:26:00 PM,26100.05,26105.65,26091.35,26091.65,0
11/20/2018 2:25:00 PM,26107.2,26109.55,26100.1,26102.55,0
11/20/2018 2:24:00 PM,26106.35,26114.95,26105.45,26109.85,0
11/20/2018 2:23:00 PM,26087.9,26108.65,26087.9,26105.25,0
11/20/2018 2:22:00 PM,26094.2,26097.55,26087.8,26087.8,0
11/20/2018 2:21:00 PM,26088.2,26098.65,26082.1,26093.7,0
11/20/2018 2:20:00 PM,26112.65,26112.65,26086.3,26090.15,0
11/20/2018 2:19:00 PM,26111.45,26120.65,26108.55,26112.95,0
11/20/2018 2:18:00 PM,26104.95,26114.3,26104.05,26111.25,0
11/20/2018 2:17:00 PM,26120.75,26120.75,26104.6,26104.85,0
11/20/2018 2:16:00 PM,26117.6,26122.65,26117.6,26120.2,0
11/20/2018 2:15:00 PM,26124.1,26126.05,26115.05,26116.25,0
11/20/2018 2:14:00 PM,26106.15,26128.5,26106.15,26125.1,0
11/20/2018 2:13:00 PM,26108.8,26112.75,26100.85,26106.75,0
11/20/2018 2:12:00 PM,26099.55,26115,26099.55,26110.6,0
11/20/2018 2:11:00 PM,26101.6,26104.95,26095.55,26100.05,0
11/20/2018 2:10:00 PM,26107.9,26113.45,26090.65,26095.1,0
11/20/2018 2:09:00 PM,26120.6,26121.7,26107.9,26107.9,0
11/20/2018 2:08:00 PM,26117.8,26122,26111,26119.9,0
11/20/2018 2:07:00 PM,26129.3,26131.25,26117.5,26117.5,0
11/20/2018 2:06:00 PM,26119,26132.35,26116.2,26128.5,0
11/20/2018 2:05:00 PM,26121.7,26121.75,26109.65,26119.25,0
11/20/2018 2:04:00 PM,26134.4,26138.85,26119.5,26121.3,0
11/20/2018 2:03:00 PM,26149.05,26149.4,26133.2,26133.2,0
11/20/2018 2:02:00 PM,26142.5,26150.75,26140.1,26146.7,0
11/20/2018 2:01:00 PM,26141.55,26146.65,26139.8,26142.35,0
11/20/2018 2:00:00 PM,26137.45,26141.9,26133.5,26141.55,0
11/20/2018 1:59:00 PM,26136.4,26140.3,26132.6,26136.7,0
11/20/2018 1:58:00 PM,26137.8,26139.35,26134.95,26137.3,0
11/20/2018 1:57:00 PM,26140.05,26143.6,26135.55,26136.8,0
11/20/2018 1:56:00 PM,26146.1,26146.55,26135.65,26140.8,0
11/20/2018 1:55:00 PM,26146.65,26149.55,26140.25,26142.45,0
11/20/2018 1:54:00 PM,26149.85,26150.3,26143.05,26146.75,0
11/20/2018 1:53:00 PM,26137.85,26149.3,26136.75,26149.3,0
11/20/2018 1:52:00 PM,26141.25,26142.55,26135.65,26137.55,0
11/20/2018 1:51:00 PM,26140.45,26144.15,26133.85,26139.6,0
11/20/2018 1:50:00 PM,26139.35,26142.7,26131.95,26142.5,0
11/20/2018 1:49:00 PM,26139.75,26144.9,26135.5,26139.8,0
11/20/2018 1:48:00 PM,26116.9,26142.5,26116.65,26141,0
11/20/2018 1:47:00 PM,26116.7,26121.35,26113.7,26117.55,0
11/20/2018 1:46:00 PM,26125.5,26126.05,26115.75,26117.3,0
11/20/2018 1:45:00 PM,26129.6,26133.5,26117.85,26126.25,0
11/20/2018 1:44:00 PM,26128.05,26132.65,26122.55,26132.65,0
11/20/2018 1:43:00 PM,26128.45,26134.7,26125.95,26129.6,0
11/20/2018 1:42:00 PM,26122,26129.9,26119.7,26129.9,0
11/20/2018 1:41:00 PM,26115.2,26122.95,26111.9,26121.9,0
11/20/2018 1:40:00 PM,26116.3,26123.5,26111.05,26117.1,0
11/20/2018 1:39:00 PM,26130.9,26130.9,26110.6,26116.35,0
11/20/2018 1:38:00 PM,26120.7,26132,26118.15,26129.25,0
11/20/2018 1:37:00 PM,26110.2,26122.6,26106.65,26121.25,0
11/20/2018 1:36:00 PM,26130.6,26130.6,26108.05,26109.3,0
11/20/2018 1:35:00 PM,26154.15,26156.3,26130.9,26131.85,0
11/20/2018 1:34:00 PM,26165.55,26167.85,26153.3,26154.5,0
11/20/2018 1:33:00 PM,26157.1,26169.05,26154.25,26166.55,0
11/20/2018 1:32:00 PM,26170.95,26173.3,26155.75,26158.4,0
11/20/2018 1:31:00 PM,26180.3,26180.5,26168.9,26171.25,0
11/20/2018 1:30:00 PM,26175.95,26184.05,26174.8,26180.8,0
11/20/2018 1:29:00 PM,26183.2,26183.2,26174.5,26176.6,0
11/20/2018 1:28:00 PM,26186.85,26189.45,26183.35,26184.4,0
11/20/2018 1:27:00 PM,26188.95,26191.45,26186.2,26188.15,0
11/20/2018 1:26:00 PM,26191.4,26192.35,26188.3,26190.9,0
11/20/2018 1:25:00 PM,26194.95,26196.9,26184.7,26191.25,0
11/20/2018 1:24:00 PM,26192.5,26198.8,26191.65,26195.75,0
11/20/2018 1:23:00 PM,26191.95,26194.9,26189.35,26192.05,0
11/20/2018 1:22:00 PM,26189.9,26196.85,26189.9,26192.2,0
11/20/2018 1:21:00 PM,26183.95,26190.35,26183.85,26189.65,0
11/20/2018 1:20:00 PM,26198.85,26200.4,26184.65,26184.9,0
11/20/2018 1:19:00 PM,26193.3,26200.6,26188.2,26200.3,0
11/20/2018 1:18:00 PM,26183.75,26191.6,26182.75,26191.25,0
11/20/2018 1:17:00 PM,26175.2,26184.75,26173.15,26184.55,0
11/20/2018 1:16:00 PM,26178.05,26184.75,26175.55,26175.55,0
11/20/2018 1:15:00 PM,26170.35,26178.7,26170.35,26178.7,0
11/20/2018 1:14:00 PM,26175.45,26177.15,26167.85,26170.65,0
11/20/2018 1:13:00 PM,26172,26178.3,26172,26175.25,0
11/20/2018 1:12:00 PM,26160.85,26173.85,26156.9,26173.15,0
11/20/2018 1:11:00 PM,26171.95,26172.3,26158.6,26160.2,0
11/20/2018 1:10:00 PM,26184.75,26186.8,26170.25,26172.55,0
11/20/2018 1:09:00 PM,26184.35,26186.25,26180.4,26184.8,0
11/20/2018 1:08:00 PM,26178.65,26187.2,26176.3,26183.4,0
11/20/2018 1:07:00 PM,26173,26178,26170.45,26178,0
11/20/2018 1:06:00 PM,26176.4,26177.85,26167.3,26169.6,0
11/20/2018 1:05:00 PM,26182.8,26183.7,26176.1,26176.1,0
11/20/2018 1:04:00 PM,26191.75,26192.6,26177.25,26180.15,0
11/20/2018 1:03:00 PM,26193,26195.1,26185.8,26190.45,0
11/20/2018 1:02:00 PM,26191.15,26196.55,26188.3,26192.1,0
11/20/2018 1:01:00 PM,26182.2,26193.55,26182.2,26188.9,0
11/20/2018 1:00:00 PM,26180.55,26183.95,26175.35,26183.7,0
11/20/2018 12:59:00 PM,26189.8,26191.65,26178.75,26180.55,0
11/20/2018 12:58:00 PM,26180.95,26194,26176.95,26190.3,0
11/20/2018 12:57:00 PM,26179.45,26181.5,26170.6,26179.7,0
11/20/2018 12:56:00 PM,26187.85,26187.85,26176,26180.05,0
11/20/2018 12:55:00 PM,26173.05,26192.05,26172.4,26187.6,0
11/20/2018 12:54:00 PM,26171.5,26177.7,26165,26172.45,0
11/20/2018 12:53:00 PM,26169.9,26177.8,26167.8,26170.1,0
11/20/2018 12:52:00 PM,26163.9,26171.3,26160.1,26169.9,0
11/20/2018 12:51:00 PM,26182.8,26182.8,26164.25,26164.25,0
11/20/2018 12:50:00 PM,26187.25,26189.85,26181.45,26182.25,0
11/20/2018 12:49:00 PM,26187.2,26191.2,26181.15,26188.15,0
11/20/2018 12:48:00 PM,26184.2,26191.6,26183.85,26187.05,0
11/20/2018 12:47:00 PM,26184.6,26187.15,26180.6,26186.55,0
11/20/2018 12:46:00 PM,26182.5,26188.8,26179.3,26185.2,0
11/20/2018 12:45:00 PM,26197.4,26197.75,26177.05,26182.55,0
11/20/2018 12:44:00 PM,26210.15,26210.2,26196.05,26196.05,0
11/20/2018 12:43:00 PM,26219.45,26221.45,26208.8,26210.4,0
11/20/2018 12:42:00 PM,26214,26223.9,26213.6,26220,0
11/20/2018 12:41:00 PM,26222.55,26222.75,26210.55,26215.1,0
11/20/2018 12:40:00 PM,26232.35,26232.4,26222.15,26222.15,0
11/20/2018 12:39:00 PM,26235,26235,26227.55,26232.55,0
11/20/2018 12:38:00 PM,26222.4,26236.7,26221,26234.55,0
11/20/2018 12:37:00 PM,26215.95,26221.5,26205.2,26220.2,0
11/20/2018 12:36:00 PM,26204.4,26216.85,26203.5,26215.45,0
11/20/2018 12:35:00 PM,26203.45,26206.1,26199.2,26203.65,0
11/20/2018 12:34:00 PM,26211.6,26211.6,26201.1,26202.2,0
11/20/2018 12:33:00 PM,26218.25,26222.35,26210.35,26210.35,0
11/20/2018 12:32:00 PM,26221.8,26225.6,26219.85,26219.85,0
11/20/2018 12:31:00 PM,26219.6,26226.4,26219.6,26221.9,0
11/20/2018 12:30:00 PM,26222.15,26226.15,26218.9,26220.85,0
11/20/2018 12:29:00 PM,26236.45,26236.45,26219.45,26221.55,0
11/20/2018 12:28:00 PM,26231.3,26238.15,26229.15,26238.15,0
11/20/2018 12:27:00 PM,26232.95,26236.95,26229.6,26232,0
11/20/2018 12:26:00 PM,26238,26245.55,26231.45,26231.9,0
11/20/2018 12:25:00 PM,26231.9,26242.05,26231.3,26237.35,0
11/20/2018 12:24:00 PM,26240.8,26244.2,26230.1,26232.2,0
11/20/2018 12:23:00 PM,26222.4,26242.85,26222.4,26241.25,0
11/20/2018 12:22:00 PM,26202.45,26224,26202.2,26223.35,0
11/20/2018 12:21:00 PM,26212,26212,26198.35,26203.6,0
11/20/2018 12:20:00 PM,26210.75,26223,26209.95,26213.85,0
11/20/2018 12:19:00 PM,26216.75,26216.9,26195,26210.35,0
11/20/2018 12:18:00 PM,26220.65,26224.55,26216.2,26216.2,0
11/20/2018 12:17:00 PM,26218.1,26220.55,26213.1,26219.85,0
11/20/2018 12:16:00 PM,26217.75,26219.75,26214.15,26217.2,0
11/20/2018 12:15:00 PM,26215.5,26218.8,26213.8,26216.75,0
11/20/2018 12:14:00 PM,26217.2,26223.95,26215.75,26215.75,0
11/20/2018 12:13:00 PM,26215.45,26223.65,26215.45,26220.9,0
11/20/2018 12:12:00 PM,26215.85,26216.25,26211.05,26215.95,0
11/20/2018 12:11:00 PM,26216.1,26221.3,26214.25,26217.25,0
11/20/2018 12:10:00 PM,26210.3,26216.9,26208.75,26216.9,0
11/20/2018 12:09:00 PM,26209.35,26212.9,26207.05,26211.85,0
11/20/2018 12:08:00 PM,26206.55,26210,26205.3,26209.35,0
11/20/2018 12:07:00 PM,26219.35,26220.85,26205.25,26208.15,0
11/20/2018 12:06:00 PM,26220.2,26222.95,26218.65,26220,0
11/20/2018 12:05:00 PM,26218.15,26221.4,26217.55,26220.05,0
11/20/2018 12:04:00 PM,26213.9,26222.7,26213.85,26217.95,0
11/20/2018 12:03:00 PM,26217.05,26221.8,26212.45,26214.2,0
11/20/2018 12:02:00 PM,26215.35,26221.5,26211.4,26217.05,0
11/20/2018 12:01:00 PM,26215.5,26217.4,26212.7,26215.75,0
11/20/2018 12:00:00 PM,26223.4,26224.55,26211.25,26217.15,0
11/20/2018 11:59:00 AM,26222,26228.85,26220.1,26226.65,0
11/20/2018 11:58:00 AM,26228.15,26229.45,26214.25,26222.2,0
11/20/2018 11:57:00 AM,26225.7,26229.85,26224.45,26228.1,0
11/20/2018 11:56:00 AM,26212.8,26226.05,26211.4,26226.05,0
11/20/2018 11:55:00 AM,26226.8,26227.15,26211,26211.35,0
11/20/2018 11:54:00 AM,26211.6,26229.25,26209.9,26221.7,0
11/20/2018 11:53:00 AM,26205.9,26211.5,26202.2,26211.5,0
11/20/2018 11:52:00 AM,26202,26208.05,26197,26204.45,0
11/20/2018 11:51:00 AM,26186.7,26201.5,26183.85,26201.5,0
11/20/2018 11:50:00 AM,26187.7,26190.85,26183.35,26186.7,0
11/20/2018 11:49:00 AM,26196.15,26197.7,26188.65,26188.7,0
11/20/2018 11:48:00 AM,26190.85,26198.65,26188.95,26195.75,0
11/20/2018 11:47:00 AM,26187.5,26199.35,26186,26194.45,0
11/20/2018 11:46:00 AM,26188.55,26190.35,26184.35,26186.05,0
11/20/2018 11:45:00 AM,26187.9,26189.95,26187.05,26188.6,0
11/20/2018 11:44:00 AM,26179.15,26187.95,26179.15,26187.9,0
11/20/2018 11:43:00 AM,26185,26185,26177.8,26178.75,0
11/20/2018 11:42:00 AM,26185.1,26185.1,26177.8,26184.95,0
11/20/2018 11:41:00 AM,26186.6,26189,26182.75,26184.95,0
11/20/2018 11:40:00 AM,26191.95,26196.65,26185,26185,0
11/20/2018 11:39:00 AM,26190.05,26195.9,26188.65,26189.9,0
11/20/2018 11:38:00 AM,26186.75,26192.6,26184.15,26190.15,0
11/20/2018 11:37:00 AM,26182.9,26186.6,26179.4,26185.65,0
11/20/2018 11:36:00 AM,26177.8,26185.15,26177.1,26184.4,0
11/20/2018 11:35:00 AM,26170.7,26180.55,26169.4,26178.7,0
11/20/2018 11:34:00 AM,26179.05,26179.05,26170.8,26170.8,0
11/20/2018 11:33:00 AM,26177.05,26179.6,26169.5,26178.7,0
11/20/2018 11:32:00 AM,26186.2,26186.85,26176.4,26177.65,0
11/20/2018 11:31:00 AM,26188.8,26191.25,26183.55,26187.4,0
11/20/2018 11:30:00 AM,26190.25,26190.8,26185.25,26189.2,0
11/20/2018 11:29:00 AM,26189.75,26194.25,26187.4,26190.25,0
11/20/2018 11:28:00 AM,26187.5,26191.5,26187.5,26189.9,0
11/20/2018 11:27:00 AM,26192.75,26193.55,26186.4,26187.45,0
11/20/2018 11:26:00 AM,26184.85,26193.05,26184.85,26193.05,0
11/20/2018 11:25:00 AM,26173.3,26185.3,26173.3,26184.5,0
11/20/2018 11:24:00 AM,26174.3,26181.15,26168.35,26171.55,0
11/20/2018 11:23:00 AM,26176.4,26181.4,26173.85,26174.5,0
11/20/2018 11:22:00 AM,26168.45,26176.85,26168.45,26175.4,0
11/20/2018 11:21:00 AM,26170.7,26171.5,26161.75,26170,0
11/20/2018 11:20:00 AM,26163.2,26169.8,26159.4,26169.8,0
11/20/2018 11:19:00 AM,26164.85,26172.3,26158.15,26162.8,0
11/20/2018 11:18:00 AM,26165.7,26171.2,26164.6,26164.6,0
11/20/2018 11:17:00 AM,26151.55,26166.7,26150.85,26166.7,0
11/20/2018 11:16:00 AM,26154.5,26155.7,26148.95,26153.55,0
11/20/2018 11:15:00 AM,26164.25,26167.25,26150.8,26154.35,0
11/20/2018 11:14:00 AM,26169.55,26173.55,26161.3,26163.55,0
11/20/2018 11:13:00 AM,26166.35,26173.55,26165.5,26170.7,0
11/20/2018 11:12:00 AM,26159.5,26169.2,26158.15,26166.3,0
11/20/2018 11:11:00 AM,26154.85,26161.35,26153.2,26158.8,0
11/20/2018 11:10:00 AM,26157.35,26158.15,26149.5,26153.95,0
11/20/2018 11:09:00 AM,26171.8,26172.25,26153.75,26153.75,0
11/20/2018 11:08:00 AM,26173.85,26177.25,26169.85,26170.7,0
11/20/2018 11:07:00 AM,26175.5,26183.3,26170.15,26172.3,0
11/20/2018 11:06:00 AM,26174,26178.4,26170,26176.3,0
11/20/2018 11:05:00 AM,26180.3,26180.35,26172.35,26172.7,0
11/20/2018 11:04:00 AM,26182.7,26184.85,26174.7,26174.7,0
11/20/2018 11:03:00 AM,26181.55,26188.25,26179.95,26180.8,0
11/20/2018 11:02:00 AM,26173.5,26180.95,26171.95,26180.95,0
11/20/2018 11:01:00 AM,26180,26180.95,26169.85,26174.75,0
11/20/2018 11:00:00 AM,26184.85,26187.6,26179.25,26179.25,0
11/20/2018 10:59:00 AM,26185.05,26191.15,26185.05,26185.45,0
11/20/2018 10:58:00 AM,26187.4,26189.55,26182.25,26186.4,0
11/20/2018 10:57:00 AM,26197.8,26202.2,26188.2,26189.5,0
11/20/2018 10:56:00 AM,26200.8,26208.5,26198.2,26198.2,0
11/20/2018 10:55:00 AM,26199.3,26206.1,26196.1,26200.7,0
11/20/2018 10:54:00 AM,26183.85,26197.15,26180.2,26195.05,0
11/20/2018 10:53:00 AM,26174.4,26184.25,26170.85,26184.25,0
11/20/2018 10:52:00 AM,26189.15,26189.15,26176.4,26177.2,0
11/20/2018 10:51:00 AM,26195.65,26196.4,26187.5,26188.15,0
11/20/2018 10:50:00 AM,26201.2,26201.4,26190.6,26196.3,0
11/20/2018 10:49:00 AM,26197.85,26199.3,26192.05,26198.95,0
11/20/2018 10:48:00 AM,26191,26199.6,26188.35,26198.9,0
11/20/2018 10:47:00 AM,26190.6,26194.3,26184.2,26189.65,0
11/20/2018 10:46:00 AM,26203.75,26204.15,26183.7,26190.8,0
11/20/2018 10:45:00 AM,26200.95,26211.25,26199.2,26206.25,0
11/20/2018 10:44:00 AM,26205.9,26209.65,26199.55,26201.15,0
11/20/2018 10:43:00 AM,26200.15,26206,26198.2,26205.65,0
11/20/2018 10:42:00 AM,26188.05,26201.7,26186.4,26199.25,0
11/20/2018 10:41:00 AM,26190.95,26191.2,26184.6,26190.9,0
11/20/2018 10:40:00 AM,26184.85,26193.65,26183.05,26190.65,0
11/20/2018 10:39:00 AM,26185.65,26192.85,26180.2,26183.25,0
11/20/2018 10:38:00 AM,26187.15,26193.3,26181.05,26188.35,0
11/20/2018 10:37:00 AM,26183.1,26192.65,26182.8,26187.25,0
11/20/2018 10:36:00 AM,26170.55,26189.4,26170.55,26184.25,0
11/20/2018 10:35:00 AM,26169.55,26177.15,26159.4,26169.6,0
11/20/2018 10:34:00 AM,26169.2,26173.6,26166.35,26168.65,0
11/20/2018 10:33:00 AM,26170.1,26181,26167.95,26167.95,0
11/20/2018 10:32:00 AM,26186,26191.45,26171.4,26171.4,0
11/20/2018 10:31:00 AM,26182.7,26188.2,26182.65,26188.05,0
11/20/2018 10:30:00 AM,26188.6,26188.6,26175.65,26182.55,0
11/20/2018 10:29:00 AM,26179.25,26191,26179.25,26187.9,0
11/20/2018 10:28:00 AM,26172.25,26184.45,26169.4,26181.2,0
11/20/2018 10:27:00 AM,26189.6,26190,26173,26173,0
11/20/2018 10:26:00 AM,26193.55,26196.7,26187.65,26188.45,0
11/20/2018 10:25:00 AM,26194.4,26200.65,26190.4,26192.2,0
11/20/2018 10:24:00 AM,26187.1,26195.85,26186.05,26193.8,0
11/20/2018 10:23:00 AM,26197.85,26197.85,26183.15,26187.85,0
11/20/2018 10:22:00 AM,26197.05,26201,26193.45,26198.4,0
11/20/2018 10:21:00 AM,26191.55,26199.6,26191.55,26197.7,0
11/20/2018 10:20:00 AM,26194.65,26194.75,26186.65,26192.2,0
11/20/2018 10:19:00 AM,26183.75,26199,26183.75,26193.7,0
11/20/2018 10:18:00 AM,26200.3,26201.9,26184.05,26184.4,0
11/20/2018 10:17:00 AM,26206.4,26210.5,26197.4,26197.4,0
11/20/2018 10:16:00 AM,26208,26215.15,26204.9,26206.05,0
11/20/2018 10:15:00 AM,26209.35,26211.9,26205.95,26208.7,0
11/20/2018 10:14:00 AM,26202,26209.4,26197.1,26208.85,0
11/20/2018 10:13:00 AM,26203.65,26209.85,26197.35,26199.55,0
11/20/2018 10:12:00 AM,26221.15,26223.4,26204.65,26204.75,0
11/20/2018 10:11:00 AM,26206.2,26223.55,26205.55,26223.55,0
11/20/2018 10:10:00 AM,26195.9,26205.7,26191.85,26205.45,0
11/20/2018 10:09:00 AM,26202.25,26202.25,26192.8,26195.75,0
11/20/2018 10:08:00 AM,26201.65,26203.15,26193.05,26201.6,0
11/20/2018 10:07:00 AM,26203.95,26205.45,26199,26202.1,0
11/20/2018 10:06:00 AM,26212.1,26214.45,26201.65,26202.4,0
11/20/2018 10:05:00 AM,26228.75,26230.7,26212.2,26212.2,0
11/20/2018 10:04:00 AM,26228.4,26235.05,26226.85,26228.6,0
11/20/2018 10:03:00 AM,26232.25,26237,26224.35,26227.2,0
11/20/2018 10:02:00 AM,26233.15,26239.9,26228.4,26234.45,0
11/20/2018 10:01:00 AM,26225.55,26233.9,26223,26233.75,0
11/20/2018 10:00:00 AM,26225.4,26232.7,26221.45,26225.25,0
11/20/2018 9:59:00 AM,26234.35,26236.35,26224.65,26226.25,0
11/20/2018 9:58:00 AM,26242.05,26244.2,26235.3,26237.1,0
11/20/2018 9:57:00 AM,26247.2,26248.9,26234,26240.4,0
11/20/2018 9:56:00 AM,26239,26246.65,26238.45,26246.65,0
11/20/2018 9:55:00 AM,26233.85,26241.85,26225.7,26238.95,0
11/20/2018 9:54:00 AM,26241.1,26246.7,26228.15,26234.45,0
11/20/2018 9:53:00 AM,26250,26253.1,26241.25,26243.2,0
11/20/2018 9:52:00 AM,26244.25,26252.35,26241.4,26250,0
11/20/2018 9:51:00 AM,26245.4,26247.65,26241.65,26242.8,0
11/20/2018 9:50:00 AM,26253.55,26257.05,26245.6,26246,0
11/20/2018 9:49:00 AM,26243.65,26253.4,26237.05,26252.85,0
11/20/2018 9:48:00 AM,26226.1,26242.4,26222.1,26242.4,0
11/20/2018 9:47:00 AM,26214.7,26223.7,26213.1,26222.1,0
11/20/2018 9:46:00 AM,26220.9,26224.1,26214.5,26215.05,0
11/20/2018 9:45:00 AM,26229.7,26231.95,26216.2,26219.8,0
11/20/2018 9:44:00 AM,26228.6,26230.3,26221.85,26228.95,0
11/20/2018 9:43:00 AM,26222.45,26237.2,26222.45,26230.9,0
11/20/2018 9:42:00 AM,26224.5,26233.3,26224.2,26226.6,0
11/20/2018 9:41:00 AM,26205.2,26225.85,26201.45,26221.8,0
11/20/2018 9:40:00 AM,26209.45,26217.25,26197,26203.65,0
11/20/2018 9:39:00 AM,26177.35,26208.25,26177.05,26208.25,0
11/20/2018 9:38:00 AM,26171.35,26180.9,26167.9,26177.9,0
11/20/2018 9:37:00 AM,26174.25,26180.9,26166.7,26169.3,0
11/20/2018 9:36:00 AM,26170.05,26179.55,26169.75,26172.45,0
11/20/2018 9:35:00 AM,26179.8,26186.15,26175.3,26175.3,0
11/20/2018 9:34:00 AM,26178.15,26183.6,26175,26181.45,0
11/20/2018 9:33:00 AM,26178.2,26181.8,26172.35,26179.4,0
11/20/2018 9:32:00 AM,26177.15,26190.4,26175.2,26179.2,0
11/20/2018 9:31:00 AM,26171.45,26178.85,26161.7,26177.65,0
11/20/2018 9:30:00 AM,26178.85,26182.35,26158,26168.75,0
11/20/2018 9:29:00 AM,26198.4,26202.95,26176.35,26179.7,0
11/20/2018 9:28:00 AM,26202.9,26210.65,26198.75,26198.75,0
11/20/2018 9:27:00 AM,26214.6,26214.6,26196.15,26206.7,0
11/20/2018 9:26:00 AM,26224.75,26225.5,26209.4,26215.4,0
11/20/2018 9:25:00 AM,26231.05,26241.45,26220.5,26226.15,0
11/20/2018 9:24:00 AM,26253.5,26257,26229.35,26232.45,0
11/20/2018 9:23:00 AM,26231.2,26253.75,26230.1,26248.35,0
11/20/2018 9:22:00 AM,26217.95,26236.55,26217.95,26232.15,0
11/20/2018 9:21:00 AM,26222.95,26224.65,26208.35,26218.5,0
11/20/2018 9:20:00 AM,26233.6,26241.4,26217.35,26218.5,0
11/20/2018 9:19:00 AM,26199.55,26236.1,26199,26233.5,0
11/20/2018 9:18:00 AM,26195.05,26201,26184.45,26200.7,0
11/20/2018 9:17:00 AM,26211,26213.45,26192,26194.3,0
11/20/2018 9:16:00 AM,26204.95,26234.05,26192,26207.5,0
11/20/2018 9:15:00 AM,26211.5,26211.5,26140.2,26203.3,0
11/19/2018 3:29:00 PM,26333.9,26352.7,26329.1,26338.25,0
11/19/2018 3:28:00 PM,26334.6,26340.45,26327.95,26333.3,0
11/19/2018 3:27:00 PM,26323.85,26336.9,26320.05,26331.6,0
11/19/2018 3:26:00 PM,26331.35,26332.45,26320.15,26321.15,0
11/19/2018 3:25:00 PM,26323.3,26336.05,26321.35,26329.65,0
11/19/2018 3:24:00 PM,26320.95,26326.25,26318.6,26324.1,0
11/19/2018 3:23:00 PM,26325.05,26326.9,26320.15,26321.35,0
11/19/2018 3:22:00 PM,26318.7,26326.5,26318.55,26326.2,0
11/19/2018 3:21:00 PM,26307.45,26318.6,26304.95,26318.15,0
11/19/2018 3:20:00 PM,26302.55,26311.2,26302,26309.2,0
11/19/2018 3:19:00 PM,26290.35,26301.65,26288.15,26301.65,0
11/19/2018 3:18:00 PM,26288.9,26295.8,26284.25,26290.9,0
11/19/2018 3:17:00 PM,26291.45,26296.15,26283.6,26287.3,0
11/19/2018 3:16:00 PM,26291.65,26295.45,26285.05,26289.35,0
11/19/2018 3:15:00 PM,26278.85,26291.5,26278.15,26289.75,0
11/19/2018 3:14:00 PM,26286,26286.55,26277.55,26283.6,0
11/19/2018 3:13:00 PM,26288.75,26293.25,26279.05,26283,0
11/19/2018 3:12:00 PM,26279,26297.8,26279,26289.15,0
11/19/2018 3:11:00 PM,26265.9,26285.15,26265.6,26279.05,0
11/19/2018 3:10:00 PM,26265.15,26270.45,26262.35,26262.7,0
11/19/2018 3:09:00 PM,26278.2,26281.6,26266.25,26266.25,0
11/19/2018 3:08:00 PM,26278.55,26283,26273.35,26275.6,0
11/19/2018 3:07:00 PM,26285.5,26290.6,26274.3,26275.8,0
11/19/2018 3:06:00 PM,26296.25,26300.6,26284.3,26284.3,0
11/19/2018 3:05:00 PM,26298.7,26307.1,26293.2,26293.85,0
11/19/2018 3:04:00 PM,26310.65,26313.35,26296.05,26298.85,0
11/19/2018 3:03:00 PM,26304,26318,26303.25,26310.25,0
11/19/2018 3:02:00 PM,26295.05,26305,26295.05,26303.4,0
11/19/2018 3:01:00 PM,26291.3,26302.8,26291.3,26296,0
11/19/2018 3:00:00 PM,26276.4,26294.95,26276.15,26292.3,0
11/19/2018 2:59:00 PM,26268.1,26297.1,26268.1,26279.25,0
11/19/2018 2:58:00 PM,26267.75,26269.1,26255.05,26268.65,0
11/19/2018 2:57:00 PM,26256.75,26279.9,26256.75,26268.6,0
11/19/2018 2:56:00 PM,26266.6,26268.6,26253.15,26257.05,0
11/19/2018 2:55:00 PM,26268.4,26281.35,26266.2,26267.25,0
11/19/2018 2:54:00 PM,26255.8,26267.45,26250.3,26267.45,0
11/19/2018 2:53:00 PM,26298,26299.9,26242.2,26251.1,0
11/19/2018 2:52:00 PM,26303.15,26307.1,26295.85,26298.75,0
11/19/2018 2:51:00 PM,26299.65,26306.95,26299.65,26302.15,0
11/19/2018 2:50:00 PM,26301.15,26303,26291.7,26300,0
11/19/2018 2:49:00 PM,26295.05,26307.3,26295.05,26300.55,0
11/19/2018 2:48:00 PM,26294.7,26306.2,26294.7,26295.85,0
11/19/2018 2:47:00 PM,26287.95,26297.95,26287.95,26292.55,0
11/19/2018 2:46:00 PM,26305.1,26307.35,26285.7,26286.75,0
11/19/2018 2:45:00 PM,26294.75,26313.4,26294.75,26303.7,0
11/19/2018 2:44:00 PM,26298.65,26307.45,26290.9,26295.15,0
11/19/2018 2:43:00 PM,26309.7,26316.25,26296.25,26298.45,0
11/19/2018 2:42:00 PM,26302.6,26314.9,26302,26310.4,0
11/19/2018 2:41:00 PM,26317.6,26331.5,26302.65,26302.65,0
11/19/2018 2:40:00 PM,26314.2,26328.65,26312.3,26315.35,0
11/19/2018 2:39:00 PM,26322.5,26328.6,26311.45,26313.9,0
11/19/2018 2:38:00 PM,26289.6,26337.05,26289.6,26320.55,0
11/19/2018 2:37:00 PM,26266.8,26289,26260.05,26289,0
11/19/2018 2:36:00 PM,26243.9,26283.1,26243.9,26265.55,0
11/19/2018 2:35:00 PM,26258.65,26258.65,26243.5,26243.5,0
11/19/2018 2:34:00 PM,26269.55,26275.75,26255.75,26255.75,0
11/19/2018 2:33:00 PM,26239.1,26275.8,26239.1,26268.65,0
11/19/2018 2:32:00 PM,26237.7,26244.75,26224.75,26238.1,0
11/19/2018 2:31:00 PM,26242.15,26250.95,26232.55,26236.8,0
11/19/2018 2:30:00 PM,26262.6,26273.05,26207.85,26239.9,0
11/19/2018 2:29:00 PM,26331.25,26333.2,26261.45,26261.45,0
11/19/2018 2:28:00 PM,26330.4,26347.05,26329.85,26329.85,0
11/19/2018 2:27:00 PM,26340.2,26342.95,26326.95,26330.2,0
11/19/2018 2:26:00 PM,26350.15,26351.75,26339.95,26340.3,0
11/19/2018 2:25:00 PM,26348.85,26351.9,26346.2,26348.95,0
11/19/2018 2:24:00 PM,26342.8,26349.55,26342.45,26348.05,0
11/19/2018 2:23:00 PM,26343.6,26346.05,26335.7,26342.65,0
11/19/2018 2:22:00 PM,26340.05,26347.35,26337.35,26337.35,0
11/19/2018 2:21:00 PM,26356.8,26359.1,26336.8,26338.05,0
11/19/2018 2:20:00 PM,26351.6,26359.75,26351.5,26354.95,0
11/19/2018 2:19:00 PM,26356.45,26357.5,26346.7,26351.05,0
11/19/2018 2:18:00 PM,26355.45,26357.1,26351.7,26355.35,0
11/19/2018 2:17:00 PM,26353,26360.3,26353,26355.3,0
11/19/2018 2:16:00 PM,26347.55,26353.6,26347.05,26351,0
11/19/2018 2:15:00 PM,26351.45,26354.6,26347.1,26347.15,0
11/19/2018 2:14:00 PM,26346.2,26354.1,26344.8,26353.45,0
11/19/2018 2:13:00 PM,26342.8,26348.25,26342.05,26343.1,0
11/19/2018 2:12:00 PM,26350.35,26350.9,26341.6,26342.55,0
11/19/2018 2:11:00 PM,26347.6,26352.15,26346.1,26349.4,0
11/19/2018 2:10:00 PM,26342.85,26352.25,26342.85,26347.5,0
11/19/2018 2:09:00 PM,26354,26355.05,26339.75,26341.55,0
11/19/2018 2:08:00 PM,26355.3,26360.15,26346.75,26352,0
11/19/2018 2:07:00 PM,26357.25,26360.3,26353.6,26356.3,0
11/19/2018 2:06:00 PM,26351.9,26360.15,26350.85,26357.8,0
11/19/2018 2:05:00 PM,26347.95,26354.3,26347.15,26349.15,0
11/19/2018 2:04:00 PM,26349.05,26358.8,26348.65,26348.75,0
11/19/2018 2:03:00 PM,26346.1,26352.65,26344.7,26347.6,0
11/19/2018 2:02:00 PM,26350.9,26353.75,26343.7,26346,0
11/19/2018 2:01:00 PM,26349.5,26352.95,26344.75,26346.1,0
11/19/2018 2:00:00 PM,26340.85,26349.85,26340.85,26349.85,0
11/19/2018 1:59:00 PM,26339.8,26342.55,26334.9,26338.35,0
11/19/2018 1:58:00 PM,26346.25,26348.85,26337.85,26337.85,0
11/19/2018 1:57:00 PM,26341.55,26350.7,26341.55,26346.65,0
11/19/2018 1:56:00 PM,26337.9,26348.85,26337.9,26339.1,0
11/19/2018 1:55:00 PM,26332.15,26344.1,26332.15,26337.3,0
11/19/2018 1:54:00 PM,26326.3,26333.9,26326.3,26329.45,0
11/19/2018 1:53:00 PM,26327.1,26334.15,26322.25,26328.2,0
11/19/2018 1:52:00 PM,26353.25,26353.9,26325.35,26328.15,0
11/19/2018 1:51:00 PM,26350.65,26355.45,26343.15,26348.95,0
11/19/2018 1:50:00 PM,26361,26368.2,26350.75,26350.75,0
11/19/2018 1:49:00 PM,26352.05,26363,26352.05,26361.65,0
11/19/2018 1:48:00 PM,26353.15,26358.6,26348.7,26354.75,0
11/19/2018 1:47:00 PM,26351.2,26359.7,26348.75,26351.05,0
11/19/2018 1:46:00 PM,26358.5,26364.6,26349.6,26350.3,0
11/19/2018 1:45:00 PM,26351.2,26363.55,26351.2,26358.3,0
11/19/2018 1:44:00 PM,26342.5,26356.45,26342.5,26349.9,0
11/19/2018 1:43:00 PM,26353.3,26358.1,26341.9,26341.9,0
11/19/2018 1:42:00 PM,26357.7,26365.45,26353.7,26353.7,0
11/19/2018 1:41:00 PM,26367.4,26378.05,26357.1,26357.1,0
11/19/2018 1:40:00 PM,26368.4,26376.8,26367.35,26367.35,0
11/19/2018 1:39:00 PM,26368.2,26371.7,26357.8,26366.75,0
11/19/2018 1:38:00 PM,26354.6,26370.4,26354.6,26367.25,0
11/19/2018 1:37:00 PM,26358.1,26366.2,26352.05,26355.2,0
11/19/2018 1:36:00 PM,26363.4,26368.6,26356.2,26357.1,0
11/19/2018 1:35:00 PM,26355.25,26367.6,26355.25,26363.15,0
11/19/2018 1:34:00 PM,26353.35,26359.6,26353.15,26355.95,0
11/19/2018 1:33:00 PM,26347.35,26357.3,26343.15,26352.5,0
11/19/2018 1:32:00 PM,26340.3,26350.5,26339.65,26347.85,0
11/19/2018 1:31:00 PM,26338.7,26344.4,26338.1,26339.8,0
11/19/2018 1:30:00 PM,26336.85,26348.4,26336.15,26337.2,0
11/19/2018 1:29:00 PM,26341.95,26351.85,26335.95,26337.65,0
11/19/2018 1:28:00 PM,26330.6,26341,26330.6,26341,0
11/19/2018 1:27:00 PM,26334.9,26340.35,26328.2,26330.5,0
11/19/2018 1:26:00 PM,26336.95,26341.6,26332.55,26332.55,0
11/19/2018 1:25:00 PM,26334.65,26340.15,26334.55,26337.35,0
11/19/2018 1:24:00 PM,26329.35,26334.55,26317.8,26334.55,0
11/19/2018 1:23:00 PM,26324.1,26331.4,26323.05,26329.55,0
11/19/2018 1:22:00 PM,26337.7,26338.2,26321.7,26321.7,0
11/19/2018 1:21:00 PM,26343.05,26345.1,26336.2,26336.2,0
11/19/2018 1:20:00 PM,26334,26348.95,26331.95,26342.35,0
11/19/2018 1:19:00 PM,26326.1,26341.2,26322.25,26333.7,0
11/19/2018 1:18:00 PM,26327.15,26331.1,26322.15,26324.6,0
11/19/2018 1:17:00 PM,26316.45,26328.1,26312.3,26326.5,0
11/19/2018 1:16:00 PM,26303.55,26317,26300.55,26315.05,0
11/19/2018 1:15:00 PM,26301.45,26308.75,26298.45,26301.45,0
11/19/2018 1:14:00 PM,26297.7,26305.35,26296.05,26301.4,0
11/19/2018 1:13:00 PM,26292.2,26296.55,26288.35,26293.1,0
11/19/2018 1:12:00 PM,26297.2,26303.15,26292.55,26297.7,0
11/19/2018 1:11:00 PM,26299.55,26302.5,26293.05,26294.65,0
11/19/2018 1:10:00 PM,26295.7,26301.6,26294.15,26300.25,0
11/19/2018 1:09:00 PM,26293.75,26301.4,26289.8,26294.75,0
11/19/2018 1:08:00 PM,26298.35,26301.95,26291.1,26293.15,0
11/19/2018 1:07:00 PM,26296.5,26302.7,26293.15,26301.85,0
11/19/2018 1:06:00 PM,26308.05,26308.15,26290.85,26296.65,0
11/19/2018 1:05:00 PM,26302.1,26311.35,26300.2,26307.9,0
11/19/2018 1:04:00 PM,26303,26304.95,26298,26301.8,0
11/19/2018 1:03:00 PM,26294.05,26300.75,26288.4,26300.25,0
11/19/2018 1:02:00 PM,26298.2,26300.75,26290.45,26293.4,0
11/19/2018 1:01:00 PM,26303.35,26304.85,26293.45,26295.95,0
11/19/2018 1:00:00 PM,26305.2,26305.2,26296.9,26303.2,0
11/19/2018 12:59:00 PM,26301.05,26304.25,26298.55,26302.8,0
11/19/2018 12:58:00 PM,26299.6,26301.15,26294.65,26300.15,0
11/19/2018 12:57:00 PM,26303.4,26306.95,26297.8,26298.4,0
11/19/2018 12:56:00 PM,26299.85,26306.6,26295.6,26304,0
11/19/2018 12:55:00 PM,26300.25,26304.9,26290.9,26298.75,0
11/19/2018 12:54:00 PM,26301.95,26307.85,26297.1,26301.05,0
11/19/2018 12:53:00 PM,26293.6,26303.35,26288.65,26302.15,0
11/19/2018 12:52:00 PM,26292.65,26295.85,26287.4,26294.6,0
11/19/2018 12:51:00 PM,26291.5,26293.45,26283.8,26291.3,0
11/19/2018 12:50:00 PM,26285.75,26295.35,26283.1,26289.4,0
11/19/2018 12:49:00 PM,26278.05,26288,26278.05,26284.6,0
11/19/2018 12:48:00 PM,26274.95,26285.05,26273.85,26279.8,0
11/19/2018 12:47:00 PM,26274.1,26276.15,26271.5,26274.95,0
11/19/2018 12:46:00 PM,26279.75,26283.1,26273.5,26274.2,0
11/19/2018 12:45:00 PM,26277.1,26278.7,26273.05,26277.85,0
11/19/2018 12:44:00 PM,26288.15,26290.7,26277.35,26277.75,0
11/19/2018 12:43:00 PM,26282.3,26290.3,26282.3,26286.45,0
11/19/2018 12:42:00 PM,26278.6,26286,26278.05,26282.65,0
11/19/2018 12:41:00 PM,26289.65,26290.4,26277.2,26282.55,0
11/19/2018 12:40:00 PM,26293.8,26295.65,26285.6,26290.45,0
11/19/2018 12:39:00 PM,26300.75,26300.8,26293.05,26294.2,0
11/19/2018 12:38:00 PM,26301.85,26307.9,26297,26300.9,0
11/19/2018 12:37:00 PM,26313.05,26313.45,26300.85,26300.85,0
11/19/2018 12:36:00 PM,26311.95,26313.9,26305,26311.85,0
11/19/2018 12:35:00 PM,26312,26316.55,26306.2,26311,0
11/19/2018 12:34:00 PM,26307.8,26314.6,26306.7,26309.35,0
11/19/2018 12:33:00 PM,26308.3,26310,26302.5,26304.8,0
11/19/2018 12:32:00 PM,26310.05,26314.2,26304.9,26309.25,0
11/19/2018 12:31:00 PM,26313,26316.15,26302.95,26309.9,0
11/19/2018 12:30:00 PM,26314.95,26320.6,26312.6,26314.65,0
11/19/2018 12:29:00 PM,26316.3,26316.6,26305.5,26313.6,0
11/19/2018 12:28:00 PM,26304.75,26317.25,26304.5,26312.3,0
11/19/2018 12:27:00 PM,26284.2,26305.15,26284.2,26304.75,0
11/19/2018 12:26:00 PM,26302,26302,26284.95,26291.7,0
11/19/2018 12:25:00 PM,26297.15,26304.15,26296.05,26300.7,0
11/19/2018 12:24:00 PM,26297.2,26300.7,26294.05,26297.6,0
11/19/2018 12:23:00 PM,26290.25,26297.35,26290.25,26297.05,0
11/19/2018 12:22:00 PM,26290.45,26292.95,26284.3,26290.65,0
11/19/2018 12:21:00 PM,26276.25,26290.2,26273.5,26287.4,0
11/19/2018 12:20:00 PM,26280.85,26284.35,26270,26276.15,0
11/19/2018 12:19:00 PM,26285.15,26291.7,26274.95,26280.25,0
11/19/2018 12:18:00 PM,26287.8,26297.8,26284.3,26288.2,0
11/19/2018 12:17:00 PM,26282,26292.05,26282,26286.2,0
11/19/2018 12:16:00 PM,26278.75,26291.1,26276.9,26282.35,0
11/19/2018 12:15:00 PM,26268.55,26281.85,26268.55,26276.6,0
11/19/2018 12:14:00 PM,26255.7,26271.95,26254.35,26268.25,0
11/19/2018 12:13:00 PM,26257.3,26258.6,26253.45,26257.9,0
11/19/2018 12:12:00 PM,26257.55,26261.5,26253.25,26259.55,0
11/19/2018 12:11:00 PM,26249.45,26258.75,26248.4,26258.15,0
11/19/2018 12:10:00 PM,26265.05,26265.05,26249.1,26251.15,0
11/19/2018 12:09:00 PM,26266.75,26269.9,26258.75,26263.25,0
11/19/2018 12:08:00 PM,26261.2,26267.7,26259.75,26267.45,0
11/19/2018 12:07:00 PM,26257.5,26262.8,26255.35,26261.5,0
11/19/2018 12:06:00 PM,26257.5,26258.65,26253.15,26256.6,0
11/19/2018 12:05:00 PM,26262.05,26265.55,26256.55,26256.85,0
11/19/2018 12:04:00 PM,26273.35,26275.85,26261.5,26261.85,0
11/19/2018 12:03:00 PM,26273.45,26276.75,26269.35,26273.85,0
11/19/2018 12:02:00 PM,26269.4,26274.8,26265.2,26271.8,0
11/19/2018 12:01:00 PM,26262.65,26270.9,26260.7,26268.9,0
11/19/2018 12:00:00 PM,26269.45,26272.55,26261.15,26263.8,0
11/19/2018 11:59:00 AM,26271.65,26271.85,26259.9,26269.55,0
11/19/2018 11:58:00 AM,26260.85,26270.7,26253.35,26270.7,0
11/19/2018 11:57:00 AM,26256.45,26266.15,26256.45,26259.4,0
11/19/2018 11:56:00 AM,26257.35,26260.65,26251.25,26256.65,0
11/19/2018 11:55:00 AM,26250.35,26260.8,26250.3,26259.35,0
11/19/2018 11:54:00 AM,26250.6,26260.5,26248.65,26250.35,0
11/19/2018 11:53:00 AM,26254.2,26262.3,26248.15,26251.25,0
11/19/2018 11:52:00 AM,26252.05,26256.7,26250.4,26252.8,0
11/19/2018 11:51:00 AM,26253.15,26257,26246.1,26252.05,0
11/19/2018 11:50:00 AM,26257.85,26259.05,26250.5,26254.65,0
11/19/2018 11:49:00 AM,26257.25,26263.95,26252.9,26257.3,0
11/19/2018 11:48:00 AM,26256.4,26260.35,26250.2,26256.3,0
11/19/2018 11:47:00 AM,26252.1,26259.2,26250.25,26256,0
11/19/2018 11:46:00 AM,26256.1,26261.3,26251.6,26251.7,0
11/19/2018 11:45:00 AM,26247.8,26259,26247,26256.9,0
11/19/2018 11:44:00 AM,26249.45,26253.6,26246.3,26247.4,0
11/19/2018 11:43:00 AM,26250.6,26251.85,26243.7,26248.4,0
11/19/2018 11:42:00 AM,26246.1,26256.35,26246.1,26250.55,0
11/19/2018 11:41:00 AM,26246,26248.55,26243.65,26245.9,0
11/19/2018 11:40:00 AM,26245.3,26248.45,26240.7,26246.55,0
11/19/2018 11:39:00 AM,26246.05,26254.85,26243.7,26246.65,0
11/19/2018 11:38:00 AM,26246.1,26250.3,26240.2,26246.35,0
11/19/2018 11:37:00 AM,26242.6,26246.05,26238.55,26245.1,0
11/19/2018 11:36:00 AM,26235.85,26242.8,26235.85,26242.8,0
11/19/2018 11:35:00 AM,26236.35,26239.5,26231.5,26235.7,0
11/19/2018 11:34:00 AM,26241.35,26243.3,26237.65,26239.3,0
11/19/2018 11:33:00 AM,26251.35,26254.25,26232.65,26237.25,0
11/19/2018 11:32:00 AM,26257.15,26257.3,26249.8,26251.25,0
11/19/2018 11:31:00 AM,26247.55,26259.4,26247,26257.1,0
11/19/2018 11:30:00 AM,26252.55,26255.55,26242.45,26247.1,0
11/19/2018 11:29:00 AM,26253.35,26263.25,26249.7,26251.9,0
11/19/2018 11:28:00 AM,26251.2,26255.35,26244.7,26253.8,0
11/19/2018 11:27:00 AM,26242.15,26254.35,26242.1,26250.9,0
11/19/2018 11:26:00 AM,26243,26250.2,26233.45,26240.7,0
11/19/2018 11:25:00 AM,26253.4,26255.1,26237.3,26242.5,0
11/19/2018 11:24:00 AM,26251.6,26255.25,26247.7,26254.05,0
11/19/2018 11:23:00 AM,26255.1,26258.35,26250.3,26251.45,0
11/19/2018 11:22:00 AM,26263.75,26264.25,26254,26255.4,0
11/19/2018 11:21:00 AM,26266.3,26267.55,26260.15,26264.1,0
11/19/2018 11:20:00 AM,26268.7,26273.6,26264.45,26267,0
11/19/2018 11:19:00 AM,26272.15,26276.5,26267.8,26269.45,0
11/19/2018 11:18:00 AM,26276.45,26279.2,26268.8,26271.95,0
11/19/2018 11:17:00 AM,26274,26281.6,26271.2,26277.45,0
11/19/2018 11:16:00 AM,26272.55,26281.25,26270.25,26273.15,0
11/19/2018 11:15:00 AM,26269.9,26279.45,26268.45,26272.25,0
11/19/2018 11:14:00 AM,26262.3,26270.75,26259.7,26270.75,0
11/19/2018 11:13:00 AM,26271.9,26274.65,26260,26263.5,0
11/19/2018 11:12:00 AM,26282.15,26282.7,26264.05,26270.8,0
11/19/2018 11:11:00 AM,26274.05,26284.95,26272.05,26281.65,0
11/19/2018 11:10:00 AM,26286.1,26286.85,26279,26279,0
11/19/2018 11:09:00 AM,26284.2,26287.3,26282.05,26284.3,0
11/19/2018 11:08:00 AM,26290.4,26294.1,26283.9,26283.9,0
11/19/2018 11:07:00 AM,26286.45,26294.1,26280.8,26289.15,0
11/19/2018 11:06:00 AM,26298.1,26304.9,26286.35,26286.6,0
11/19/2018 11:05:00 AM,26291.85,26297.2,26289.2,26296.95,0
11/19/2018 11:04:00 AM,26283.65,26295,26283.3,26291.8,0
11/19/2018 11:03:00 AM,26283.7,26288.95,26281.95,26285.45,0
11/19/2018 11:02:00 AM,26277.15,26287.3,26277.15,26284.1,0
11/19/2018 11:01:00 AM,26278.45,26282.7,26273.7,26276.35,0
11/19/2018 11:00:00 AM,26275.85,26293.05,26274.45,26281,0
11/19/2018 10:59:00 AM,26263.65,26279.65,26260.8,26273.65,0
11/19/2018 10:58:00 AM,26265.25,26266.8,26257.9,26263.35,0
11/19/2018 10:57:00 AM,26263.7,26266.45,26259.5,26266.45,0
11/19/2018 10:56:00 AM,26267.15,26268.7,26258.35,26262,0
11/19/2018 10:55:00 AM,26270.15,26272.55,26263.7,26266.75,0
11/19/2018 10:54:00 AM,26271.9,26277.15,26265.7,26268.55,0
11/19/2018 10:53:00 AM,26282.8,26283.05,26263.45,26272.45,0
11/19/2018 10:52:00 AM,26277.35,26286.5,26267.1,26282.5,0
11/19/2018 10:51:00 AM,26270.7,26279.85,26265.65,26278.05,0
11/19/2018 10:50:00 AM,26263.85,26273.5,26259.1,26273.5,0
11/19/2018 10:49:00 AM,26267.45,26270.7,26257,26264.8,0
11/19/2018 10:48:00 AM,26259.05,26270.85,26256.9,26268.95,0
11/19/2018 10:47:00 AM,26267.2,26271.25,26254.15,26258.65,0
11/19/2018 10:46:00 AM,26246.95,26270.45,26246.95,26270.45,0
11/19/2018 10:45:00 AM,26261.85,26265.25,26247.7,26257.3,0
11/19/2018 10:44:00 AM,26258.95,26264.8,26249.5,26260.65,0
11/19/2018 10:43:00 AM,26257.65,26260.65,26247.15,26260.6,0
11/19/2018 10:42:00 AM,26252.4,26261.95,26245.05,26258.4,0
11/19/2018 10:41:00 AM,26239.95,26261.55,26239.95,26250.6,0
11/19/2018 10:40:00 AM,26243.4,26253,26235.45,26239.9,0
11/19/2018 10:39:00 AM,26258.6,26258.6,26242.9,26244.4,0
11/19/2018 10:38:00 AM,26257.3,26264.85,26248.75,26255.65,0
11/19/2018 10:37:00 AM,26242.75,26263.55,26242.75,26258.8,0
11/19/2018 10:36:00 AM,26243.05,26245.75,26231.95,26242.8,0
11/19/2018 10:35:00 AM,26237.55,26250.55,26232.8,26242,0
11/19/2018 10:34:00 AM,26234.45,26241.5,26231.5,26237.4,0
11/19/2018 10:33:00 AM,26240.45,26240.45,26216.95,26235.8,0
11/19/2018 10:32:00 AM,26242.35,26245.15,26236.6,26240.95,0
11/19/2018 10:31:00 AM,26230.5,26244.85,26229.75,26242.1,0
11/19/2018 10:30:00 AM,26242.2,26243.5,26224.15,26229.25,0
11/19/2018 10:29:00 AM,26245.3,26251.3,26243.05,26244.7,0
11/19/2018 10:28:00 AM,26247,26247,26238.45,26244.85,0
11/19/2018 10:27:00 AM,26238.9,26249.95,26236.6,26248.05,0
11/19/2018 10:26:00 AM,26236.8,26242.85,26236.4,26237.9,0
11/19/2018 10:25:00 AM,26237.25,26243.7,26236.9,26238.95,0
11/19/2018 10:24:00 AM,26244.5,26246.65,26234.1,26238.7,0
11/19/2018 10:23:00 AM,26249.6,26253.65,26241.75,26243.25,0
11/19/2018 10:22:00 AM,26241.5,26251.45,26241.25,26246.85,0
11/19/2018 10:21:00 AM,26261.2,26261.6,26239.85,26244.2,0
11/19/2018 10:20:00 AM,26255.25,26263.3,26253.75,26262.95,0
11/19/2018 10:19:00 AM,26260.75,26269.75,26250.7,26256.15,0
11/19/2018 10:18:00 AM,26269.3,26269.95,26260.8,26264.9,0
11/19/2018 10:17:00 AM,26256.45,26271,26255.1,26268.55,0
11/19/2018 10:16:00 AM,26265.65,26266.8,26254.9,26257.5,0
11/19/2018 10:15:00 AM,26260.35,26272.6,26259.2,26264.75,0
11/19/2018 10:14:00 AM,26267.35,26273.2,26264.6,26268.35,0
11/19/2018 10:13:00 AM,26270.25,26275.95,26260.6,26268.2,0
11/19/2018 10:12:00 AM,26266.6,26269.4,26252.15,26265.7,0
11/19/2018 10:11:00 AM,26256.8,26270.3,26255.05,26269.05,0
11/19/2018 10:10:00 AM,26249.7,26260.25,26238.2,26259.55,0
11/19/2018 10:09:00 AM,26249.4,26258.85,26249.4,26250.1,0
11/19/2018 10:08:00 AM,26252.65,26256.15,26247,26249.05,0
11/19/2018 10:07:00 AM,26270,26274.2,26251.55,26251.55,0
11/19/2018 10:06:00 AM,26275.45,26278.05,26255.7,26271.1,0
11/19/2018 10:05:00 AM,26276.65,26280.8,26250.5,26275.4,0
11/19/2018 10:04:00 AM,26267.45,26277.9,26264,26276.95,0
11/19/2018 10:03:00 AM,26276.85,26280.7,26265.45,26266.7,0
11/19/2018 10:02:00 AM,26276.9,26283.85,26267.6,26272.65,0
11/19/2018 10:01:00 AM,26289.1,26292.35,26273.55,26276.65,0
11/19/2018 10:00:00 AM,26273,26289.35,26270.85,26286.45,0
11/19/2018 9:59:00 AM,26266.9,26280.95,26266.6,26269.55,0
11/19/2018 9:58:00 AM,26258.3,26269.9,26255.8,26266.55,0
11/19/2018 9:57:00 AM,26253.45,26262.65,26245.4,26257.25,0
11/19/2018 9:56:00 AM,26258.65,26266.85,26243.65,26252,0
11/19/2018 9:55:00 AM,26246.3,26264.6,26246.3,26254.4,0
11/19/2018 9:54:00 AM,26255.45,26257.25,26236.4,26246.85,0
11/19/2018 9:53:00 AM,26255.75,26261.15,26244.55,26256.75,0
11/19/2018 9:52:00 AM,26245.75,26256.45,26240.05,26254.9,0
11/19/2018 9:51:00 AM,26237.5,26244.5,26233.45,26243.9,0
11/19/2018 9:50:00 AM,26236.4,26250.65,26233.95,26237.4,0
11/19/2018 9:49:00 AM,26228.05,26239.95,26218.1,26235.9,0
11/19/2018 9:48:00 AM,26225,26234.6,26218.9,26229.15,0
11/19/2018 9:47:00 AM,26256.2,26257.05,26228.4,26228.4,0
11/19/2018 9:46:00 AM,26256.15,26259.35,26248,26255.2,0
11/19/2018 9:45:00 AM,26250.85,26261.35,26246.2,26258.95,0
11/19/2018 9:44:00 AM,26236.4,26252,26236.4,26250.9,0
11/19/2018 9:43:00 AM,26229.7,26237.95,26221.1,26236.3,0
11/19/2018 9:42:00 AM,26224.7,26237.75,26217.65,26229.9,0
11/19/2018 9:41:00 AM,26212.1,26229.25,26211.95,26225.3,0
11/19/2018 9:40:00 AM,26230.4,26236.25,26208.25,26210,0
11/19/2018 9:39:00 AM,26248.45,26253.65,26226.95,26231.4,0
11/19/2018 9:38:00 AM,26248,26258.1,26243.6,26248.9,0
11/19/2018 9:37:00 AM,26257.4,26262.75,26245.3,26245.3,0
11/19/2018 9:36:00 AM,26262.05,26269.05,26257.05,26261.55,0
11/19/2018 9:35:00 AM,26284.45,26284.55,26256.9,26261.6,0
11/19/2018 9:34:00 AM,26295.3,26295.3,26275.6,26279.8,0
11/19/2018 9:33:00 AM,26313.25,26313.25,26292.7,26294.95,0
11/19/2018 9:32:00 AM,26315.35,26323.95,26300.6,26313.55,0
11/19/2018 9:31:00 AM,26312.4,26325.4,26309.45,26314.65,0
11/19/2018 9:30:00 AM,26312.1,26319.7,26303.1,26314.05,0
11/19/2018 9:29:00 AM,26308.6,26312.45,26294.15,26311.4,0
11/19/2018 9:28:00 AM,26315.4,26320.7,26307.15,26307.15,0
11/19/2018 9:27:00 AM,26314.9,26326.25,26309.15,26316.7,0
11/19/2018 9:26:00 AM,26311.1,26325.4,26304.75,26311.5,0
11/19/2018 9:25:00 AM,26306.5,26312.25,26298.05,26310.9,0
11/19/2018 9:24:00 AM,26280.2,26309,26273.65,26306.75,0
11/19/2018 9:23:00 AM,26298.55,26303.65,26275.75,26277.95,0
11/19/2018 9:22:00 AM,26322.5,26322.5,26295.25,26295.25,0
11/19/2018 9:21:00 AM,26313.9,26322.5,26302.85,26320.25,0
11/19/2018 9:20:00 AM,26278.05,26310.4,26278.05,26310.4,0
11/19/2018 9:19:00 AM,26288.9,26293.65,26274.55,26284.75,0
11/19/2018 9:18:00 AM,26298,26308.45,26280.2,26289.7,0
11/19/2018 9:17:00 AM,26288.15,26297.6,26272.75,26297.6,0
11/19/2018 9:16:00 AM,26307.2,26307.2,26269,26285.95,0
11/19/2018 9:15:00 AM,26364.6,26372.3,26295.5,26303.25,0
