Date,Nifty 50 O,Nifty 50 H,Nifty 50 L,Nifty 50 C,Nifty 50 V
11/22/2018 3:29:00 PM,10522.65,10523.1,10519.8,10522.3,0
11/22/2018 3:28:00 PM,10527.7,10528,10522.05,10522.6,0
11/22/2018 3:27:00 PM,10528.45,10530.05,10527.35,10527.5,0
11/22/2018 3:26:00 PM,10529,10530.2,10527.15,10528.4,0
11/22/2018 3:25:00 PM,10527.1,10529.65,10525.9,10529.05,0
11/22/2018 3:24:00 PM,10525.45,10528.55,10524.95,10527.2,0
11/22/2018 3:23:00 PM,10531.15,10533.2,10524.3,10524.35,0
11/22/2018 3:22:00 PM,10529.7,10534.55,10528.8,10532.3,0
11/22/2018 3:21:00 PM,10528.05,10531.45,10527.25,10530.1,0
11/22/2018 3:20:00 PM,10526.5,10528,10525,10527.5,0
11/22/2018 3:19:00 PM,10523.3,10527.65,10523.15,10526.75,0
11/22/2018 3:18:00 PM,10520.7,10523.45,10520.4,10523.45,0
11/22/2018 3:17:00 PM,10515.05,10519.5,10513.15,10519.3,0
11/22/2018 3:16:00 PM,10518.05,10520.1,10514.35,10515.55,0
11/22/2018 3:15:00 PM,10524.5,10527.35,10519.25,10519.75,0
11/22/2018 3:14:00 PM,10521.1,10525.4,10520.15,10524.3,0
11/22/2018 3:13:00 PM,10518.9,10521.4,10517.85,10521.15,0
11/22/2018 3:12:00 PM,10523.7,10523.7,10518.45,10518.45,0
11/22/2018 3:11:00 PM,10525.15,10525.25,10521.85,10521.85,0
11/22/2018 3:10:00 PM,10527.75,10529.4,10524.85,10524.85,0
11/22/2018 3:09:00 PM,10529.8,10530.2,10527.35,10527.6,0
11/22/2018 3:08:00 PM,10535.4,10535.5,10529.3,10529.85,0
11/22/2018 3:07:00 PM,10534.6,10536.55,10534.3,10535.2,0
11/22/2018 3:06:00 PM,10538.3,10539.45,10534.7,10535.3,0
11/22/2018 3:05:00 PM,10543.6,10544.6,10537.9,10537.9,0
11/22/2018 3:04:00 PM,10545.55,10547.65,10543.35,10543.35,0
11/22/2018 3:03:00 PM,10546.15,10547.9,10544.7,10545.85,0
11/22/2018 3:02:00 PM,10545.7,10547.85,10543.6,10545.95,0
11/22/2018 3:01:00 PM,10540.55,10546.15,10540.45,10545.45,0
11/22/2018 3:00:00 PM,10535.55,10540.55,10535.35,10540.55,0
11/22/2018 2:59:00 PM,10537.6,10537.8,10535.05,10535.9,0
11/22/2018 2:58:00 PM,10537.05,10537.85,10534.7,10537.6,0
11/22/2018 2:57:00 PM,10539.7,10540.6,10536.75,10536.9,0
11/22/2018 2:56:00 PM,10534.8,10539.7,10534.8,10539,0
11/22/2018 2:55:00 PM,10532.4,10534.7,10531.25,10534.7,0
11/22/2018 2:54:00 PM,10532.95,10533.2,10531.4,10532.9,0
11/22/2018 2:53:00 PM,10532.45,10534.6,10532.45,10533.3,0
11/22/2018 2:52:00 PM,10532.3,10533.4,10530.8,10532.45,0
11/22/2018 2:51:00 PM,10537.9,10538.35,10532.3,10532.7,0
11/22/2018 2:50:00 PM,10546.85,10546.85,10537.5,10537.5,0
11/22/2018 2:49:00 PM,10552.5,10552.9,10546.75,10546.8,0
11/22/2018 2:48:00 PM,10552.9,10553.95,10550.9,10551.95,0
11/22/2018 2:47:00 PM,10555.7,10555.7,10552.2,10553.3,0
11/22/2018 2:46:00 PM,10557.7,10559.75,10555.1,10555.1,0
11/22/2018 2:45:00 PM,10554.95,10558.7,10554.8,10557.85,0
11/22/2018 2:44:00 PM,10549.5,10554.95,10549.2,10554.95,0
11/22/2018 2:43:00 PM,10549,10549.65,10547.85,10549.65,0
11/22/2018 2:42:00 PM,10549.8,10549.8,10548.1,10549.05,0
11/22/2018 2:41:00 PM,10548,10549.55,10547.4,10549.25,0
11/22/2018 2:40:00 PM,10556.05,10556.45,10547.55,10548,0
11/22/2018 2:39:00 PM,10555.85,10556.65,10555.2,10555.95,0
11/22/2018 2:38:00 PM,10553.35,10557.3,10552.65,10556.1,0
11/22/2018 2:37:00 PM,10556.6,10556.6,10553.25,10554.1,0
11/22/2018 2:36:00 PM,10560.2,10560.35,10555.9,10556.3,0
11/22/2018 2:35:00 PM,10563.1,10563.3,10559.95,10560.35,0
11/22/2018 2:34:00 PM,10561.7,10563.1,10560.85,10562.4,0
11/22/2018 2:33:00 PM,10559.5,10562.6,10559.3,10561.35,0
11/22/2018 2:32:00 PM,10559.7,10560,10558.05,10559.35,0
11/22/2018 2:31:00 PM,10564.25,10564.35,10559.8,10559.8,0
11/22/2018 2:30:00 PM,10569.6,10569.95,10563.9,10563.95,0
11/22/2018 2:29:00 PM,10569.75,10570.9,10569.05,10569.45,0
11/22/2018 2:28:00 PM,10572.6,10573.8,10568.5,10569.7,0
11/22/2018 2:27:00 PM,10571.1,10572.95,10570.6,10572.9,0
11/22/2018 2:26:00 PM,10569.65,10571.05,10569.2,10570.7,0
11/22/2018 2:25:00 PM,10572.15,10572.15,10568.4,10569.9,0
11/22/2018 2:24:00 PM,10576.1,10576.1,10572.2,10572.2,0
11/22/2018 2:23:00 PM,10577.4,10577.4,10573.65,10575.7,0
11/22/2018 2:22:00 PM,10577.75,10579.95,10577.75,10578,0
11/22/2018 2:21:00 PM,10582.7,10583.75,10575.4,10577.65,0
11/22/2018 2:20:00 PM,10581.8,10584,10581.8,10582.9,0
11/22/2018 2:19:00 PM,10576.45,10581.7,10576.45,10581.7,0
11/22/2018 2:18:00 PM,10573.35,10576.2,10572.45,10576,0
11/22/2018 2:17:00 PM,10569.4,10573.35,10569.4,10573.35,0
11/22/2018 2:16:00 PM,10567.25,10569.45,10567,10569,0
11/22/2018 2:15:00 PM,10569.85,10570.65,10566.6,10567.15,0
11/22/2018 2:14:00 PM,10573.2,10573.35,10570.95,10570.95,0
11/22/2018 2:13:00 PM,10574.65,10574.85,10572.75,10572.85,0
11/22/2018 2:12:00 PM,10572.7,10574.55,10572.7,10574.55,0
11/22/2018 2:11:00 PM,10573.25,10573.5,10571.5,10572.85,0
11/22/2018 2:10:00 PM,10579,10579.75,10572.75,10573.05,0
11/22/2018 2:09:00 PM,10581.75,10582.55,10578.15,10578.55,0
11/22/2018 2:08:00 PM,10578.3,10582.05,10578.3,10581.05,0
11/22/2018 2:07:00 PM,10577.35,10578.1,10576.75,10578.1,0
11/22/2018 2:06:00 PM,10575.3,10577.5,10575.3,10577.05,0
11/22/2018 2:05:00 PM,10574.7,10575.6,10573.6,10575.6,0
11/22/2018 2:04:00 PM,10573,10574.8,10572.3,10574.25,0
11/22/2018 2:03:00 PM,10573.3,10574.1,10572.95,10573.2,0
11/22/2018 2:02:00 PM,10568.85,10573.45,10568.85,10573.25,0
11/22/2018 2:01:00 PM,10569.2,10570.2,10568.45,10568.8,0
11/22/2018 2:00:00 PM,10568.15,10569.2,10567.5,10569.2,0
11/22/2018 1:59:00 PM,10571.8,10572.15,10568.2,10568.65,0
11/22/2018 1:58:00 PM,10573.7,10573.7,10571.65,10571.8,0
11/22/2018 1:57:00 PM,10576.45,10576.45,10573.5,10573.9,0
11/22/2018 1:56:00 PM,10575.3,10577.7,10575.3,10576.4,0
11/22/2018 1:55:00 PM,10574.05,10575.95,10573.1,10575.4,0
11/22/2018 1:54:00 PM,10575.05,10575.3,10573.2,10573.75,0
11/22/2018 1:53:00 PM,10576.15,10576.15,10573.8,10574.85,0
11/22/2018 1:52:00 PM,10573.3,10576.15,10573.3,10575.5,0
11/22/2018 1:51:00 PM,10568.4,10573.25,10568.4,10573.25,0
11/22/2018 1:50:00 PM,10569.35,10569.75,10567,10568.5,0
11/22/2018 1:49:00 PM,10568.5,10569.9,10567.45,10569.35,0
11/22/2018 1:48:00 PM,10566.2,10569.2,10565.6,10568.6,0
11/22/2018 1:47:00 PM,10563.2,10565.9,10562.45,10565.9,0
11/22/2018 1:46:00 PM,10558.8,10563.4,10558.25,10563,0
11/22/2018 1:45:00 PM,10553.65,10558.2,10553.65,10558.2,0
11/22/2018 1:44:00 PM,10553.9,10554.4,10552.75,10554.4,0
11/22/2018 1:43:00 PM,10559.85,10559.85,10553.8,10554.75,0
11/22/2018 1:42:00 PM,10561.65,10561.95,10558.75,10559.9,0
11/22/2018 1:41:00 PM,10567.15,10567.2,10558.75,10562,0
11/22/2018 1:40:00 PM,10572.05,10572.5,10567.15,10567.4,0
11/22/2018 1:39:00 PM,10573.95,10575.2,10571.9,10572,0
11/22/2018 1:38:00 PM,10574.3,10574.5,10572.15,10573.65,0
11/22/2018 1:37:00 PM,10573.9,10574.95,10573.1,10574.1,0
11/22/2018 1:36:00 PM,10572.9,10574,10571.8,10573.55,0
11/22/2018 1:35:00 PM,10575.05,10575.8,10571.85,10572.8,0
11/22/2018 1:34:00 PM,10573.15,10576.65,10572.85,10575.1,0
11/22/2018 1:33:00 PM,10568,10573.5,10567.4,10573.5,0
11/22/2018 1:32:00 PM,10566.85,10568.65,10566.65,10567.65,0
11/22/2018 1:31:00 PM,10567.5,10567.85,10565.4,10567.1,0
11/22/2018 1:30:00 PM,10568.8,10568.85,10565.65,10567.45,0
11/22/2018 1:29:00 PM,10569.6,10569.85,10567.85,10568.95,0
11/22/2018 1:28:00 PM,10573.55,10574.75,10570,10570.05,0
11/22/2018 1:27:00 PM,10573.7,10574.55,10572.3,10573.3,0
11/22/2018 1:26:00 PM,10570.8,10573.6,10570,10573.45,0
11/22/2018 1:25:00 PM,10576.75,10576.75,10570.7,10571,0
11/22/2018 1:24:00 PM,10578.65,10579.35,10576.7,10577,0
11/22/2018 1:23:00 PM,10576.4,10578.3,10575.15,10578.3,0
11/22/2018 1:22:00 PM,10574.35,10576.75,10574.35,10576.1,0
11/22/2018 1:21:00 PM,10578.75,10578.75,10572.95,10575.2,0
11/22/2018 1:20:00 PM,10576.05,10579.15,10575.9,10578.45,0
11/22/2018 1:19:00 PM,10576.65,10576.65,10573.25,10576.2,0
11/22/2018 1:18:00 PM,10587.55,10587.55,10576.4,10577,0
11/22/2018 1:17:00 PM,10591,10591.4,10586.85,10587.5,0
11/22/2018 1:16:00 PM,10590.55,10591.7,10589,10591.1,0
11/22/2018 1:15:00 PM,10592,10593.05,10588.65,10591,0
11/22/2018 1:14:00 PM,10592.9,10592.9,10590.45,10591.85,0
11/22/2018 1:13:00 PM,10593.65,10594.6,10592.35,10592.85,0
11/22/2018 1:12:00 PM,10590.4,10593.75,10590.3,10593.75,0
11/22/2018 1:11:00 PM,10591.7,10591.8,10590,10591,0
11/22/2018 1:10:00 PM,10587.5,10591.95,10586.1,10591.5,0
11/22/2018 1:09:00 PM,10586.25,10586.95,10584.1,10586.85,0
11/22/2018 1:08:00 PM,10583.65,10586.25,10583.6,10586.05,0
11/22/2018 1:07:00 PM,10587.8,10589.5,10582.9,10583,0
11/22/2018 1:06:00 PM,10587.35,10588.2,10585.2,10588,0
11/22/2018 1:05:00 PM,10593.85,10593.85,10586.9,10587.35,0
11/22/2018 1:04:00 PM,10597.35,10597.5,10594.95,10594.95,0
11/22/2018 1:03:00 PM,10599,10599.95,10597.95,10598.2,0
11/22/2018 1:02:00 PM,10598.05,10599.8,10598.05,10599.25,0
11/22/2018 1:01:00 PM,10596.8,10599.85,10596.2,10597.75,0
11/22/2018 1:00:00 PM,10609.4,10609.8,10595.2,10596.95,0
11/22/2018 12:59:00 PM,10608.4,10610,10605.35,10610,0
11/22/2018 12:58:00 PM,10609.95,10611.05,10607.65,10608.1,0
11/22/2018 12:57:00 PM,10610.6,10610.75,10609.75,10609.9,0
11/22/2018 12:56:00 PM,10612.1,10612.1,10609.8,10610.8,0
11/22/2018 12:55:00 PM,10612.35,10612.55,10610.9,10612.05,0
11/22/2018 12:54:00 PM,10612.7,10613.9,10612.25,10612.35,0
11/22/2018 12:53:00 PM,10614.9,10615.6,10612,10612.8,0
11/22/2018 12:52:00 PM,10613.1,10615.95,10612.75,10615.15,0
11/22/2018 12:51:00 PM,10611.1,10613.15,10611.1,10612.95,0
11/22/2018 12:50:00 PM,10611,10612.2,10610.15,10611.15,0
11/22/2018 12:49:00 PM,10614.85,10615.3,10610.2,10610.65,0
11/22/2018 12:48:00 PM,10618.7,10618.7,10614.9,10614.9,0
11/22/2018 12:47:00 PM,10619.2,10620.05,10618.55,10618.65,0
11/22/2018 12:46:00 PM,10617.95,10619.5,10617.7,10619.1,0
11/22/2018 12:45:00 PM,10618.85,10619.6,10617.6,10617.85,0
11/22/2018 12:44:00 PM,10620.9,10621.15,10618.85,10618.85,0
11/22/2018 12:43:00 PM,10622.45,10622.9,10620.9,10621.55,0
11/22/2018 12:42:00 PM,10624,10624.2,10622.15,10622.45,0
11/22/2018 12:41:00 PM,10624.75,10625.2,10623.55,10624.15,0
11/22/2018 12:40:00 PM,10626.45,10626.7,10624.55,10624.95,0
11/22/2018 12:39:00 PM,10626.6,10627.85,10625.75,10626.45,0
11/22/2018 12:38:00 PM,10626.4,10626.75,10625.2,10626.75,0
11/22/2018 12:37:00 PM,10629.25,10629.4,10626.45,10626.45,0
11/22/2018 12:36:00 PM,10630.95,10631.9,10629.2,10629.2,0
11/22/2018 12:35:00 PM,10628.3,10631.45,10628.3,10631.1,0
11/22/2018 12:34:00 PM,10624.8,10628.7,10624.45,10628.7,0
11/22/2018 12:33:00 PM,10620.55,10625.05,10620.55,10624.45,0
11/22/2018 12:32:00 PM,10620.5,10621.3,10619.7,10620.65,0
11/22/2018 12:31:00 PM,10621,10621,10619.05,10620.15,0
11/22/2018 12:30:00 PM,10620.75,10621.8,10620.2,10621.2,0
11/22/2018 12:29:00 PM,10621.25,10622.55,10620.4,10621,0
11/22/2018 12:28:00 PM,10622.1,10622.6,10621.25,10621.6,0
11/22/2018 12:27:00 PM,10624.45,10624.45,10621.85,10622.1,0
11/22/2018 12:26:00 PM,10623.25,10624.55,10623.05,10624.45,0
11/22/2018 12:25:00 PM,10622.2,10623.55,10621.45,10622.95,0
11/22/2018 12:24:00 PM,10620.65,10622.25,10620.55,10622.25,0
11/22/2018 12:23:00 PM,10622,10622.15,10620.45,10620.55,0
11/22/2018 12:22:00 PM,10622.85,10622.85,10620.7,10621.85,0
11/22/2018 12:21:00 PM,10619.85,10623,10619.85,10622.75,0
11/22/2018 12:20:00 PM,10616.9,10619.75,10616.9,10619.6,0
11/22/2018 12:19:00 PM,10614.65,10617.6,10614.3,10617.1,0
11/22/2018 12:18:00 PM,10613.3,10615.05,10613,10614.45,0
11/22/2018 12:17:00 PM,10613.45,10614.2,10612.95,10613.3,0
11/22/2018 12:16:00 PM,10613,10613.5,10612.6,10613.3,0
11/22/2018 12:15:00 PM,10614.45,10615,10612.7,10613.1,0
11/22/2018 12:14:00 PM,10614.05,10614.6,10612.95,10614.6,0
11/22/2018 12:13:00 PM,10613.75,10614.1,10613.05,10614.1,0
11/22/2018 12:12:00 PM,10615.7,10616.15,10613.7,10613.8,0
11/22/2018 12:11:00 PM,10617.15,10617.3,10615.7,10615.7,0
11/22/2018 12:10:00 PM,10615.15,10617.25,10614.95,10617.15,0
11/22/2018 12:09:00 PM,10616.4,10616.4,10614.1,10615.2,0
11/22/2018 12:08:00 PM,10615.35,10616.7,10614.7,10616.35,0
11/22/2018 12:07:00 PM,10611.05,10615.1,10611.05,10615.1,0
11/22/2018 12:06:00 PM,10611.35,10611.5,10609,10610.1,0
11/22/2018 12:05:00 PM,10611.55,10611.75,10609.75,10610.9,0
11/22/2018 12:04:00 PM,10612.25,10612.4,10611.5,10611.6,0
11/22/2018 12:03:00 PM,10611.45,10611.95,10610.95,10611.95,0
11/22/2018 12:02:00 PM,10609.1,10611.6,10609,10611.25,0
11/22/2018 12:01:00 PM,10610.85,10610.85,10608.7,10609.2,0
11/22/2018 12:00:00 PM,10611.4,10611.8,10610.6,10611,0
11/22/2018 11:59:00 AM,10609.6,10611.5,10609.3,10611.5,0
11/22/2018 11:58:00 AM,10609.25,10609.9,10608.85,10609.8,0
11/22/2018 11:57:00 AM,10609.45,10609.45,10607.9,10609.25,0
11/22/2018 11:56:00 AM,10613.8,10613.95,10609.1,10609.45,0
11/22/2018 11:55:00 AM,10616.9,10616.9,10613.75,10613.75,0
11/22/2018 11:54:00 AM,10618.15,10618.15,10616.6,10616.6,0
11/22/2018 11:53:00 AM,10617.1,10618.6,10616.9,10618.2,0
11/22/2018 11:52:00 AM,10616.05,10617.55,10615.4,10617.05,0
11/22/2018 11:51:00 AM,10615.45,10616.5,10615.25,10615.85,0
11/22/2018 11:50:00 AM,10613.05,10615.55,10613.05,10615.35,0
11/22/2018 11:49:00 AM,10613.3,10613.7,10612.85,10613.05,0
11/22/2018 11:48:00 AM,10612.35,10613.95,10612.3,10613.6,0
11/22/2018 11:47:00 AM,10613.55,10613.6,10611.45,10612.45,0
11/22/2018 11:46:00 AM,10615.75,10616.45,10612.7,10613.65,0
11/22/2018 11:45:00 AM,10620.15,10620.55,10615.7,10616,0
11/22/2018 11:44:00 AM,10622.8,10622.95,10619.95,10620.6,0
11/22/2018 11:43:00 AM,10624.1,10624.3,10622.45,10622.85,0
11/22/2018 11:42:00 AM,10622.2,10624.35,10622.05,10624.3,0
11/22/2018 11:41:00 AM,10622.75,10623.3,10622.15,10622.25,0
11/22/2018 11:40:00 AM,10623.2,10624.75,10622.9,10622.9,0
11/22/2018 11:39:00 AM,10624.5,10624.5,10622.2,10623.3,0
11/22/2018 11:38:00 AM,10624.05,10624.8,10623.75,10624.4,0
11/22/2018 11:37:00 AM,10625.3,10625.55,10623.75,10623.95,0
11/22/2018 11:36:00 AM,10623.4,10625.7,10623.4,10625.35,0
11/22/2018 11:35:00 AM,10620,10624.55,10619.3,10623.65,0
11/22/2018 11:34:00 AM,10618.9,10621.1,10618.75,10620.2,0
11/22/2018 11:33:00 AM,10619.5,10620.9,10618.8,10618.8,0
11/22/2018 11:32:00 AM,10618.8,10620,10618.6,10619.85,0
11/22/2018 11:31:00 AM,10618.55,10619,10617.6,10618.95,0
11/22/2018 11:30:00 AM,10618.85,10618.85,10617.35,10618.65,0
11/22/2018 11:29:00 AM,10618.4,10619.25,10617.65,10618.8,0
11/22/2018 11:28:00 AM,10614.65,10618.45,10614.55,10618.3,0
11/22/2018 11:27:00 AM,10614.2,10615.3,10613.9,10614.4,0
11/22/2018 11:26:00 AM,10613.75,10614.3,10612.8,10613.95,0
11/22/2018 11:25:00 AM,10614.95,10615.5,10613.5,10614.05,0
11/22/2018 11:24:00 AM,10614.55,10616.7,10613.4,10614.8,0
11/22/2018 11:23:00 AM,10617.35,10617.35,10614.05,10614.25,0
11/22/2018 11:22:00 AM,10620,10620.3,10617.2,10617.65,0
11/22/2018 11:21:00 AM,10621.05,10621.25,10620.1,10620.45,0
11/22/2018 11:20:00 AM,10620.3,10621.6,10619.55,10621.1,0
11/22/2018 11:19:00 AM,10622.95,10623.05,10620.3,10620.4,0
11/22/2018 11:18:00 AM,10622.8,10624.2,10622.8,10622.8,0
11/22/2018 11:17:00 AM,10621.5,10623.45,10621.4,10622.8,0
11/22/2018 11:16:00 AM,10620.35,10621.5,10619.8,10621.5,0
11/22/2018 11:15:00 AM,10619.9,10620.85,10619.55,10620.85,0
11/22/2018 11:14:00 AM,10616.85,10620.05,10616.45,10619.95,0
11/22/2018 11:13:00 AM,10614.95,10616.9,10614.75,10616.65,0
11/22/2018 11:12:00 AM,10613.3,10614.9,10612.6,10614.7,0
11/22/2018 11:11:00 AM,10611.55,10613.7,10611.15,10613.3,0
11/22/2018 11:10:00 AM,10611.9,10612,10609.9,10611,0
11/22/2018 11:09:00 AM,10614.35,10614.85,10611.15,10611.6,0
11/22/2018 11:08:00 AM,10614.6,10614.9,10613.55,10614.45,0
11/22/2018 11:07:00 AM,10615.15,10616.4,10614.5,10614.65,0
11/22/2018 11:06:00 AM,10613.2,10615.95,10613.2,10615.25,0
11/22/2018 11:05:00 AM,10609.4,10613.15,10609.05,10613.1,0
11/22/2018 11:04:00 AM,10607.35,10609.55,10606.4,10609.3,0
11/22/2018 11:03:00 AM,10606.9,10607.9,10606.55,10607.45,0
11/22/2018 11:02:00 AM,10608.75,10609,10606.05,10606.55,0
11/22/2018 11:01:00 AM,10610.9,10610.9,10607.95,10608.25,0
11/22/2018 11:00:00 AM,10617.4,10617.4,10610.65,10610.8,0
11/22/2018 10:59:00 AM,10620.05,10620.65,10617.45,10617.7,0
11/22/2018 10:58:00 AM,10620.2,10620.9,10619,10620.2,0
11/22/2018 10:57:00 AM,10622.2,10623.1,10620.05,10620.4,0
11/22/2018 10:56:00 AM,10621.05,10623,10620.15,10622.75,0
11/22/2018 10:55:00 AM,10620.95,10621.85,10620.55,10620.85,0
11/22/2018 10:54:00 AM,10618.1,10620.8,10617.4,10620.8,0
11/22/2018 10:53:00 AM,10614.6,10617.35,10614.05,10617.35,0
11/22/2018 10:52:00 AM,10616.2,10617.3,10614.3,10614.65,0
11/22/2018 10:51:00 AM,10618.7,10619.1,10612.55,10616.85,0
11/22/2018 10:50:00 AM,10619.4,10619.95,10618.15,10618.4,0
11/22/2018 10:49:00 AM,10620.6,10621.65,10619.25,10619.8,0
11/22/2018 10:48:00 AM,10618.35,10621.1,10617.55,10621.1,0
11/22/2018 10:47:00 AM,10624.5,10624.5,10617.7,10618.65,0
11/22/2018 10:46:00 AM,10625,10627.1,10624.35,10624.5,0
11/22/2018 10:45:00 AM,10627.15,10628.05,10624.6,10625.4,0
11/22/2018 10:44:00 AM,10628.05,10629.05,10626.8,10627.5,0
11/22/2018 10:43:00 AM,10625,10629,10624.45,10628.35,0
11/22/2018 10:42:00 AM,10630.35,10630.95,10623.4,10624.7,0
11/22/2018 10:41:00 AM,10633.2,10633.2,10630.6,10630.65,0
11/22/2018 10:40:00 AM,10635.15,10635.25,10632.85,10633.4,0
11/22/2018 10:39:00 AM,10633.65,10634.75,10631.9,10634.6,0
11/22/2018 10:38:00 AM,10635.75,10635.75,10633.85,10634,0
11/22/2018 10:37:00 AM,10635.1,10636.3,10634.85,10636.1,0
11/22/2018 10:36:00 AM,10637.6,10637.8,10634.75,10634.75,0
11/22/2018 10:35:00 AM,10637.15,10638.85,10636.3,10637.85,0
11/22/2018 10:34:00 AM,10638.15,10640.3,10637.8,10637.8,0
11/22/2018 10:33:00 AM,10636.75,10638.35,10636.5,10638,0
11/22/2018 10:32:00 AM,10634.3,10636.75,10632.65,10636.75,0
11/22/2018 10:31:00 AM,10636.2,10636.5,10634.1,10634.25,0
11/22/2018 10:30:00 AM,10634.1,10636.75,10634,10636.75,0
11/22/2018 10:29:00 AM,10636.05,10636.2,10634,10634.35,0
11/22/2018 10:28:00 AM,10639.2,10639.55,10635.75,10635.75,0
11/22/2018 10:27:00 AM,10636.9,10639.1,10635.8,10639.1,0
11/22/2018 10:26:00 AM,10639.45,10640.8,10636.2,10636.85,0
11/22/2018 10:25:00 AM,10640,10640.5,10638.9,10639.55,0
11/22/2018 10:24:00 AM,10638.95,10641.6,10637.8,10640.25,0
11/22/2018 10:23:00 AM,10638.9,10640.25,10637.85,10639.25,0
11/22/2018 10:22:00 AM,10636.95,10639.65,10636.8,10639,0
11/22/2018 10:21:00 AM,10638.15,10638.15,10635.5,10637.1,0
11/22/2018 10:20:00 AM,10633.3,10638.4,10633.3,10638.4,0
11/22/2018 10:19:00 AM,10631.3,10633.75,10631.15,10633.75,0
11/22/2018 10:18:00 AM,10630.45,10632.4,10629.9,10631.25,0
11/22/2018 10:17:00 AM,10628.3,10631.1,10627.75,10630.7,0
11/22/2018 10:16:00 AM,10625.15,10628.15,10625.05,10628,0
11/22/2018 10:15:00 AM,10625.2,10625.55,10624.6,10624.95,0
11/22/2018 10:14:00 AM,10625.8,10626.35,10624.75,10625.3,0
11/22/2018 10:13:00 AM,10624.65,10627.95,10624.65,10625.55,0
11/22/2018 10:12:00 AM,10630.55,10630.55,10624.5,10625.2,0
11/22/2018 10:11:00 AM,10632.15,10633,10629.8,10629.9,0
11/22/2018 10:10:00 AM,10632.3,10632.4,10630.8,10631.4,0
11/22/2018 10:09:00 AM,10631.15,10632.3,10630.45,10631.85,0
11/22/2018 10:08:00 AM,10628.6,10631.05,10628.6,10631.05,0
11/22/2018 10:07:00 AM,10629.45,10629.45,10627.35,10628.55,0
11/22/2018 10:06:00 AM,10632.8,10632.8,10627.4,10629.05,0
11/22/2018 10:05:00 AM,10635,10635,10632.6,10632.9,0
11/22/2018 10:04:00 AM,10636.4,10637.35,10635,10635.05,0
11/22/2018 10:03:00 AM,10638.8,10638.8,10635.75,10636.1,0
11/22/2018 10:02:00 AM,10634.6,10638.85,10633.9,10638.2,0
11/22/2018 10:01:00 AM,10633.75,10634.6,10632.7,10634.6,0
11/22/2018 10:00:00 AM,10636.4,10636.55,10633.05,10633.5,0
11/22/2018 9:59:00 AM,10639.8,10639.8,10636.05,10636.05,0
11/22/2018 9:58:00 AM,10642,10642,10638.75,10639.8,0
11/22/2018 9:57:00 AM,10642.35,10644.15,10641.7,10642.1,0
11/22/2018 9:56:00 AM,10643.2,10644.05,10642.6,10642.75,0
11/22/2018 9:55:00 AM,10642.6,10645.85,10642.3,10643.55,0
11/22/2018 9:54:00 AM,10643.65,10644.25,10641.35,10642.55,0
11/22/2018 9:53:00 AM,10641.65,10643.65,10640.6,10643.5,0
11/22/2018 9:52:00 AM,10640.7,10643.15,10640.65,10641.7,0
11/22/2018 9:51:00 AM,10638.7,10642.2,10638.15,10641.55,0
11/22/2018 9:50:00 AM,10638.15,10638.7,10635.6,10638.2,0
11/22/2018 9:49:00 AM,10639.05,10640.25,10638.4,10638.45,0
11/22/2018 9:48:00 AM,10639.9,10640.9,10638.25,10638.9,0
11/22/2018 9:47:00 AM,10638.2,10640.45,10637.25,10639.95,0
11/22/2018 9:46:00 AM,10634.25,10638.15,10633.75,10638.15,0
11/22/2018 9:45:00 AM,10629.75,10634.4,10629.65,10634.35,0
11/22/2018 9:44:00 AM,10629.05,10630.15,10626.85,10630.15,0
11/22/2018 9:43:00 AM,10631.45,10631.55,10628,10629,0
11/22/2018 9:42:00 AM,10628.2,10631.75,10628.2,10631.15,0
11/22/2018 9:41:00 AM,10626.9,10628.4,10625.45,10628.1,0
11/22/2018 9:40:00 AM,10628.95,10628.95,10624.95,10626.7,0
11/22/2018 9:39:00 AM,10637.5,10637.55,10628.8,10628.9,0
11/22/2018 9:38:00 AM,10636.25,10637.8,10635.75,10637.55,0
11/22/2018 9:37:00 AM,10633.95,10637.7,10633.9,10636.6,0
11/22/2018 9:36:00 AM,10636.7,10636.8,10632.65,10634.5,0
11/22/2018 9:35:00 AM,10637.9,10638,10634.95,10637.1,0
11/22/2018 9:34:00 AM,10634.8,10638.25,10634.3,10638.25,0
11/22/2018 9:33:00 AM,10634,10635.35,10633.15,10634.9,0
11/22/2018 9:32:00 AM,10636.15,10636.8,10631.85,10633.4,0
11/22/2018 9:31:00 AM,10631.1,10637.8,10630.2,10636.2,0
11/22/2018 9:30:00 AM,10626.65,10630.8,10623.6,10630.8,0
11/22/2018 9:29:00 AM,10627.35,10627.35,10623.4,10625.8,0
11/22/2018 9:28:00 AM,10627.5,10628.1,10625.5,10626.6,0
11/22/2018 9:27:00 AM,10619.55,10627.7,10618.65,10627.7,0
11/22/2018 9:26:00 AM,10616.25,10621.85,10616.1,10619.75,0
11/22/2018 9:25:00 AM,10614.4,10617,10612.75,10616.2,0
11/22/2018 9:24:00 AM,10617.6,10617.6,10614.4,10614.4,0
11/22/2018 9:23:00 AM,10611.05,10617.15,10610.4,10616.65,0
11/22/2018 9:22:00 AM,10607.75,10611.45,10606.4,10611.2,0
11/22/2018 9:21:00 AM,10608.45,10611.1,10606.05,10607.25,0
11/22/2018 9:20:00 AM,10611,10612.65,10607.6,10608.7,0
11/22/2018 9:19:00 AM,10611.1,10612.8,10608.3,10610.45,0
11/22/2018 9:18:00 AM,10607.5,10611.65,10606.75,10610.25,0
11/22/2018 9:17:00 AM,10616.9,10616.9,10606.55,10606.55,0
11/22/2018 9:16:00 AM,10622,10625.05,10616.45,10616.6,0
11/22/2018 9:15:00 AM,10612.65,10624.75,10612.65,10621.8,0
11/21/2018 3:29:00 PM,10604.65,10608.2,10604.4,10605.3,0
11/21/2018 3:28:00 PM,10605.25,10605.85,10603.55,10604.95,0
11/21/2018 3:27:00 PM,10603.6,10605.6,10603.6,10604.55,0
11/21/2018 3:26:00 PM,10600.45,10603.35,10600.45,10603.35,0
11/21/2018 3:25:00 PM,10600.05,10601.3,10599.9,10600.75,0
11/21/2018 3:24:00 PM,10596.4,10600.75,10596.4,10600.5,0
11/21/2018 3:23:00 PM,10594.95,10597.1,10594.6,10596.5,0
11/21/2018 3:22:00 PM,10592.15,10596.15,10592.15,10595.75,0
11/21/2018 3:21:00 PM,10590.4,10593.35,10589.45,10591.85,0
11/21/2018 3:20:00 PM,10589.7,10592.1,10589.6,10590.55,0
11/21/2018 3:19:00 PM,10593.1,10593.4,10589.15,10589.7,0
11/21/2018 3:18:00 PM,10592.1,10594.3,10592.05,10592.35,0
11/21/2018 3:17:00 PM,10594.95,10597.1,10591.25,10591.3,0
11/21/2018 3:16:00 PM,10594.7,10597.3,10594.7,10595.5,0
11/21/2018 3:15:00 PM,10600.3,10602.05,10593.55,10593.55,0
11/21/2018 3:14:00 PM,10597.9,10600.7,10597.55,10600.7,0
11/21/2018 3:13:00 PM,10596.05,10597.8,10595.85,10597.8,0
11/21/2018 3:12:00 PM,10595.1,10596.8,10594.75,10596,0
11/21/2018 3:11:00 PM,10596.9,10598,10595.2,10596.05,0
11/21/2018 3:10:00 PM,10601.75,10602.85,10596.8,10597.25,0
11/21/2018 3:09:00 PM,10601.7,10603.7,10601.45,10601.6,0
11/21/2018 3:08:00 PM,10600.8,10601.95,10600,10601.55,0
11/21/2018 3:07:00 PM,10598.35,10601.75,10598.35,10600.45,0
11/21/2018 3:06:00 PM,10593.1,10598.9,10592.5,10598.35,0
11/21/2018 3:05:00 PM,10601.6,10601.6,10593.2,10593.2,0
11/21/2018 3:04:00 PM,10605.7,10606.45,10601.15,10601.9,0
11/21/2018 3:03:00 PM,10608.55,10609.6,10605.6,10605.6,0
11/21/2018 3:02:00 PM,10609.4,10610.6,10608.6,10608.6,0
11/21/2018 3:01:00 PM,10607.4,10611.75,10607.4,10609.3,0
11/21/2018 3:00:00 PM,10607.7,10608,10605.65,10607.45,0
11/21/2018 2:59:00 PM,10607.65,10608.45,10606.75,10607.35,0
11/21/2018 2:58:00 PM,10606.45,10609.45,10606.45,10607.6,0
11/21/2018 2:57:00 PM,10608.65,10609.75,10606.35,10606.55,0
11/21/2018 2:56:00 PM,10604.55,10608.5,10604.05,10608.35,0
11/21/2018 2:55:00 PM,10604.3,10605.15,10601.7,10604.85,0
11/21/2018 2:54:00 PM,10609.7,10609.7,10603.1,10604.05,0
11/21/2018 2:53:00 PM,10612.9,10612.95,10609.55,10609.75,0
11/21/2018 2:52:00 PM,10615.9,10616.5,10612.55,10613.05,0
11/21/2018 2:51:00 PM,10613.45,10616.55,10613.45,10616.05,0
11/21/2018 2:50:00 PM,10612.4,10614.75,10612.4,10613.65,0
11/21/2018 2:49:00 PM,10617.6,10617.9,10612.45,10612.65,0
11/21/2018 2:48:00 PM,10619.9,10619.9,10617.3,10618.1,0
11/21/2018 2:47:00 PM,10617.95,10620.5,10617.95,10619.9,0
11/21/2018 2:46:00 PM,10617.6,10618,10616.4,10617.5,0
11/21/2018 2:45:00 PM,10620.5,10620.75,10617.6,10617.6,0
11/21/2018 2:44:00 PM,10619.05,10620.7,10618.35,10620.65,0
11/21/2018 2:43:00 PM,10618.35,10619.15,10617.65,10618.35,0
11/21/2018 2:42:00 PM,10621.4,10623,10618,10618.35,0
11/21/2018 2:41:00 PM,10624.25,10624.25,10620.6,10621.5,0
11/21/2018 2:40:00 PM,10624.75,10625.95,10622.75,10622.75,0
11/21/2018 2:39:00 PM,10626.1,10629.2,10624.75,10624.75,0
11/21/2018 2:38:00 PM,10627.1,10627.8,10624.8,10626.65,0
11/21/2018 2:37:00 PM,10626.85,10627.35,10623.45,10627.05,0
11/21/2018 2:36:00 PM,10628,10629.45,10626.6,10627.55,0
11/21/2018 2:35:00 PM,10632.7,10632.7,10627.45,10627.45,0
11/21/2018 2:34:00 PM,10628,10633.75,10627.05,10633.2,0
11/21/2018 2:33:00 PM,10626.95,10628.6,10626.95,10627.65,0
11/21/2018 2:32:00 PM,10626.3,10627.15,10624.7,10626.55,0
11/21/2018 2:31:00 PM,10616.4,10625.3,10616.4,10625.3,0
11/21/2018 2:30:00 PM,10617.1,10617.1,10615.2,10615.95,0
11/21/2018 2:29:00 PM,10616.75,10617.2,10613.35,10617.05,0
11/21/2018 2:28:00 PM,10615.85,10617.4,10615.1,10616.8,0
11/21/2018 2:27:00 PM,10611.8,10616.7,10611.8,10616.05,0
11/21/2018 2:26:00 PM,10610.15,10611.85,10609.95,10611.6,0
11/21/2018 2:25:00 PM,10610.25,10610.3,10608.1,10610.15,0
11/21/2018 2:24:00 PM,10612.75,10613.35,10609,10609.95,0
11/21/2018 2:23:00 PM,10609.6,10612.95,10609.3,10612.95,0
11/21/2018 2:22:00 PM,10614.55,10614.55,10609,10609.75,0
11/21/2018 2:21:00 PM,10617.6,10617.6,10613.9,10614.3,0
11/21/2018 2:20:00 PM,10619.7,10620.3,10616.95,10616.95,0
11/21/2018 2:19:00 PM,10619.7,10620.15,10616.85,10620.15,0
11/21/2018 2:18:00 PM,10618.25,10620.3,10618,10618.6,0
11/21/2018 2:17:00 PM,10619.2,10620.2,10618,10618.75,0
11/21/2018 2:16:00 PM,10619.05,10620.5,10617.85,10618.6,0
11/21/2018 2:15:00 PM,10620.65,10622.3,10617.35,10618.45,0
11/21/2018 2:14:00 PM,10617.8,10621.3,10616.75,10620.4,0
11/21/2018 2:13:00 PM,10615.9,10618.55,10615.9,10617.35,0
11/21/2018 2:12:00 PM,10612.4,10616.5,10612.05,10616.3,0
11/21/2018 2:11:00 PM,10614.15,10614.35,10611.15,10612.4,0
11/21/2018 2:10:00 PM,10610.05,10614.3,10609.95,10613.2,0
11/21/2018 2:09:00 PM,10604.3,10610.1,10603.95,10610.1,0
11/21/2018 2:08:00 PM,10603.3,10604.5,10602.75,10604.45,0
11/21/2018 2:07:00 PM,10602.1,10604.3,10602,10602.9,0
11/21/2018 2:06:00 PM,10598.3,10602.15,10598.3,10602.15,0
11/21/2018 2:05:00 PM,10598.8,10600.05,10597.7,10598.15,0
11/21/2018 2:04:00 PM,10598.25,10599.05,10597.25,10598.25,0
11/21/2018 2:03:00 PM,10599.6,10599.6,10598.3,10598.95,0
11/21/2018 2:02:00 PM,10601.9,10602.3,10598.65,10599.2,0
11/21/2018 2:01:00 PM,10603.5,10604.5,10600.95,10601.2,0
11/21/2018 2:00:00 PM,10603.3,10604.55,10602.9,10603.4,0
11/21/2018 1:59:00 PM,10600.7,10604.25,10600.7,10602.95,0
11/21/2018 1:58:00 PM,10601.85,10602.2,10599.55,10600.5,0
11/21/2018 1:57:00 PM,10600.8,10603.45,10600.55,10601.75,0
11/21/2018 1:56:00 PM,10604.3,10604.3,10600.3,10600.75,0
11/21/2018 1:55:00 PM,10607.3,10608.1,10603.9,10603.9,0
11/21/2018 1:54:00 PM,10601.75,10607.45,10601.75,10607.45,0
11/21/2018 1:53:00 PM,10602,10602.85,10601.2,10601.7,0
11/21/2018 1:52:00 PM,10600.85,10603.7,10600.65,10601.7,0
11/21/2018 1:51:00 PM,10596.1,10600.8,10596,10600.8,0
11/21/2018 1:50:00 PM,10595.65,10596.4,10594.65,10596.25,0
11/21/2018 1:49:00 PM,10597.3,10597.3,10595.25,10595.45,0
11/21/2018 1:48:00 PM,10598.25,10598.9,10597.2,10597.45,0
11/21/2018 1:47:00 PM,10595.05,10599.15,10594.8,10598.45,0
11/21/2018 1:46:00 PM,10595.1,10596.05,10593.75,10594.85,0
11/21/2018 1:45:00 PM,10594,10595.75,10593.35,10595.45,0
11/21/2018 1:44:00 PM,10589.4,10595.1,10588.25,10593.7,0
11/21/2018 1:43:00 PM,10589.6,10591.35,10589.2,10589.6,0
11/21/2018 1:42:00 PM,10588.1,10589.6,10586.7,10589.6,0
11/21/2018 1:41:00 PM,10585,10588.35,10585,10588.05,0
11/21/2018 1:40:00 PM,10581.2,10585.55,10580.75,10585.55,0
11/21/2018 1:39:00 PM,10579.6,10581.6,10579.35,10581.25,0
11/21/2018 1:38:00 PM,10577.6,10579.55,10577.6,10579.55,0
11/21/2018 1:37:00 PM,10580.9,10581.3,10577.5,10578.05,0
11/21/2018 1:36:00 PM,10582.45,10583,10580.35,10581,0
11/21/2018 1:35:00 PM,10582.85,10583.55,10581.85,10582.5,0
11/21/2018 1:34:00 PM,10584.75,10585.45,10582.8,10582.85,0
11/21/2018 1:33:00 PM,10585.55,10585.7,10584.55,10584.55,0
11/21/2018 1:32:00 PM,10585.6,10586.05,10584.5,10585.05,0
11/21/2018 1:31:00 PM,10582.6,10587,10582.3,10585.55,0
11/21/2018 1:30:00 PM,10582.55,10583.15,10580.15,10582.55,0
11/21/2018 1:29:00 PM,10584.55,10584.7,10582.75,10582.75,0
11/21/2018 1:28:00 PM,10582.8,10584.95,10582.25,10584.7,0
11/21/2018 1:27:00 PM,10583.2,10583.2,10581,10582.75,0
11/21/2018 1:26:00 PM,10584.3,10585.05,10583.35,10583.5,0
11/21/2018 1:25:00 PM,10586.3,10586.75,10584.3,10584.3,0
11/21/2018 1:24:00 PM,10584.55,10586.7,10584.1,10586.35,0
11/21/2018 1:23:00 PM,10582.35,10585.8,10582.3,10584.4,0
11/21/2018 1:22:00 PM,10582.25,10583.2,10581.4,10582.6,0
11/21/2018 1:21:00 PM,10583.85,10585.65,10582.25,10582.6,0
11/21/2018 1:20:00 PM,10584.75,10585,10583.15,10583.9,0
11/21/2018 1:19:00 PM,10583.8,10585.4,10582.8,10584.9,0
11/21/2018 1:18:00 PM,10577.95,10584.05,10577.95,10584.05,0
11/21/2018 1:17:00 PM,10580.9,10581.2,10577.45,10577.95,0
11/21/2018 1:16:00 PM,10582.95,10583.1,10580.35,10580.7,0
11/21/2018 1:15:00 PM,10582.45,10584.35,10581.4,10583.15,0
11/21/2018 1:14:00 PM,10585,10585,10581.95,10582.5,0
11/21/2018 1:13:00 PM,10586.7,10587.25,10585.15,10585.15,0
11/21/2018 1:12:00 PM,10589.5,10589.5,10586.7,10586.7,0
11/21/2018 1:11:00 PM,10588.55,10589.9,10588.1,10589.5,0
11/21/2018 1:10:00 PM,10591.1,10591.4,10588.7,10588.7,0
11/21/2018 1:09:00 PM,10587.7,10591.2,10587.55,10591.2,0
11/21/2018 1:08:00 PM,10589.95,10590.6,10587.65,10587.65,0
11/21/2018 1:07:00 PM,10587.85,10590,10586.4,10590,0
11/21/2018 1:06:00 PM,10590.2,10590.6,10587.25,10587.6,0
11/21/2018 1:05:00 PM,10592.2,10592.2,10588.75,10590.3,0
11/21/2018 1:04:00 PM,10588,10592.65,10588,10592.35,0
11/21/2018 1:03:00 PM,10587.05,10588.2,10586.75,10588,0
11/21/2018 1:02:00 PM,10584.9,10587.1,10584.6,10587,0
11/21/2018 1:01:00 PM,10582.4,10585.15,10581.9,10584.6,0
11/21/2018 1:00:00 PM,10584.4,10584.45,10581.8,10583.05,0
11/21/2018 12:59:00 PM,10582.95,10584.65,10582.9,10584.55,0
11/21/2018 12:58:00 PM,10586.8,10586.8,10581.5,10582.85,0
11/21/2018 12:57:00 PM,10591.15,10591.4,10586.4,10586.75,0
11/21/2018 12:56:00 PM,10593.3,10593.5,10590.9,10591.5,0
11/21/2018 12:55:00 PM,10591.2,10593.15,10590.95,10593.15,0
11/21/2018 12:54:00 PM,10591.15,10592.2,10589.95,10590.95,0
11/21/2018 12:53:00 PM,10593.35,10593.85,10590.9,10591.05,0
11/21/2018 12:52:00 PM,10593,10593.25,10591.35,10593.1,0
11/21/2018 12:51:00 PM,10590.7,10592.85,10590.5,10592.8,0
11/21/2018 12:50:00 PM,10589.15,10592.5,10588.2,10591.65,0
11/21/2018 12:49:00 PM,10588.35,10589.15,10585.7,10589.15,0
11/21/2018 12:48:00 PM,10587.7,10588.75,10585.85,10588.2,0
11/21/2018 12:47:00 PM,10591.5,10591.5,10585.6,10587.35,0
11/21/2018 12:46:00 PM,10594.6,10595.9,10591.5,10592,0
11/21/2018 12:45:00 PM,10591.25,10595.35,10590.5,10594.85,0
11/21/2018 12:44:00 PM,10590.3,10590.75,10589.05,10590.6,0
11/21/2018 12:43:00 PM,10589,10592.05,10589,10590.45,0
11/21/2018 12:42:00 PM,10591.1,10592.6,10589,10589,0
11/21/2018 12:41:00 PM,10592.55,10592.85,10590.35,10590.65,0
11/21/2018 12:40:00 PM,10592.45,10593.05,10591.7,10592.8,0
11/21/2018 12:39:00 PM,10593.1,10594.35,10591.95,10592.1,0
11/21/2018 12:38:00 PM,10595.85,10596.35,10593.3,10593.55,0
11/21/2018 12:37:00 PM,10597.25,10597.35,10594.75,10595.75,0
11/21/2018 12:36:00 PM,10598.15,10599.55,10597.05,10597.35,0
11/21/2018 12:35:00 PM,10601.55,10602.65,10598,10598,0
11/21/2018 12:34:00 PM,10600.25,10602,10599.3,10602,0
11/21/2018 12:33:00 PM,10603.8,10603.8,10600.35,10600.35,0
11/21/2018 12:32:00 PM,10607.6,10607.8,10603.5,10603.8,0
11/21/2018 12:31:00 PM,10608.6,10609.5,10605.4,10607.35,0
11/21/2018 12:30:00 PM,10604.75,10609.45,10604.35,10609.05,0
11/21/2018 12:29:00 PM,10604.5,10605.45,10602.8,10604.35,0
11/21/2018 12:28:00 PM,10600.65,10603.65,10599.85,10603.65,0
11/21/2018 12:27:00 PM,10596.4,10601.4,10595.95,10600.7,0
11/21/2018 12:26:00 PM,10593.35,10597.1,10593.35,10596.5,0
11/21/2018 12:25:00 PM,10591.75,10593.85,10591.65,10593.4,0
11/21/2018 12:24:00 PM,10590.8,10591.6,10589.85,10591.4,0
11/21/2018 12:23:00 PM,10592.05,10592.1,10590.45,10591,0
11/21/2018 12:22:00 PM,10594.85,10594.85,10591.55,10591.8,0
11/21/2018 12:21:00 PM,10597.5,10597.9,10594.55,10594.75,0
11/21/2018 12:20:00 PM,10594.7,10597.25,10594.25,10596.9,0
11/21/2018 12:19:00 PM,10592.5,10595.2,10592.05,10594.65,0
11/21/2018 12:18:00 PM,10591.1,10593.75,10590.6,10592.5,0
11/21/2018 12:17:00 PM,10588.45,10592,10588,10590.9,0
11/21/2018 12:16:00 PM,10581.6,10588.5,10581.2,10588.1,0
11/21/2018 12:15:00 PM,10584.95,10585.15,10581.75,10581.75,0
11/21/2018 12:14:00 PM,10582.75,10585.35,10582.35,10585.35,0
11/21/2018 12:13:00 PM,10584.2,10584.65,10580.45,10583.05,0
11/21/2018 12:12:00 PM,10583.25,10584.55,10582.35,10583.95,0
11/21/2018 12:11:00 PM,10579.75,10583.7,10578.35,10583.25,0
11/21/2018 12:10:00 PM,10575.9,10579.75,10575.9,10579.55,0
11/21/2018 12:09:00 PM,10575.35,10576.15,10575,10576,0
11/21/2018 12:08:00 PM,10576.3,10576.8,10574.6,10575.8,0
11/21/2018 12:07:00 PM,10576.7,10578.55,10575.2,10576.6,0
11/21/2018 12:06:00 PM,10574.3,10576.6,10572.65,10576.6,0
11/21/2018 12:05:00 PM,10577.55,10577.55,10573.6,10574,0
11/21/2018 12:04:00 PM,10578.9,10581,10577.8,10578,0
11/21/2018 12:03:00 PM,10579.9,10580.05,10577.75,10578.9,0
11/21/2018 12:02:00 PM,10582.05,10582.6,10580.2,10580.45,0
11/21/2018 12:01:00 PM,10582.3,10582.6,10581.3,10582.15,0
11/21/2018 12:00:00 PM,10582.15,10584,10581.8,10582.35,0
11/21/2018 11:59:00 AM,10584.25,10584.45,10582.25,10582.25,0
11/21/2018 11:58:00 AM,10585.2,10586,10584.3,10584.35,0
11/21/2018 11:57:00 AM,10583.45,10585.3,10583.25,10584.85,0
11/21/2018 11:56:00 AM,10585,10585.25,10583.45,10583.9,0
11/21/2018 11:55:00 AM,10586.25,10588,10585.2,10585.2,0
11/21/2018 11:54:00 AM,10586.85,10587.3,10585,10586.1,0
11/21/2018 11:53:00 AM,10584,10587.4,10583.25,10587.2,0
11/21/2018 11:52:00 AM,10585.6,10586.4,10583.2,10584,0
11/21/2018 11:51:00 AM,10582.15,10587.1,10582.15,10585.8,0
11/21/2018 11:50:00 AM,10582.6,10583.15,10580.25,10582.6,0
11/21/2018 11:49:00 AM,10581.65,10583,10578.85,10582.7,0
11/21/2018 11:48:00 AM,10577.65,10582.2,10577.65,10581.6,0
11/21/2018 11:47:00 AM,10577.8,10578.4,10576.5,10577.75,0
11/21/2018 11:46:00 AM,10574.75,10577.4,10574.65,10577.2,0
11/21/2018 11:45:00 AM,10571.05,10574.7,10571,10574.45,0
11/21/2018 11:44:00 AM,10572.85,10573.5,10569.85,10570.65,0
11/21/2018 11:43:00 AM,10571.8,10572.9,10570.7,10572.85,0
11/21/2018 11:42:00 AM,10572.6,10572.85,10571.35,10571.4,0
11/21/2018 11:41:00 AM,10573.2,10573.55,10572.4,10572.5,0
11/21/2018 11:40:00 AM,10575.35,10575.7,10573.4,10573.5,0
11/21/2018 11:39:00 AM,10573.5,10575.6,10572.9,10575.15,0
11/21/2018 11:38:00 AM,10574.6,10574.6,10573,10573.8,0
11/21/2018 11:37:00 AM,10575.5,10576.4,10574.4,10574.55,0
11/21/2018 11:36:00 AM,10573.75,10576.05,10573.75,10575.6,0
11/21/2018 11:35:00 AM,10570.5,10573.95,10570.25,10573.95,0
11/21/2018 11:34:00 AM,10568.8,10571.75,10568.8,10570.45,0
11/21/2018 11:33:00 AM,10565.85,10569.3,10565.85,10569.05,0
11/21/2018 11:32:00 AM,10566.6,10567.4,10564.7,10566,0
11/21/2018 11:31:00 AM,10564.9,10567.55,10564.7,10566.2,0
11/21/2018 11:30:00 AM,10564.8,10565.65,10564.3,10565.35,0
11/21/2018 11:29:00 AM,10565.3,10565.95,10564.95,10565,0
11/21/2018 11:28:00 AM,10570.65,10570.8,10565.45,10565.75,0
11/21/2018 11:27:00 AM,10572.05,10572.7,10570.55,10570.7,0
11/21/2018 11:26:00 AM,10571.9,10572.1,10570.8,10571.85,0
11/21/2018 11:25:00 AM,10573.25,10573.3,10571.95,10572.05,0
11/21/2018 11:24:00 AM,10571.55,10573.2,10571.45,10573.05,0
11/21/2018 11:23:00 AM,10571.25,10571.85,10570.25,10571.4,0
11/21/2018 11:22:00 AM,10568.85,10572.25,10568.85,10571.6,0
11/21/2018 11:21:00 AM,10567.9,10570,10567.9,10569.3,0
11/21/2018 11:20:00 AM,10568.95,10569.35,10567.65,10568.45,0
11/21/2018 11:19:00 AM,10572.65,10572.85,10568.7,10568.7,0
11/21/2018 11:18:00 AM,10572.6,10573.6,10571.4,10572.6,0
11/21/2018 11:17:00 AM,10576.25,10576.25,10571.7,10572.6,0
11/21/2018 11:16:00 AM,10572.15,10577.15,10571.95,10576.5,0
11/21/2018 11:15:00 AM,10573.25,10573.5,10571.05,10571.85,0
11/21/2018 11:14:00 AM,10571,10573.65,10571,10573.1,0
11/21/2018 11:13:00 AM,10569.55,10572.55,10568.55,10571.7,0
11/21/2018 11:12:00 AM,10569.7,10570.9,10567.45,10569.9,0
11/21/2018 11:11:00 AM,10571,10571.75,10569.1,10569.6,0
11/21/2018 11:10:00 AM,10570.65,10574.1,10567.6,10571.5,0
11/21/2018 11:09:00 AM,10573.5,10575.05,10570.05,10570.65,0
11/21/2018 11:08:00 AM,10573.35,10573.35,10569.85,10572.6,0
11/21/2018 11:07:00 AM,10574.3,10574.75,10572.8,10573.55,0
11/21/2018 11:06:00 AM,10574.2,10575.45,10573.5,10574.7,0
11/21/2018 11:05:00 AM,10579.95,10579.95,10572.7,10574.55,0
11/21/2018 11:04:00 AM,10579.9,10582.5,10579.45,10580.45,0
11/21/2018 11:03:00 AM,10577.35,10579.85,10577.35,10579.8,0
11/21/2018 11:02:00 AM,10573,10577.65,10572.2,10577.3,0
11/21/2018 11:01:00 AM,10570.65,10573.7,10569.15,10573.5,0
11/21/2018 11:00:00 AM,10573.75,10574.2,10569.05,10570.4,0
11/21/2018 10:59:00 AM,10570.65,10574.75,10568.8,10574.25,0
11/21/2018 10:58:00 AM,10573.95,10574.65,10569.9,10570.8,0
11/21/2018 10:57:00 AM,10577.45,10577.85,10573.45,10573.8,0
11/21/2018 10:56:00 AM,10581.4,10581.4,10577.15,10577.75,0
11/21/2018 10:55:00 AM,10582.95,10583.25,10580.5,10581.1,0
11/21/2018 10:54:00 AM,10580.15,10582.7,10579.75,10582.7,0
11/21/2018 10:53:00 AM,10579.75,10580.35,10578.65,10580.05,0
11/21/2018 10:52:00 AM,10581.65,10582.15,10578.85,10579.9,0
11/21/2018 10:51:00 AM,10581.3,10583.2,10581.15,10581.5,0
11/21/2018 10:50:00 AM,10579.2,10581.15,10578.75,10581.15,0
11/21/2018 10:49:00 AM,10578.85,10580.3,10578.5,10579,0
11/21/2018 10:48:00 AM,10580,10582.2,10578.75,10579.2,0
11/21/2018 10:47:00 AM,10577.55,10580.2,10577.55,10579.5,0
11/21/2018 10:46:00 AM,10574.05,10577.7,10573.95,10577.6,0
11/21/2018 10:45:00 AM,10573.4,10574.45,10571.7,10574,0
11/21/2018 10:44:00 AM,10573.15,10575.45,10572.55,10573.3,0
11/21/2018 10:43:00 AM,10568.15,10573.3,10568.05,10573.3,0
11/21/2018 10:42:00 AM,10566.35,10568.9,10566.1,10567.85,0
11/21/2018 10:41:00 AM,10569.5,10572.95,10565.95,10566.3,0
11/21/2018 10:40:00 AM,10575.8,10575.85,10569.15,10569.15,0
11/21/2018 10:39:00 AM,10580.95,10581.2,10574.55,10575.5,0
11/21/2018 10:38:00 AM,10579.7,10582.6,10579.7,10581.35,0
11/21/2018 10:37:00 AM,10573.6,10580.2,10573.55,10579.45,0
11/21/2018 10:36:00 AM,10572.35,10573.75,10571.85,10573.75,0
11/21/2018 10:35:00 AM,10573.1,10573.1,10570.2,10572.55,0
11/21/2018 10:34:00 AM,10572.8,10573.4,10570.75,10573.35,0
11/21/2018 10:33:00 AM,10572.5,10572.9,10569.1,10572.8,0
11/21/2018 10:32:00 AM,10569.4,10572.65,10569.3,10572.55,0
11/21/2018 10:31:00 AM,10565.7,10569.6,10564.85,10569.55,0
11/21/2018 10:30:00 AM,10570.65,10570.65,10562.45,10565.65,0
11/21/2018 10:29:00 AM,10574.05,10574.1,10568.85,10570.1,0
11/21/2018 10:28:00 AM,10575.05,10576.9,10573.65,10573.85,0
11/21/2018 10:27:00 AM,10575.7,10577.15,10572.35,10575,0
11/21/2018 10:26:00 AM,10573.9,10575.9,10572.7,10575.9,0
11/21/2018 10:25:00 AM,10576.05,10576.1,10573.05,10573.75,0
11/21/2018 10:24:00 AM,10584.3,10585.65,10576.95,10576.95,0
11/21/2018 10:23:00 AM,10581.6,10584.45,10581.1,10584.45,0
11/21/2018 10:22:00 AM,10580.4,10582.65,10579.85,10581.75,0
11/21/2018 10:21:00 AM,10583.2,10583.2,10578.1,10580.2,0
11/21/2018 10:20:00 AM,10585.2,10587.15,10582.85,10583.15,0
11/21/2018 10:19:00 AM,10587.15,10587.15,10583.85,10585.05,0
11/21/2018 10:18:00 AM,10592.45,10594,10586.5,10586.5,0
11/21/2018 10:17:00 AM,10597.65,10597.65,10591.45,10591.95,0
11/21/2018 10:16:00 AM,10601.8,10604.35,10597.75,10597.75,0
11/21/2018 10:15:00 AM,10602.85,10603.55,10601.25,10601.85,0
11/21/2018 10:14:00 AM,10600.25,10603.05,10600.25,10602.65,0
11/21/2018 10:13:00 AM,10597.05,10599.8,10595.6,10599.8,0
11/21/2018 10:12:00 AM,10602.25,10602.25,10596.15,10597.35,0
11/21/2018 10:11:00 AM,10603,10604.65,10602.4,10602.4,0
11/21/2018 10:10:00 AM,10601,10603.25,10599.5,10603.25,0
11/21/2018 10:09:00 AM,10603.9,10603.9,10600.25,10601.15,0
11/21/2018 10:08:00 AM,10604.55,10606.65,10602.35,10603.95,0
11/21/2018 10:07:00 AM,10606.55,10607.05,10604.5,10604.5,0
11/21/2018 10:06:00 AM,10608.85,10609.2,10606.4,10606.4,0
11/21/2018 10:05:00 AM,10606.05,10609.8,10605.05,10609,0
11/21/2018 10:04:00 AM,10612.3,10612.3,10605.25,10606.35,0
11/21/2018 10:03:00 AM,10613.7,10615.3,10611.9,10612.05,0
11/21/2018 10:02:00 AM,10613.85,10615.25,10612.55,10613.25,0
11/21/2018 10:01:00 AM,10612.45,10614.55,10611.75,10613.25,0
11/21/2018 10:00:00 AM,10608.35,10613.1,10608.35,10612.6,0
11/21/2018 9:59:00 AM,10604.4,10608.15,10604.4,10607.85,0
11/21/2018 9:58:00 AM,10605.45,10605.9,10602.25,10605,0
11/21/2018 9:57:00 AM,10608.7,10608.7,10605.2,10605.95,0
11/21/2018 9:56:00 AM,10612.1,10612.75,10607.9,10608.5,0
11/21/2018 9:55:00 AM,10613.4,10615.1,10611.85,10612.3,0
11/21/2018 9:54:00 AM,10622.05,10622.05,10613.3,10613.45,0
11/21/2018 9:53:00 AM,10619.4,10622.15,10618.7,10621.65,0
11/21/2018 9:52:00 AM,10620.3,10620.3,10618.35,10618.9,0
11/21/2018 9:51:00 AM,10620,10621.25,10618.35,10620.25,0
11/21/2018 9:50:00 AM,10622,10622.65,10619.1,10620.1,0
11/21/2018 9:49:00 AM,10622.45,10623.9,10621.45,10622.4,0
11/21/2018 9:48:00 AM,10621.75,10622.3,10618.95,10622.2,0
11/21/2018 9:47:00 AM,10617.8,10622.2,10617.8,10621.4,0
11/21/2018 9:46:00 AM,10613.4,10617.95,10610.5,10617.55,0
11/21/2018 9:45:00 AM,10623.35,10623.35,10612.35,10613,0
11/21/2018 9:44:00 AM,10619.1,10623.65,10618.25,10623.2,0
11/21/2018 9:43:00 AM,10617,10618.9,10616.5,10618.8,0
11/21/2018 9:42:00 AM,10618.75,10618.75,10615,10617.75,0
11/21/2018 9:41:00 AM,10620.2,10622.95,10618.5,10618.5,0
11/21/2018 9:40:00 AM,10621.95,10622,10617.25,10619.15,0
11/21/2018 9:39:00 AM,10627.7,10628.25,10622,10622.25,0
11/21/2018 9:38:00 AM,10627.75,10628.6,10627.45,10627.65,0
11/21/2018 9:37:00 AM,10622.4,10627.6,10622.4,10627.55,0
11/21/2018 9:36:00 AM,10626.1,10626.1,10621.9,10621.9,0
11/21/2018 9:35:00 AM,10630,10630.2,10626.35,10626.9,0
11/21/2018 9:34:00 AM,10635.15,10635.15,10628.8,10629.75,0
11/21/2018 9:33:00 AM,10639.05,10640.85,10634.9,10634.9,0
11/21/2018 9:32:00 AM,10637.45,10641.3,10636.45,10639.05,0
11/21/2018 9:31:00 AM,10643.8,10643.8,10633.45,10636.65,0
11/21/2018 9:30:00 AM,10653.3,10653.95,10643.65,10643.65,0
11/21/2018 9:29:00 AM,10652.6,10657.05,10652.6,10653.4,0
11/21/2018 9:28:00 AM,10654.3,10654.7,10650.6,10652.4,0
11/21/2018 9:27:00 AM,10660,10660.5,10653.95,10654.85,0
11/21/2018 9:26:00 AM,10670.45,10670.7,10661.05,10661.05,0
11/21/2018 9:25:00 AM,10667.65,10671.15,10667.1,10670.65,0
11/21/2018 9:24:00 AM,10665.2,10667.45,10663.95,10667.35,0
11/21/2018 9:23:00 AM,10658.8,10666.05,10658.8,10665.25,0
11/21/2018 9:22:00 AM,10648.5,10658.85,10646.95,10658.85,0
11/21/2018 9:21:00 AM,10649.9,10651.8,10646.8,10649.35,0
11/21/2018 9:20:00 AM,10647.25,10649.95,10646.2,10649.1,0
11/21/2018 9:19:00 AM,10650.65,10652.5,10646.9,10648.25,0
11/21/2018 9:18:00 AM,10648.65,10651.25,10645.1,10651.1,0
11/21/2018 9:17:00 AM,10638.2,10649.35,10637.85,10648.25,0
11/21/2018 9:16:00 AM,10658.1,10658.1,10638.5,10638.65,0
11/21/2018 9:15:00 AM,10670.95,10670.95,10656.4,10657.7,0
11/20/2018 3:29:00 PM,10648.55,10651.25,10645.05,10647.55,0
11/20/2018 3:28:00 PM,10651.5,10653.25,10648.75,10649.1,0
11/20/2018 3:27:00 PM,10655.85,10655.85,10651.45,10651.45,0
11/20/2018 3:26:00 PM,10656.7,10657.25,10655.35,10655.7,0
11/20/2018 3:25:00 PM,10653.15,10657.15,10652.75,10656.8,0
11/20/2018 3:24:00 PM,10648.9,10652.7,10647.8,10652.7,0
11/20/2018 3:23:00 PM,10652.1,10652.1,10647.45,10648.3,0
11/20/2018 3:22:00 PM,10648.9,10652.7,10648.7,10651.85,0
11/20/2018 3:21:00 PM,10649.7,10650.35,10646.8,10649.15,0
11/20/2018 3:20:00 PM,10651.95,10652.65,10649.65,10649.65,0
11/20/2018 3:19:00 PM,10650.8,10652.25,10650,10651.65,0
11/20/2018 3:18:00 PM,10656.65,10656.65,10651.15,10651.2,0
11/20/2018 3:17:00 PM,10652.1,10658.05,10651.8,10656.2,0
11/20/2018 3:16:00 PM,10657.5,10658.15,10648.8,10652.55,0
11/20/2018 3:15:00 PM,10662.05,10663.25,10657.25,10657.25,0
11/20/2018 3:14:00 PM,10661.2,10663.7,10660.25,10661.9,0
11/20/2018 3:13:00 PM,10662.55,10664.2,10660.8,10661.15,0
11/20/2018 3:12:00 PM,10664.05,10665.55,10661.7,10662.4,0
11/20/2018 3:11:00 PM,10665.85,10669.4,10663.2,10664.05,0
11/20/2018 3:10:00 PM,10663.25,10667.4,10662.55,10665.9,0
11/20/2018 3:09:00 PM,10668.8,10668.8,10663,10663.75,0
11/20/2018 3:08:00 PM,10670.5,10671.2,10667.95,10667.95,0
11/20/2018 3:07:00 PM,10669.45,10670.5,10668,10670.25,0
11/20/2018 3:06:00 PM,10670.5,10671.4,10669.3,10669.85,0
11/20/2018 3:05:00 PM,10664.7,10670.6,10664.65,10670.55,0
11/20/2018 3:04:00 PM,10663.35,10665.65,10663,10664.7,0
11/20/2018 3:03:00 PM,10660.85,10663.65,10660.2,10663.55,0
11/20/2018 3:02:00 PM,10656.65,10660.4,10656.6,10659.7,0
11/20/2018 3:01:00 PM,10649.9,10656.25,10649.5,10656.25,0
11/20/2018 3:00:00 PM,10644,10649.85,10642.9,10649.6,0
11/20/2018 2:59:00 PM,10646.7,10647.45,10642.9,10643.05,0
11/20/2018 2:58:00 PM,10646.25,10648.05,10646.25,10646.8,0
11/20/2018 2:57:00 PM,10648.75,10649.05,10646.25,10646.25,0
11/20/2018 2:56:00 PM,10652.4,10652.75,10648.95,10649.05,0
11/20/2018 2:55:00 PM,10654.15,10654.7,10652.85,10652.85,0
11/20/2018 2:54:00 PM,10655.1,10656.3,10654.2,10654.3,0
11/20/2018 2:53:00 PM,10654.6,10655.8,10653.85,10655.1,0
11/20/2018 2:52:00 PM,10658.05,10659,10654.25,10654.35,0
11/20/2018 2:51:00 PM,10657.05,10659.1,10655.05,10658.35,0
11/20/2018 2:50:00 PM,10656.2,10657.2,10655.25,10657.2,0
11/20/2018 2:49:00 PM,10653.7,10656.9,10653.7,10656.25,0
11/20/2018 2:48:00 PM,10649.4,10654.9,10649.4,10653.65,0
11/20/2018 2:47:00 PM,10645.3,10650.8,10645.2,10650.05,0
11/20/2018 2:46:00 PM,10642.6,10645.35,10641.55,10645.1,0
11/20/2018 2:45:00 PM,10645.5,10645.5,10642.3,10642.75,0
11/20/2018 2:44:00 PM,10644.3,10646.35,10644,10645.5,0
11/20/2018 2:43:00 PM,10641.7,10645.05,10641,10644.35,0
11/20/2018 2:42:00 PM,10647.25,10648.45,10641.25,10641.75,0
11/20/2018 2:41:00 PM,10647.65,10647.95,10646.2,10647.5,0
11/20/2018 2:40:00 PM,10649.45,10650.95,10647.75,10647.8,0
11/20/2018 2:39:00 PM,10649.5,10650.6,10648.2,10649.85,0
11/20/2018 2:38:00 PM,10650.65,10651.3,10649.45,10649.75,0
11/20/2018 2:37:00 PM,10654.8,10655.15,10650.25,10650.7,0
11/20/2018 2:36:00 PM,10652.7,10656,10652.35,10654.95,0
11/20/2018 2:35:00 PM,10652.25,10653.7,10651.85,10652.2,0
11/20/2018 2:34:00 PM,10649.75,10652.65,10648.7,10652.45,0
11/20/2018 2:33:00 PM,10649.65,10649.95,10647.9,10649.75,0
11/20/2018 2:32:00 PM,10650.45,10653.1,10649.55,10649.55,0
11/20/2018 2:31:00 PM,10654.15,10654.65,10650.3,10650.3,0
11/20/2018 2:30:00 PM,10655.95,10655.95,10651.7,10654.1,0
11/20/2018 2:29:00 PM,10659.95,10660.7,10655.55,10655.9,0
11/20/2018 2:28:00 PM,10656.6,10660.55,10656.1,10660,0
11/20/2018 2:27:00 PM,10659.5,10659.5,10656.35,10656.45,0
11/20/2018 2:26:00 PM,10663,10664.2,10658.5,10659.95,0
11/20/2018 2:25:00 PM,10666.3,10667.05,10662.7,10663.6,0
11/20/2018 2:24:00 PM,10666.55,10668.55,10665.8,10666.8,0
11/20/2018 2:23:00 PM,10661.5,10666.8,10661.5,10666.3,0
11/20/2018 2:22:00 PM,10661.65,10663.35,10659.65,10661.35,0
11/20/2018 2:21:00 PM,10661.8,10662.35,10660.05,10661.4,0
11/20/2018 2:20:00 PM,10670.4,10670.4,10661.75,10662.15,0
11/20/2018 2:19:00 PM,10669.25,10670.85,10669.1,10670.5,0
11/20/2018 2:18:00 PM,10668.8,10670.3,10668,10669.4,0
11/20/2018 2:17:00 PM,10671.75,10671.9,10668.65,10668.8,0
11/20/2018 2:16:00 PM,10669.2,10672.3,10669.2,10671.5,0
11/20/2018 2:15:00 PM,10672,10672.25,10668.5,10668.5,0
11/20/2018 2:14:00 PM,10667.05,10674.05,10667.05,10672.85,0
11/20/2018 2:13:00 PM,10667.8,10668.05,10665.35,10666.65,0
11/20/2018 2:12:00 PM,10666.3,10670.1,10666.3,10667.65,0
11/20/2018 2:11:00 PM,10666.75,10667.45,10665.1,10666.7,0
11/20/2018 2:10:00 PM,10669.25,10669.95,10664.95,10665.7,0
11/20/2018 2:09:00 PM,10673.65,10673.7,10669.3,10669.5,0
11/20/2018 2:08:00 PM,10671.4,10674.25,10670.45,10673.2,0
11/20/2018 2:07:00 PM,10676.05,10676.6,10671.35,10671.4,0
11/20/2018 2:06:00 PM,10672.75,10676.45,10672.4,10675.9,0
11/20/2018 2:05:00 PM,10675.35,10675.65,10671.85,10673,0
11/20/2018 2:04:00 PM,10680.9,10682.25,10674.15,10675,0
11/20/2018 2:03:00 PM,10685.25,10685.55,10681,10681,0
11/20/2018 2:02:00 PM,10684.65,10685.65,10683.6,10684.95,0
11/20/2018 2:01:00 PM,10688.05,10688.2,10684.7,10684.7,0
11/20/2018 2:00:00 PM,10684.35,10687.9,10684,10687.55,0
11/20/2018 1:59:00 PM,10685.25,10686,10683.4,10684.45,0
11/20/2018 1:58:00 PM,10686,10686.75,10685.45,10685.45,0
11/20/2018 1:57:00 PM,10686.95,10688.8,10686.1,10686.1,0
11/20/2018 1:56:00 PM,10690.1,10690.6,10686.05,10686.8,0
11/20/2018 1:55:00 PM,10691.55,10693,10689.7,10689.7,0
11/20/2018 1:54:00 PM,10690.4,10691.95,10689.85,10691.5,0
11/20/2018 1:53:00 PM,10687.95,10690.35,10687.75,10690.3,0
11/20/2018 1:52:00 PM,10689.7,10689.9,10687.4,10687.7,0
11/20/2018 1:51:00 PM,10690.65,10691.05,10687,10689.45,0
11/20/2018 1:50:00 PM,10687.6,10690.85,10687.5,10690.85,0
11/20/2018 1:49:00 PM,10684.9,10688.75,10684.6,10687.7,0
11/20/2018 1:48:00 PM,10677.95,10685.2,10677.85,10684.85,0
11/20/2018 1:47:00 PM,10678.7,10679.15,10677.35,10677.95,0
11/20/2018 1:46:00 PM,10681.6,10681.75,10678,10678.7,0
11/20/2018 1:45:00 PM,10682.9,10684.45,10681.1,10681.9,0
11/20/2018 1:44:00 PM,10682.9,10683.2,10680.45,10683.2,0
11/20/2018 1:43:00 PM,10682.1,10684.25,10682.1,10682.8,0
11/20/2018 1:42:00 PM,10681.85,10682.75,10680.5,10682.4,0
11/20/2018 1:41:00 PM,10682.1,10682.35,10680.5,10681.95,0
11/20/2018 1:40:00 PM,10682.5,10684.45,10681.35,10682.45,0
11/20/2018 1:39:00 PM,10685.6,10685.9,10680.3,10682.4,0
11/20/2018 1:38:00 PM,10682.15,10686.25,10682.15,10685.45,0
11/20/2018 1:37:00 PM,10679.6,10684,10679.6,10682.5,0
11/20/2018 1:36:00 PM,10684.85,10684.85,10678.8,10679.9,0
11/20/2018 1:35:00 PM,10691.55,10692.15,10685.1,10685.25,0
11/20/2018 1:34:00 PM,10693.35,10693.7,10690.5,10691.6,0
11/20/2018 1:33:00 PM,10692.6,10695.25,10691.45,10693.7,0
11/20/2018 1:32:00 PM,10695.2,10695.45,10692.35,10692.4,0
11/20/2018 1:31:00 PM,10698.9,10698.9,10694.1,10695.4,0
11/20/2018 1:30:00 PM,10699.4,10700.5,10699.15,10699.6,0
11/20/2018 1:29:00 PM,10700.4,10701.5,10698.75,10699.85,0
11/20/2018 1:28:00 PM,10697.95,10701.95,10697.9,10700.35,0
11/20/2018 1:27:00 PM,10699.85,10699.85,10697.7,10698.3,0
11/20/2018 1:26:00 PM,10703,10703,10699.55,10699.85,0
11/20/2018 1:25:00 PM,10704.3,10704.65,10701.4,10702.25,0
11/20/2018 1:24:00 PM,10702.2,10704.3,10702.1,10704.3,0
11/20/2018 1:23:00 PM,10703.7,10703.9,10701.4,10701.7,0
11/20/2018 1:22:00 PM,10701.8,10705.1,10701.6,10703.65,0
11/20/2018 1:21:00 PM,10701.25,10702.2,10699.3,10701.8,0
11/20/2018 1:20:00 PM,10706.05,10706.35,10700.95,10701.55,0
11/20/2018 1:19:00 PM,10704.25,10706.2,10701.25,10706.2,0
11/20/2018 1:18:00 PM,10700.75,10704.2,10699.95,10703.95,0
11/20/2018 1:17:00 PM,10697.15,10701.25,10696.85,10701,0
11/20/2018 1:16:00 PM,10697.45,10699.5,10697.25,10697.25,0
11/20/2018 1:15:00 PM,10694.85,10697.75,10694.85,10697.75,0
11/20/2018 1:14:00 PM,10696.95,10697.65,10693.95,10695.05,0
11/20/2018 1:13:00 PM,10693.05,10696.9,10693.05,10696.75,0
11/20/2018 1:12:00 PM,10688.65,10693.75,10687.75,10693.3,0
11/20/2018 1:11:00 PM,10692.25,10692.35,10686.6,10687.85,0
11/20/2018 1:10:00 PM,10701.3,10701.35,10692.25,10692.55,0
11/20/2018 1:09:00 PM,10701.55,10702.35,10700.05,10700.85,0
11/20/2018 1:08:00 PM,10700.9,10702.1,10698.9,10701.55,0
11/20/2018 1:07:00 PM,10701.35,10701.65,10699.9,10700.75,0
11/20/2018 1:06:00 PM,10703,10703.3,10700.9,10700.95,0
11/20/2018 1:05:00 PM,10704.85,10704.9,10702.3,10702.95,0
11/20/2018 1:04:00 PM,10707.9,10708.6,10704.65,10704.65,0
11/20/2018 1:03:00 PM,10709.55,10710.3,10707.7,10707.9,0
11/20/2018 1:02:00 PM,10708.95,10710.35,10708,10709.55,0
11/20/2018 1:01:00 PM,10706.45,10709.1,10706.45,10708.6,0
11/20/2018 1:00:00 PM,10703.25,10706.75,10701.9,10706.75,0
11/20/2018 12:59:00 PM,10704.15,10704.9,10702.75,10703.2,0
11/20/2018 12:58:00 PM,10702.9,10705.95,10701.45,10704.25,0
11/20/2018 12:57:00 PM,10703.25,10703.4,10700.55,10702.8,0
11/20/2018 12:56:00 PM,10703.85,10703.9,10701.15,10703.2,0
11/20/2018 12:55:00 PM,10700.75,10704.65,10700.2,10703.7,0
11/20/2018 12:54:00 PM,10699.15,10701.2,10698.1,10700.4,0
11/20/2018 12:53:00 PM,10699.35,10700.9,10698.75,10699,0
11/20/2018 12:52:00 PM,10699.35,10699.8,10696.45,10699.2,0
11/20/2018 12:51:00 PM,10704.85,10704.85,10699.35,10699.35,0
11/20/2018 12:50:00 PM,10707.15,10707.75,10704.45,10704.45,0
11/20/2018 12:49:00 PM,10707,10707.4,10705.7,10706.95,0
11/20/2018 12:48:00 PM,10704.85,10707.65,10704.8,10707,0
11/20/2018 12:47:00 PM,10705.05,10706.15,10703.3,10705.6,0
11/20/2018 12:46:00 PM,10706,10707.6,10705.2,10705.2,0
11/20/2018 12:45:00 PM,10710.15,10710.4,10705.35,10706.15,0
11/20/2018 12:44:00 PM,10713.8,10714.1,10709.9,10710,0
11/20/2018 12:43:00 PM,10715.75,10716.45,10713.65,10713.7,0
11/20/2018 12:42:00 PM,10716.15,10717.4,10715.3,10715.75,0
11/20/2018 12:41:00 PM,10718.75,10718.75,10715.6,10716.25,0
11/20/2018 12:40:00 PM,10719.8,10720.65,10718.2,10718.7,0
11/20/2018 12:39:00 PM,10721.35,10721.35,10719.45,10719.8,0
11/20/2018 12:38:00 PM,10717.8,10721.65,10717.8,10721.35,0
11/20/2018 12:37:00 PM,10716.2,10718.1,10714.8,10717.65,0
11/20/2018 12:36:00 PM,10714.3,10717.7,10714.2,10716.15,0
11/20/2018 12:35:00 PM,10715.5,10715.85,10713.7,10714.25,0
11/20/2018 12:34:00 PM,10717.3,10717.55,10714.65,10715.05,0
11/20/2018 12:33:00 PM,10716.5,10719.1,10716.5,10716.6,0
11/20/2018 12:32:00 PM,10718.6,10719.15,10717.05,10717.25,0
11/20/2018 12:31:00 PM,10718.75,10719.7,10718.1,10718.65,0
11/20/2018 12:30:00 PM,10718.2,10719.85,10717.65,10718.95,0
11/20/2018 12:29:00 PM,10720.15,10720.15,10717.95,10718.2,0
11/20/2018 12:28:00 PM,10720,10721.25,10718.85,10720.7,0
11/20/2018 12:27:00 PM,10719.15,10721.05,10718.55,10720.2,0
11/20/2018 12:26:00 PM,10723,10723.25,10719.25,10719.25,0
11/20/2018 12:25:00 PM,10720.3,10723,10720,10722.75,0
11/20/2018 12:24:00 PM,10721.9,10723.2,10720.1,10720.25,0
11/20/2018 12:23:00 PM,10718.9,10722.2,10718.9,10721.95,0
11/20/2018 12:22:00 PM,10717.1,10719.1,10717,10719.1,0
11/20/2018 12:21:00 PM,10717.85,10717.95,10715.95,10716.95,0
11/20/2018 12:20:00 PM,10717.45,10720.15,10717.25,10717.85,0
11/20/2018 12:19:00 PM,10716.55,10718.15,10713.8,10717.45,0
11/20/2018 12:18:00 PM,10718.15,10718.7,10716.5,10716.5,0
11/20/2018 12:17:00 PM,10716.4,10717.85,10715.95,10717.7,0
11/20/2018 12:16:00 PM,10718.4,10718.45,10716.1,10716.2,0
11/20/2018 12:15:00 PM,10718.1,10719,10717.25,10717.8,0
11/20/2018 12:14:00 PM,10717.5,10720.05,10717.4,10718.1,0
11/20/2018 12:13:00 PM,10716.2,10719.65,10716.2,10717.75,0
11/20/2018 12:12:00 PM,10715.65,10716.25,10714.45,10716.15,0
11/20/2018 12:11:00 PM,10715.6,10717.25,10715.4,10715.85,0
11/20/2018 12:10:00 PM,10713.5,10715.95,10713.25,10715.6,0
11/20/2018 12:09:00 PM,10715.85,10716.25,10713.25,10713.85,0
11/20/2018 12:08:00 PM,10717.5,10717.9,10715.95,10715.95,0
11/20/2018 12:07:00 PM,10721.7,10721.75,10717.95,10717.95,0
11/20/2018 12:06:00 PM,10720.15,10722.4,10720.1,10721.6,0
11/20/2018 12:05:00 PM,10719.8,10720.6,10719.65,10720.2,0
11/20/2018 12:04:00 PM,10718.35,10720.35,10718.35,10719.8,0
11/20/2018 12:03:00 PM,10719.05,10720.3,10718.35,10718.35,0
11/20/2018 12:02:00 PM,10716.75,10719.75,10716.2,10719.2,0
11/20/2018 12:01:00 PM,10715.85,10716.9,10714.85,10716.45,0
11/20/2018 12:00:00 PM,10717.55,10717.65,10714.85,10715.95,0
11/20/2018 11:59:00 AM,10716.55,10719.3,10716.45,10718.35,0
11/20/2018 11:58:00 AM,10715.8,10716.75,10714,10716.75,0
11/20/2018 11:57:00 AM,10715.5,10717.45,10715.05,10715.7,0
11/20/2018 11:56:00 AM,10712,10715.55,10711.8,10715.55,0
11/20/2018 11:55:00 AM,10712.95,10713.8,10712.1,10712.1,0
11/20/2018 11:54:00 AM,10709.6,10712.6,10709.45,10712.55,0
11/20/2018 11:53:00 AM,10707.6,10709.75,10707.35,10709.75,0
11/20/2018 11:52:00 AM,10708.45,10710.5,10707,10707.45,0
11/20/2018 11:51:00 AM,10703.85,10708.15,10703.45,10708.15,0
11/20/2018 11:50:00 AM,10705.1,10706.05,10703.25,10703.95,0
11/20/2018 11:49:00 AM,10707.15,10707.6,10704.15,10704.9,0
11/20/2018 11:48:00 AM,10704.5,10707.05,10704.5,10706.95,0
11/20/2018 11:47:00 AM,10704.2,10706.15,10704.1,10704.65,0
11/20/2018 11:46:00 AM,10705,10705,10702.5,10703.95,0
11/20/2018 11:45:00 AM,10705.2,10705.9,10704.65,10705.2,0
11/20/2018 11:44:00 AM,10703.4,10705.55,10703.4,10704.95,0
11/20/2018 11:43:00 AM,10703.8,10703.85,10701.9,10703.3,0
11/20/2018 11:42:00 AM,10706.7,10706.75,10703,10703.95,0
11/20/2018 11:41:00 AM,10708.95,10708.95,10706.3,10706.8,0
11/20/2018 11:40:00 AM,10708.8,10709.55,10707.8,10708.6,0
11/20/2018 11:39:00 AM,10710.15,10710.85,10708.5,10708.5,0
11/20/2018 11:38:00 AM,10709.15,10710.55,10708.75,10710.45,0
11/20/2018 11:37:00 AM,10708.8,10709.15,10706.05,10708.95,0
11/20/2018 11:36:00 AM,10708.5,10709.75,10707.9,10709.4,0
11/20/2018 11:35:00 AM,10707.3,10709.5,10707.15,10708.85,0
11/20/2018 11:34:00 AM,10709.45,10709.6,10707.25,10707.35,0
11/20/2018 11:33:00 AM,10708.9,10709.7,10707.2,10709.7,0
11/20/2018 11:32:00 AM,10711.55,10711.55,10708.85,10708.85,0
11/20/2018 11:31:00 AM,10712.3,10712.55,10711.25,10712,0
11/20/2018 11:30:00 AM,10712.6,10712.65,10711.05,10712.25,0
11/20/2018 11:29:00 AM,10712.9,10714.4,10712.6,10712.6,0
11/20/2018 11:28:00 AM,10715.2,10715.6,10712.75,10713,0
11/20/2018 11:27:00 AM,10715.4,10715.95,10714.55,10715.65,0
11/20/2018 11:26:00 AM,10712.2,10715.4,10712.2,10715.35,0
11/20/2018 11:25:00 AM,10707.65,10712.15,10707.65,10712.1,0
11/20/2018 11:24:00 AM,10709.2,10711.25,10707.55,10708,0
11/20/2018 11:23:00 AM,10708.65,10710.55,10708.35,10709.25,0
11/20/2018 11:22:00 AM,10706.45,10708.25,10705.75,10708.25,0
11/20/2018 11:21:00 AM,10703.95,10706.2,10701.1,10706.2,0
11/20/2018 11:20:00 AM,10701.65,10704.3,10701.55,10704.05,0
11/20/2018 11:19:00 AM,10703.95,10704.25,10701.75,10701.75,0
11/20/2018 11:18:00 AM,10704.65,10706.5,10702.9,10703.75,0
11/20/2018 11:17:00 AM,10703.8,10704.9,10702,10704.85,0
11/20/2018 11:16:00 AM,10707.1,10707.1,10702.15,10703.65,0
11/20/2018 11:15:00 AM,10710.65,10711,10706.65,10707.6,0
11/20/2018 11:14:00 AM,10712.05,10712.2,10710.05,10710.6,0
11/20/2018 11:13:00 AM,10710.6,10713.6,10710.6,10712.1,0
11/20/2018 11:12:00 AM,10709.55,10713.25,10709.55,10710.6,0
11/20/2018 11:11:00 AM,10708,10710.05,10708,10709.25,0
11/20/2018 11:10:00 AM,10709.5,10709.65,10706.75,10707.9,0
11/20/2018 11:09:00 AM,10713,10713,10708.85,10709.15,0
11/20/2018 11:08:00 AM,10713.3,10714.7,10712.85,10713.35,0
11/20/2018 11:07:00 AM,10712.15,10714.2,10711.7,10712.9,0
11/20/2018 11:06:00 AM,10712.9,10712.9,10711.3,10712.25,0
11/20/2018 11:05:00 AM,10714.05,10714.65,10712.4,10712.4,0
11/20/2018 11:04:00 AM,10715.6,10715.75,10713.05,10713.05,0
11/20/2018 11:03:00 AM,10716.95,10718.8,10715.45,10715.45,0
11/20/2018 11:02:00 AM,10715.75,10717.2,10715.05,10717.2,0
11/20/2018 11:01:00 AM,10715.85,10716.6,10714.45,10715.7,0
11/20/2018 11:00:00 AM,10715.9,10716.2,10714.4,10715.9,0
11/20/2018 10:59:00 AM,10716.1,10717.7,10715.75,10715.9,0
11/20/2018 10:58:00 AM,10716.05,10716.45,10714.8,10715.85,0
11/20/2018 10:57:00 AM,10719.25,10720.35,10716.15,10716.15,0
11/20/2018 10:56:00 AM,10718.7,10720.05,10718.05,10719.2,0
11/20/2018 10:55:00 AM,10717.4,10719.5,10716.9,10718.5,0
11/20/2018 10:54:00 AM,10712.05,10717.15,10711.35,10717.1,0
11/20/2018 10:53:00 AM,10710.9,10712.2,10709.95,10711.85,0
11/20/2018 10:52:00 AM,10713.55,10713.6,10711.55,10711.75,0
11/20/2018 10:51:00 AM,10716.3,10716.45,10713.6,10714.1,0
11/20/2018 10:50:00 AM,10717.65,10717.9,10714.85,10716.35,0
11/20/2018 10:49:00 AM,10716.05,10717.8,10714.85,10717.5,0
11/20/2018 10:48:00 AM,10716.1,10716.5,10713.95,10716.5,0
11/20/2018 10:47:00 AM,10714.15,10715.7,10713.2,10715.5,0
11/20/2018 10:46:00 AM,10717.15,10717.15,10713.1,10714.25,0
11/20/2018 10:45:00 AM,10715.65,10718.2,10714.9,10717.4,0
11/20/2018 10:44:00 AM,10720.05,10720.05,10715.55,10715.85,0
11/20/2018 10:43:00 AM,10717.65,10719.85,10717.1,10719.5,0
11/20/2018 10:42:00 AM,10713.6,10717.6,10713.45,10717.55,0
11/20/2018 10:41:00 AM,10712.6,10713.75,10709.85,10713.75,0
11/20/2018 10:40:00 AM,10712.75,10713.7,10711.2,10712.5,0
11/20/2018 10:39:00 AM,10713.1,10715.1,10711.15,10712.7,0
11/20/2018 10:38:00 AM,10716.7,10716.85,10711.6,10713.6,0
11/20/2018 10:37:00 AM,10715.75,10717.45,10714.6,10716.75,0
11/20/2018 10:36:00 AM,10710.85,10716.25,10710.15,10715.4,0
11/20/2018 10:35:00 AM,10707.45,10711.4,10706.7,10710.5,0
11/20/2018 10:34:00 AM,10710.55,10710.65,10707,10707.2,0
11/20/2018 10:33:00 AM,10712.7,10713.55,10710.35,10710.35,0
11/20/2018 10:32:00 AM,10716.9,10718.1,10713.1,10713.1,0
11/20/2018 10:31:00 AM,10716.85,10718.1,10716.3,10717.35,0
11/20/2018 10:30:00 AM,10718.35,10718.35,10715.05,10716.85,0
11/20/2018 10:29:00 AM,10716,10718.85,10715.35,10718.45,0
11/20/2018 10:28:00 AM,10713.3,10716.35,10713.2,10716.3,0
11/20/2018 10:27:00 AM,10718.8,10719.2,10713.4,10713.55,0
11/20/2018 10:26:00 AM,10720.2,10721.05,10717.9,10718,0
11/20/2018 10:25:00 AM,10718.85,10720.95,10718.3,10719.95,0
11/20/2018 10:24:00 AM,10718.9,10719.05,10715.6,10718.8,0
11/20/2018 10:23:00 AM,10722.35,10722.35,10716.9,10718.8,0
11/20/2018 10:22:00 AM,10721.2,10722.55,10720.85,10722.25,0
11/20/2018 10:21:00 AM,10717,10721.6,10716.75,10721.25,0
11/20/2018 10:20:00 AM,10720.75,10720.9,10716.45,10717.1,0
11/20/2018 10:19:00 AM,10719.85,10722.4,10718.9,10720.15,0
11/20/2018 10:18:00 AM,10722.25,10723.3,10719.05,10719.35,0
11/20/2018 10:17:00 AM,10726.05,10727.05,10722.25,10722.25,0
11/20/2018 10:16:00 AM,10725.7,10728.5,10725.35,10726.05,0
11/20/2018 10:15:00 AM,10724.6,10726.25,10724.2,10725.6,0
11/20/2018 10:14:00 AM,10722.9,10724.35,10720.8,10724.35,0
11/20/2018 10:13:00 AM,10723.3,10724.95,10722.8,10722.95,0
11/20/2018 10:12:00 AM,10726.65,10726.85,10722.8,10722.85,0
11/20/2018 10:11:00 AM,10720.9,10727,10720.75,10727,0
11/20/2018 10:10:00 AM,10720.1,10720.7,10719.25,10720.6,0
11/20/2018 10:09:00 AM,10722.05,10722.15,10717.95,10719.8,0
11/20/2018 10:08:00 AM,10722.5,10722.6,10719.9,10722,0
11/20/2018 10:07:00 AM,10726.1,10726.65,10722.6,10722.6,0
11/20/2018 10:06:00 AM,10729.35,10729.8,10724.4,10725.9,0
11/20/2018 10:05:00 AM,10734.65,10734.65,10729.15,10729.4,0
11/20/2018 10:04:00 AM,10731.85,10735.85,10731.25,10734.6,0
11/20/2018 10:03:00 AM,10730.95,10732.5,10730.2,10731.75,0
11/20/2018 10:02:00 AM,10732.35,10732.9,10730,10731.5,0
11/20/2018 10:01:00 AM,10729.4,10732.8,10729.2,10732.8,0
11/20/2018 10:00:00 AM,10731.6,10733.4,10729.4,10729.8,0
11/20/2018 9:59:00 AM,10734.1,10734.55,10730.45,10731.95,0
11/20/2018 9:58:00 AM,10739.05,10739.35,10734.05,10734.85,0
11/20/2018 9:57:00 AM,10737.7,10739.3,10735.4,10739.3,0
11/20/2018 9:56:00 AM,10733.35,10737.8,10733.35,10737.8,0
11/20/2018 9:55:00 AM,10730.85,10734.05,10729.35,10733.6,0
11/20/2018 9:54:00 AM,10732.65,10734.65,10730.7,10730.75,0
11/20/2018 9:53:00 AM,10734.2,10734.5,10732.3,10733.05,0
11/20/2018 9:52:00 AM,10732.65,10734.55,10730.75,10733.7,0
11/20/2018 9:51:00 AM,10730.45,10732.75,10727.6,10731.65,0
11/20/2018 9:50:00 AM,10730.9,10734.85,10730.2,10730.7,0
11/20/2018 9:49:00 AM,10728.2,10731.4,10727.6,10730.35,0
11/20/2018 9:48:00 AM,10724.05,10728.5,10723.9,10727.7,0
11/20/2018 9:47:00 AM,10724.4,10724.6,10721,10723.4,0
11/20/2018 9:46:00 AM,10727.05,10728.35,10725.25,10725.35,0
11/20/2018 9:45:00 AM,10730.8,10730.85,10725.7,10726.9,0
11/20/2018 9:44:00 AM,10728.2,10730.8,10727.05,10730.2,0
11/20/2018 9:43:00 AM,10726.85,10730.1,10726.65,10728.7,0
11/20/2018 9:42:00 AM,10726.4,10730.3,10726.4,10727.4,0
11/20/2018 9:41:00 AM,10722.35,10727.2,10722.25,10725.75,0
11/20/2018 9:40:00 AM,10721.75,10725.5,10721.45,10722.25,0
11/20/2018 9:39:00 AM,10718.25,10722.2,10717.3,10721.8,0
11/20/2018 9:38:00 AM,10715.05,10719.95,10715.05,10718.7,0
11/20/2018 9:37:00 AM,10717.65,10718.3,10714.9,10715,0
11/20/2018 9:36:00 AM,10720,10720.75,10716.15,10717.15,0
11/20/2018 9:35:00 AM,10719.7,10722.5,10719.7,10721.25,0
11/20/2018 9:34:00 AM,10718.75,10720.4,10717.4,10719.85,0
11/20/2018 9:33:00 AM,10717.9,10719.6,10716.8,10718.5,0
11/20/2018 9:32:00 AM,10714,10718.95,10714,10717.55,0
11/20/2018 9:31:00 AM,10714.2,10715.75,10712.9,10714.45,0
11/20/2018 9:30:00 AM,10720.05,10720.05,10711.15,10714.25,0
11/20/2018 9:29:00 AM,10726.5,10727.15,10719.6,10719.95,0
11/20/2018 9:28:00 AM,10726.8,10729.05,10724.8,10726.9,0
11/20/2018 9:27:00 AM,10728.65,10728.65,10724.05,10727.7,0
11/20/2018 9:26:00 AM,10728.15,10730,10725.6,10728.8,0
11/20/2018 9:25:00 AM,10731.45,10735.3,10727.15,10728.4,0
11/20/2018 9:24:00 AM,10735.2,10735.2,10729.85,10732,0
11/20/2018 9:23:00 AM,10731.4,10734,10730,10733.85,0
11/20/2018 9:22:00 AM,10721.2,10732.35,10720.7,10731.85,0
11/20/2018 9:21:00 AM,10723.5,10723.5,10718.85,10721.4,0
11/20/2018 9:20:00 AM,10730.65,10732.45,10723.1,10723.5,0
11/20/2018 9:19:00 AM,10722.1,10731.25,10722.1,10730.55,0
11/20/2018 9:18:00 AM,10721.75,10723.45,10719.05,10722.75,0
11/20/2018 9:17:00 AM,10730.05,10730.05,10721.3,10722.45,0
11/20/2018 9:16:00 AM,10730.3,10738.65,10728.85,10728.85,0
11/20/2018 9:15:00 AM,10740.1,10740.1,10717.6,10730.4,0
11/19/2018 3:29:00 PM,10770.6,10772.8,10768.55,10770.35,0
11/19/2018 3:28:00 PM,10773,10773.55,10769.3,10770.8,0
11/19/2018 3:27:00 PM,10772.85,10774.25,10770.6,10773,0
11/19/2018 3:26:00 PM,10772.35,10773.1,10771.35,10772.9,0
11/19/2018 3:25:00 PM,10772.35,10774,10771.8,10772.2,0
11/19/2018 3:24:00 PM,10771.8,10772.7,10770.85,10772.4,0
11/19/2018 3:23:00 PM,10770.9,10772.35,10770.35,10771.8,0
11/19/2018 3:22:00 PM,10768.85,10770.9,10768.85,10770.9,0
11/19/2018 3:21:00 PM,10765.6,10769.3,10765.25,10768.9,0
11/19/2018 3:20:00 PM,10763.45,10766.15,10763.45,10766.15,0
11/19/2018 3:19:00 PM,10763.05,10764,10761.75,10763.05,0
11/19/2018 3:18:00 PM,10762.35,10764.35,10762.15,10763,0
11/19/2018 3:17:00 PM,10763.2,10764.85,10762.15,10762.25,0
11/19/2018 3:16:00 PM,10763.2,10765.3,10762.4,10762.85,0
11/19/2018 3:15:00 PM,10760.4,10764.35,10759.85,10762.8,0
11/19/2018 3:14:00 PM,10759.45,10761.05,10758.45,10760.75,0
11/19/2018 3:13:00 PM,10759.6,10760.7,10758.55,10759.15,0
11/19/2018 3:12:00 PM,10759.55,10762.45,10759.35,10759.9,0
11/19/2018 3:11:00 PM,10756.9,10760.75,10756.9,10759.35,0
11/19/2018 3:10:00 PM,10754.75,10757.85,10754.75,10756.1,0
11/19/2018 3:09:00 PM,10757.3,10759.25,10755.2,10755.45,0
11/19/2018 3:08:00 PM,10755.65,10758.45,10755.65,10756.5,0
11/19/2018 3:07:00 PM,10758.65,10760.2,10755.35,10755.55,0
11/19/2018 3:06:00 PM,10759.55,10762.35,10758.6,10758.6,0
11/19/2018 3:05:00 PM,10755.25,10759.5,10755.25,10759.25,0
11/19/2018 3:04:00 PM,10757.4,10758.55,10754.9,10755.5,0
11/19/2018 3:03:00 PM,10758.05,10760.7,10756.4,10757.55,0
11/19/2018 3:02:00 PM,10753.65,10758.15,10753.65,10757.9,0
11/19/2018 3:01:00 PM,10750.8,10754.3,10750.8,10753.75,0
11/19/2018 3:00:00 PM,10742.75,10751.55,10742.75,10750.9,0
11/19/2018 2:59:00 PM,10738.9,10746.9,10738.9,10743.25,0
11/19/2018 2:58:00 PM,10738.65,10738.9,10736.55,10738.6,0
11/19/2018 2:57:00 PM,10736.4,10742.6,10736.4,10738.75,0
11/19/2018 2:56:00 PM,10738.2,10738.45,10735.5,10736.25,0
11/19/2018 2:55:00 PM,10740.7,10743.3,10738.3,10738.5,0
11/19/2018 2:54:00 PM,10736.4,10740.6,10736.4,10740.2,0
11/19/2018 2:53:00 PM,10745.95,10746.9,10734.75,10735.6,0
11/19/2018 2:52:00 PM,10748.2,10749.5,10745.45,10745.45,0
11/19/2018 2:51:00 PM,10743.9,10748.6,10743.9,10748.15,0
11/19/2018 2:50:00 PM,10746.05,10747.55,10744.1,10744.5,0
11/19/2018 2:49:00 PM,10741.95,10746.65,10741.95,10745.8,0
11/19/2018 2:48:00 PM,10742.8,10746.3,10741.65,10741.65,0
11/19/2018 2:47:00 PM,10740.65,10743.6,10740.65,10742.45,0
11/19/2018 2:46:00 PM,10742.55,10743.8,10739.75,10740.45,0
11/19/2018 2:45:00 PM,10739.6,10744.85,10739.6,10742.6,0
11/19/2018 2:44:00 PM,10740.35,10743.45,10738,10739.4,0
11/19/2018 2:43:00 PM,10743.95,10746.15,10738.55,10739.8,0
11/19/2018 2:42:00 PM,10741.25,10744.8,10740.55,10744.1,0
11/19/2018 2:41:00 PM,10743.6,10746.7,10741.15,10741.25,0
11/19/2018 2:40:00 PM,10743.45,10747.35,10743.45,10743.7,0
11/19/2018 2:39:00 PM,10742.85,10744.3,10742,10743.1,0
11/19/2018 2:38:00 PM,10731.6,10744.8,10731.6,10742.75,0
11/19/2018 2:37:00 PM,10723.6,10731.8,10723.6,10731.55,0
11/19/2018 2:36:00 PM,10720.45,10726.65,10720.45,10723.2,0
11/19/2018 2:35:00 PM,10720.7,10721.05,10719.3,10720.35,0
11/19/2018 2:34:00 PM,10722.4,10724.5,10720.45,10720.5,0
11/19/2018 2:33:00 PM,10716.8,10724,10716.8,10722.3,0
11/19/2018 2:32:00 PM,10713.75,10717.2,10712.05,10716.4,0
11/19/2018 2:31:00 PM,10719.5,10721.35,10712.8,10713.7,0
11/19/2018 2:30:00 PM,10721.45,10724.95,10714.75,10719.2,0
11/19/2018 2:29:00 PM,10733.95,10734.7,10721,10721,0
11/19/2018 2:28:00 PM,10733.15,10735.9,10733.15,10733.4,0
11/19/2018 2:27:00 PM,10737.05,10738.3,10733.25,10733.25,0
11/19/2018 2:26:00 PM,10740.25,10741.45,10737.25,10737.65,0
11/19/2018 2:25:00 PM,10739.3,10741.55,10738.65,10740.1,0
11/19/2018 2:24:00 PM,10737,10739.75,10737,10739.05,0
11/19/2018 2:23:00 PM,10737.9,10738.85,10736,10736.75,0
11/19/2018 2:22:00 PM,10736.85,10738.2,10735.85,10736.85,0
11/19/2018 2:21:00 PM,10741.8,10742.55,10735.95,10736.35,0
11/19/2018 2:20:00 PM,10739.4,10743.75,10739.4,10741.75,0
11/19/2018 2:19:00 PM,10737.65,10739.5,10737.65,10739.5,0
11/19/2018 2:18:00 PM,10737.6,10739,10736.45,10737.4,0
11/19/2018 2:17:00 PM,10737,10739.1,10737,10737.25,0
11/19/2018 2:16:00 PM,10737,10738.35,10736.3,10736.55,0
11/19/2018 2:15:00 PM,10735.6,10738.1,10735.6,10737,0
11/19/2018 2:14:00 PM,10733.7,10735.7,10733.7,10735.7,0
11/19/2018 2:13:00 PM,10733.1,10734.6,10733,10733,0
11/19/2018 2:12:00 PM,10735.9,10737.25,10732.9,10733.55,0
11/19/2018 2:11:00 PM,10736.35,10737.8,10734.95,10735.55,0
11/19/2018 2:10:00 PM,10734.95,10738.1,10734.95,10736.5,0
11/19/2018 2:09:00 PM,10736.45,10737.75,10734.3,10734.9,0
11/19/2018 2:08:00 PM,10738.25,10739.1,10735.55,10736,0
11/19/2018 2:07:00 PM,10738.35,10739.8,10736.65,10737.85,0
11/19/2018 2:06:00 PM,10735.6,10739.3,10735.6,10738.95,0
11/19/2018 2:05:00 PM,10732.5,10736.15,10732.5,10735.45,0
11/19/2018 2:04:00 PM,10728.9,10734.9,10728.9,10733.45,0
11/19/2018 2:03:00 PM,10727.75,10729.2,10727.75,10728.4,0
11/19/2018 2:02:00 PM,10727.8,10729.2,10727.3,10727.5,0
11/19/2018 2:01:00 PM,10726.15,10728.1,10726.15,10727.05,0
11/19/2018 2:00:00 PM,10724.3,10727.15,10724.3,10726.2,0
11/19/2018 1:59:00 PM,10723.2,10725.2,10722.95,10724.2,0
11/19/2018 1:58:00 PM,10725.6,10726.85,10722.95,10722.95,0
11/19/2018 1:57:00 PM,10723.45,10726.4,10723.45,10725.65,0
11/19/2018 1:56:00 PM,10722.95,10725.3,10722.9,10722.9,0
11/19/2018 1:55:00 PM,10720.95,10723.65,10720.95,10722.75,0
11/19/2018 1:54:00 PM,10720.65,10721.6,10719.8,10720.55,0
11/19/2018 1:53:00 PM,10720.75,10723,10720.15,10720.65,0
11/19/2018 1:52:00 PM,10725.7,10726.3,10720.3,10720.95,0
11/19/2018 1:51:00 PM,10724.85,10726.3,10724.15,10724.7,0
11/19/2018 1:50:00 PM,10725.15,10728.25,10724.6,10724.7,0
11/19/2018 1:49:00 PM,10722.6,10725.6,10722.6,10725.35,0
11/19/2018 1:48:00 PM,10724.2,10725.55,10721.9,10723.35,0
11/19/2018 1:47:00 PM,10722.6,10725.15,10722.6,10724.8,0
11/19/2018 1:46:00 PM,10724.7,10725.7,10722.45,10722.45,0
11/19/2018 1:45:00 PM,10720.5,10725.05,10720.5,10724.85,0
11/19/2018 1:44:00 PM,10718.85,10721.8,10718.85,10720.55,0
11/19/2018 1:43:00 PM,10721.2,10722.05,10718.5,10718.65,0
11/19/2018 1:42:00 PM,10721.35,10723.9,10721.35,10721.35,0
11/19/2018 1:41:00 PM,10724.1,10726.4,10721.35,10721.35,0
11/19/2018 1:40:00 PM,10722.4,10725.1,10722.4,10724.25,0
11/19/2018 1:39:00 PM,10722.95,10723.65,10720.55,10721.65,0
11/19/2018 1:38:00 PM,10721.2,10723.45,10721.2,10722.75,0
11/19/2018 1:37:00 PM,10720.25,10721.75,10719.9,10721.6,0
11/19/2018 1:36:00 PM,10720.25,10721.75,10719.7,10720.1,0
11/19/2018 1:35:00 PM,10717.6,10721.65,10717.6,10720.35,0
11/19/2018 1:34:00 PM,10716.15,10717.7,10716.15,10717.5,0
11/19/2018 1:33:00 PM,10714.65,10716.95,10714.3,10715.9,0
11/19/2018 1:32:00 PM,10712,10714.75,10711.75,10714.4,0
11/19/2018 1:31:00 PM,10712.25,10713.15,10710.9,10712.1,0
11/19/2018 1:30:00 PM,10713.2,10715,10711.55,10712.05,0
11/19/2018 1:29:00 PM,10713.4,10715.4,10713.25,10713.35,0
11/19/2018 1:28:00 PM,10711.25,10714.05,10711.25,10713.6,0
11/19/2018 1:27:00 PM,10710.45,10711.8,10709.8,10711.15,0
11/19/2018 1:26:00 PM,10711.05,10711.65,10709.9,10710.35,0
11/19/2018 1:25:00 PM,10710.55,10712.15,10710.4,10710.9,0
11/19/2018 1:24:00 PM,10709.8,10710.35,10708.45,10710.35,0
11/19/2018 1:23:00 PM,10709,10710.65,10709,10710.15,0
11/19/2018 1:22:00 PM,10712.55,10713,10708.55,10708.55,0
11/19/2018 1:21:00 PM,10714.2,10714.55,10712.35,10712.6,0
11/19/2018 1:20:00 PM,10713.6,10715.15,10712.85,10714.2,0
11/19/2018 1:19:00 PM,10712.15,10714.45,10712.05,10713.55,0
11/19/2018 1:18:00 PM,10713.85,10714.35,10710.8,10712.05,0
11/19/2018 1:17:00 PM,10710.25,10713.6,10708.3,10713.45,0
11/19/2018 1:16:00 PM,10708.65,10710.9,10707.6,10710.15,0
11/19/2018 1:15:00 PM,10708.55,10709.85,10707.8,10708.3,0
11/19/2018 1:14:00 PM,10709.95,10710.5,10708,10708.65,0
11/19/2018 1:13:00 PM,10710.7,10711.45,10708.7,10709.35,0
11/19/2018 1:12:00 PM,10711.95,10712.45,10710.8,10711.25,0
11/19/2018 1:11:00 PM,10713.15,10713.8,10711.35,10711.35,0
11/19/2018 1:10:00 PM,10713.85,10714.25,10712.75,10713.35,0
11/19/2018 1:09:00 PM,10712.75,10715.1,10712.2,10714,0
11/19/2018 1:08:00 PM,10712.15,10713.8,10711.95,10712.75,0
11/19/2018 1:07:00 PM,10712.4,10713.05,10711,10712.8,0
11/19/2018 1:06:00 PM,10714.2,10714.7,10710.75,10712.35,0
11/19/2018 1:05:00 PM,10711.8,10714.35,10711.3,10713.95,0
11/19/2018 1:04:00 PM,10707.55,10711.8,10707.55,10711.8,0
11/19/2018 1:03:00 PM,10706.95,10707.45,10705.15,10707.2,0
11/19/2018 1:02:00 PM,10707.65,10707.65,10706.2,10706.55,0
11/19/2018 1:01:00 PM,10709.15,10709.8,10707.65,10707.65,0
11/19/2018 1:00:00 PM,10710.4,10710.4,10708.05,10709.45,0
11/19/2018 12:59:00 PM,10709.55,10710.35,10708.75,10710.05,0
11/19/2018 12:58:00 PM,10709.25,10710.05,10708.65,10709.6,0
11/19/2018 12:57:00 PM,10709.3,10710.4,10708.9,10709.6,0
11/19/2018 12:56:00 PM,10709.75,10710.05,10707.9,10709.3,0
11/19/2018 12:55:00 PM,10711.25,10711.75,10708.6,10709.25,0
11/19/2018 12:54:00 PM,10708.9,10711.45,10708.85,10711.1,0
11/19/2018 12:53:00 PM,10706.65,10709.45,10705.3,10709.05,0
11/19/2018 12:52:00 PM,10706,10707.05,10705.1,10706.7,0
11/19/2018 12:51:00 PM,10704.75,10706.4,10704.55,10705.75,0
11/19/2018 12:50:00 PM,10703.95,10706.4,10702.9,10704.85,0
11/19/2018 12:49:00 PM,10705.2,10705.45,10703.7,10703.7,0
11/19/2018 12:48:00 PM,10705.55,10706.55,10703.3,10705.6,0
11/19/2018 12:47:00 PM,10706.65,10706.75,10705.1,10705.55,0
11/19/2018 12:46:00 PM,10707.85,10708.45,10705.9,10706.75,0
11/19/2018 12:45:00 PM,10706.9,10707.45,10705.3,10707.45,0
11/19/2018 12:44:00 PM,10709.15,10710.35,10706.1,10707.05,0
11/19/2018 12:43:00 PM,10706.7,10708.75,10706.45,10708.6,0
11/19/2018 12:42:00 PM,10703.55,10707.4,10702.65,10706.6,0
11/19/2018 12:41:00 PM,10707.2,10707.5,10703.7,10704.2,0
11/19/2018 12:40:00 PM,10708.8,10709.55,10706.45,10706.9,0
11/19/2018 12:39:00 PM,10710.5,10710.95,10708.75,10708.75,0
11/19/2018 12:38:00 PM,10711.2,10711.55,10709.95,10710.55,0
11/19/2018 12:37:00 PM,10712.8,10713,10710.4,10710.85,0
11/19/2018 12:36:00 PM,10712.1,10713.55,10711.4,10712.3,0
11/19/2018 12:35:00 PM,10710.75,10712.7,10710.35,10711.85,0
11/19/2018 12:34:00 PM,10710.35,10712.15,10710.05,10710.45,0
11/19/2018 12:33:00 PM,10710.8,10711.45,10710,10710.2,0
11/19/2018 12:32:00 PM,10711.85,10712.45,10710.75,10710.75,0
11/19/2018 12:31:00 PM,10712.85,10713.4,10710.2,10712.25,0
11/19/2018 12:30:00 PM,10713.4,10715,10712.95,10713.1,0
11/19/2018 12:29:00 PM,10715.4,10715.45,10711.9,10713.3,0
11/19/2018 12:28:00 PM,10714.65,10715.95,10714.3,10714.4,0
11/19/2018 12:27:00 PM,10710.8,10714.95,10710.8,10714.65,0
11/19/2018 12:26:00 PM,10715.75,10715.8,10711.25,10712.35,0
11/19/2018 12:25:00 PM,10714.35,10715.65,10714,10715.25,0
11/19/2018 12:24:00 PM,10713.8,10714.85,10713.5,10714.25,0
11/19/2018 12:23:00 PM,10713.7,10714.2,10712.65,10713.7,0
11/19/2018 12:22:00 PM,10712.6,10713.8,10711.65,10713.8,0
11/19/2018 12:21:00 PM,10709.95,10712.85,10709.15,10712.15,0
11/19/2018 12:20:00 PM,10709.5,10710,10708.1,10709.6,0
11/19/2018 12:19:00 PM,10709.3,10710.6,10708.2,10709.3,0
11/19/2018 12:18:00 PM,10710.05,10711.65,10709.15,10709.5,0
11/19/2018 12:17:00 PM,10709.3,10710.7,10708.8,10709.85,0
11/19/2018 12:16:00 PM,10712.75,10713.85,10709.1,10709.1,0
11/19/2018 12:15:00 PM,10711.3,10712.8,10711.3,10712.6,0
11/19/2018 12:14:00 PM,10708.8,10712,10708.55,10711.35,0
11/19/2018 12:13:00 PM,10708.95,10709.25,10708,10709,0
11/19/2018 12:12:00 PM,10709.4,10709.75,10708.5,10709.5,0
11/19/2018 12:11:00 PM,10709,10710.4,10708.35,10709.3,0
11/19/2018 12:10:00 PM,10712.65,10712.65,10709.2,10709.25,0
11/19/2018 12:09:00 PM,10711.45,10712.7,10711.3,10712.3,0
11/19/2018 12:08:00 PM,10710.15,10711.8,10709.9,10711.45,0
11/19/2018 12:07:00 PM,10710.05,10710.8,10709.8,10710.05,0
11/19/2018 12:06:00 PM,10710.35,10710.9,10709.35,10709.8,0
11/19/2018 12:05:00 PM,10713.2,10713.45,10710.55,10710.55,0
11/19/2018 12:04:00 PM,10714.9,10715.45,10712.85,10713.3,0
11/19/2018 12:03:00 PM,10712.6,10715.2,10712.25,10714.85,0
11/19/2018 12:02:00 PM,10711.4,10713.45,10711.05,10712.55,0
11/19/2018 12:01:00 PM,10709.3,10711.85,10707.85,10711.1,0
11/19/2018 12:00:00 PM,10708.05,10710.6,10707.25,10709.45,0
11/19/2018 11:59:00 AM,10707.1,10709.25,10705.15,10708,0
11/19/2018 11:58:00 AM,10703.35,10707.2,10702.5,10707.2,0
11/19/2018 11:57:00 AM,10703.75,10705.15,10702.85,10702.9,0
11/19/2018 11:56:00 AM,10703.85,10704,10702.55,10703.65,0
11/19/2018 11:55:00 AM,10703.5,10704.45,10702.1,10704.1,0
11/19/2018 11:54:00 AM,10702.15,10705.05,10702,10703.65,0
11/19/2018 11:53:00 AM,10702.9,10704.25,10701.85,10702.5,0
11/19/2018 11:52:00 AM,10702.5,10703.95,10702.2,10702.5,0
11/19/2018 11:51:00 AM,10703.2,10703.3,10700.95,10702.45,0
11/19/2018 11:50:00 AM,10702.55,10703.2,10701.8,10703.2,0
11/19/2018 11:49:00 AM,10701.25,10703.9,10701.1,10702.7,0
11/19/2018 11:48:00 AM,10700.4,10702.65,10700.4,10701.5,0
11/19/2018 11:47:00 AM,10701.3,10702.45,10699.95,10700.35,0
11/19/2018 11:46:00 AM,10702.4,10703.65,10701.05,10701.55,0
11/19/2018 11:45:00 AM,10696.8,10702.2,10696.8,10701.95,0
11/19/2018 11:44:00 AM,10695.55,10698.5,10695.5,10696.9,0
11/19/2018 11:43:00 AM,10697.3,10698.3,10695.85,10695.85,0
11/19/2018 11:42:00 AM,10700.55,10701.45,10697.2,10697.35,0
11/19/2018 11:41:00 AM,10702.45,10703.05,10699.65,10699.65,0
11/19/2018 11:40:00 AM,10704.3,10704.6,10701.75,10702.25,0
11/19/2018 11:39:00 AM,10703.1,10705.2,10701.6,10704.35,0
11/19/2018 11:38:00 AM,10702.2,10703.15,10700.35,10703.15,0
11/19/2018 11:37:00 AM,10702.95,10703.6,10701.8,10702.05,0
11/19/2018 11:36:00 AM,10702.9,10704.2,10701.45,10702.75,0
11/19/2018 11:35:00 AM,10703.45,10703.9,10702.5,10702.6,0
11/19/2018 11:34:00 AM,10703.1,10704.1,10702.4,10704.05,0
11/19/2018 11:33:00 AM,10705.3,10705.85,10701.1,10702.35,0
11/19/2018 11:32:00 AM,10707,10707.1,10704.75,10705.2,0
11/19/2018 11:31:00 AM,10703.5,10707.7,10703.05,10707.1,0
11/19/2018 11:30:00 AM,10704.35,10705.15,10702.9,10703.2,0
11/19/2018 11:29:00 AM,10705.2,10706.2,10703.6,10704.3,0
11/19/2018 11:28:00 AM,10704.6,10705.9,10703.95,10704.95,0
11/19/2018 11:27:00 AM,10700.15,10704.75,10700.15,10704.35,0
11/19/2018 11:26:00 AM,10698.95,10700.4,10697.2,10699.5,0
11/19/2018 11:25:00 AM,10699.95,10700.05,10697.45,10698.95,0
11/19/2018 11:24:00 AM,10698.45,10700.25,10697.95,10699.9,0
11/19/2018 11:23:00 AM,10698.4,10699,10697.2,10698.45,0
11/19/2018 11:22:00 AM,10703.6,10703.6,10697.8,10698.3,0
11/19/2018 11:21:00 AM,10704.8,10705.3,10703.2,10703.4,0
11/19/2018 11:20:00 AM,10705.15,10705.55,10704.05,10705.15,0
11/19/2018 11:19:00 AM,10705,10706.6,10704.7,10705.05,0
11/19/2018 11:18:00 AM,10705.05,10705.45,10704.3,10704.85,0
11/19/2018 11:17:00 AM,10703.45,10705.85,10702.65,10705.1,0
11/19/2018 11:16:00 AM,10703.55,10705.2,10702.8,10703.15,0
11/19/2018 11:15:00 AM,10703.85,10704.5,10703,10703.7,0
11/19/2018 11:14:00 AM,10702.5,10704.1,10702.1,10704.1,0
11/19/2018 11:13:00 AM,10705.25,10706.2,10702.35,10702.6,0
11/19/2018 11:12:00 AM,10707.1,10707.5,10704.55,10705.15,0
11/19/2018 11:11:00 AM,10705.3,10707.65,10705.05,10706.85,0
11/19/2018 11:10:00 AM,10706.95,10707.7,10706.2,10706.3,0
11/19/2018 11:09:00 AM,10706.5,10707.45,10705.6,10706.8,0
11/19/2018 11:08:00 AM,10706.65,10707.95,10706.05,10706.05,0
11/19/2018 11:07:00 AM,10706.45,10708.2,10705.8,10706.7,0
11/19/2018 11:06:00 AM,10707.55,10708.75,10705.8,10706.2,0
11/19/2018 11:05:00 AM,10705.35,10707.55,10704.25,10707.55,0
11/19/2018 11:04:00 AM,10704.4,10707.25,10704.35,10705.25,0
11/19/2018 11:03:00 AM,10706,10706.6,10704.15,10704.4,0
11/19/2018 11:02:00 AM,10702.5,10706.2,10702.35,10705.7,0
11/19/2018 11:01:00 AM,10703.05,10703.3,10700.55,10702.35,0
11/19/2018 11:00:00 AM,10702,10705.3,10701.9,10703.75,0
11/19/2018 10:59:00 AM,10700.3,10702.7,10698.85,10701.25,0
11/19/2018 10:58:00 AM,10698.4,10700.4,10697.65,10700.25,0
11/19/2018 10:57:00 AM,10696.7,10698.5,10696.2,10698.5,0
11/19/2018 10:56:00 AM,10698.25,10698.25,10695.5,10696.6,0
11/19/2018 10:55:00 AM,10700.75,10700.9,10697.6,10698.3,0
11/19/2018 10:54:00 AM,10699.95,10701.3,10699.3,10700.2,0
11/19/2018 10:53:00 AM,10700.1,10701.3,10698.7,10700.3,0
11/19/2018 10:52:00 AM,10700.65,10702.55,10698.25,10700.2,0
11/19/2018 10:51:00 AM,10699.6,10701.35,10699.5,10700.75,0
11/19/2018 10:50:00 AM,10700.2,10702.4,10698.85,10699.85,0
11/19/2018 10:49:00 AM,10701.6,10702.35,10698.3,10700.5,0
11/19/2018 10:48:00 AM,10698.05,10701.7,10698.05,10701.5,0
11/19/2018 10:47:00 AM,10697.05,10699,10696.1,10697.95,0
11/19/2018 10:46:00 AM,10693.7,10698.65,10693.7,10697.5,0
11/19/2018 10:45:00 AM,10698.15,10698.15,10694.85,10695.75,0
11/19/2018 10:44:00 AM,10697.4,10698.8,10696.35,10698.05,0
11/19/2018 10:43:00 AM,10696.35,10697.6,10693.85,10697.6,0
11/19/2018 10:42:00 AM,10693.15,10696.95,10692.5,10696.4,0
11/19/2018 10:41:00 AM,10690.55,10696.25,10690.25,10693.3,0
11/19/2018 10:40:00 AM,10691.95,10692.45,10689.25,10690.75,0
11/19/2018 10:39:00 AM,10700.75,10700.75,10692.1,10692.1,0
11/19/2018 10:38:00 AM,10702.3,10703.6,10698.9,10700.75,0
11/19/2018 10:37:00 AM,10699.6,10702.95,10698.05,10702.75,0
11/19/2018 10:36:00 AM,10698.45,10699.45,10697.1,10699.45,0
11/19/2018 10:35:00 AM,10697.3,10701.05,10696.4,10698.6,0
11/19/2018 10:34:00 AM,10695.95,10698.4,10695.3,10698.05,0
11/19/2018 10:33:00 AM,10699.6,10699.6,10692.15,10696.4,0
11/19/2018 10:32:00 AM,10701.85,10702.1,10699.15,10699.65,0
11/19/2018 10:31:00 AM,10697.1,10701.7,10696.9,10701.15,0
11/19/2018 10:30:00 AM,10700.7,10701.15,10696.05,10697.05,0
11/19/2018 10:29:00 AM,10704.15,10705.05,10700.5,10701.2,0
11/19/2018 10:28:00 AM,10705.75,10706,10702.55,10704.55,0
11/19/2018 10:27:00 AM,10701.7,10705.85,10701.7,10705.55,0
11/19/2018 10:26:00 AM,10700.35,10703.2,10700,10701.35,0
11/19/2018 10:25:00 AM,10698.85,10701.4,10698.7,10699.65,0
11/19/2018 10:24:00 AM,10703.5,10703.8,10698.8,10698.95,0
11/19/2018 10:23:00 AM,10704,10704.75,10702.9,10703.05,0
11/19/2018 10:22:00 AM,10701.65,10704.5,10701.65,10703.55,0
11/19/2018 10:21:00 AM,10707.15,10707.6,10701.4,10702.35,0
11/19/2018 10:20:00 AM,10708.5,10709.45,10705.4,10707.2,0
11/19/2018 10:19:00 AM,10707.35,10710.65,10707.35,10708.45,0
11/19/2018 10:18:00 AM,10709,10709,10704.65,10708.05,0
11/19/2018 10:17:00 AM,10704.65,10709,10703.25,10708.7,0
11/19/2018 10:16:00 AM,10706.2,10707.5,10703.95,10704.5,0
11/19/2018 10:15:00 AM,10708.6,10710.35,10706.35,10706.35,0
11/19/2018 10:14:00 AM,10707.9,10709.65,10707.9,10709.6,0
11/19/2018 10:13:00 AM,10706,10709.3,10704.3,10708.4,0
11/19/2018 10:12:00 AM,10707.35,10707.35,10703.3,10705.55,0
11/19/2018 10:11:00 AM,10702,10707.85,10701.75,10707.35,0
11/19/2018 10:10:00 AM,10701.35,10702.7,10698.75,10702.25,0
11/19/2018 10:09:00 AM,10700.45,10703.7,10700.45,10701.3,0
11/19/2018 10:08:00 AM,10704.05,10704.1,10699.85,10700.25,0
11/19/2018 10:07:00 AM,10707.7,10709.4,10704.2,10704.2,0
11/19/2018 10:06:00 AM,10706.85,10708.2,10704.95,10707.85,0
11/19/2018 10:05:00 AM,10710.4,10711.45,10704.25,10706.6,0
11/19/2018 10:04:00 AM,10705.75,10711,10705.7,10711,0
11/19/2018 10:03:00 AM,10706.45,10707.65,10705.45,10705.5,0
11/19/2018 10:02:00 AM,10703.75,10706.8,10703.4,10706.2,0
11/19/2018 10:01:00 AM,10710.75,10712.4,10703.05,10703.4,0
11/19/2018 10:00:00 AM,10707.85,10710.9,10707.4,10710.3,0
11/19/2018 9:59:00 AM,10707.55,10709.1,10706.35,10707.2,0
11/19/2018 9:58:00 AM,10703.4,10707.7,10702.65,10707.45,0
11/19/2018 9:57:00 AM,10704.05,10704.05,10700.25,10703.1,0
11/19/2018 9:56:00 AM,10705.1,10706.15,10701.95,10703.55,0
11/19/2018 9:55:00 AM,10702.25,10706.45,10701.15,10704.35,0
11/19/2018 9:54:00 AM,10705.15,10705.2,10701.25,10703.1,0
11/19/2018 9:53:00 AM,10706.5,10707.3,10704.1,10705.15,0
11/19/2018 9:52:00 AM,10701.25,10706.2,10700.8,10706.2,0
11/19/2018 9:51:00 AM,10697.25,10701,10696.8,10701,0
11/19/2018 9:50:00 AM,10696.1,10698.95,10695.2,10697.1,0
11/19/2018 9:49:00 AM,10696.25,10696.9,10692.65,10696.45,0
11/19/2018 9:48:00 AM,10698.05,10698.05,10695.05,10696,0
11/19/2018 9:47:00 AM,10705.7,10706.1,10698.4,10698.4,0
11/19/2018 9:46:00 AM,10706.25,10707.8,10704.45,10705.45,0
11/19/2018 9:45:00 AM,10704.1,10706.75,10702.6,10706.45,0
11/19/2018 9:44:00 AM,10701.95,10704.8,10699.35,10704.25,0
11/19/2018 9:43:00 AM,10700.5,10701.65,10697.7,10701.65,0
11/19/2018 9:42:00 AM,10701.05,10704.4,10700.3,10701,0
11/19/2018 9:41:00 AM,10693.85,10700.85,10693.85,10700.35,0
11/19/2018 9:40:00 AM,10699.75,10699.75,10692.85,10694.4,0
11/19/2018 9:39:00 AM,10705.1,10706.6,10699.15,10699.85,0
11/19/2018 9:38:00 AM,10703.1,10707.25,10702.25,10705.2,0
11/19/2018 9:37:00 AM,10708.1,10708.15,10702.65,10702.65,0
11/19/2018 9:36:00 AM,10708.9,10711.4,10707.55,10708.45,0
11/19/2018 9:35:00 AM,10714.7,10714.7,10706.75,10708.7,0
11/19/2018 9:34:00 AM,10720.55,10720.55,10713.2,10713.2,0
11/19/2018 9:33:00 AM,10724,10724.15,10720.6,10720.6,0
11/19/2018 9:32:00 AM,10725.35,10727.4,10721.75,10724.1,0
11/19/2018 9:31:00 AM,10725.7,10728.5,10725.7,10725.7,0
11/19/2018 9:30:00 AM,10725.85,10726.7,10723.5,10725.35,0
11/19/2018 9:29:00 AM,10727.2,10727.55,10721.7,10725.6,0
11/19/2018 9:28:00 AM,10728.4,10730.4,10726.45,10727.15,0
11/19/2018 9:27:00 AM,10728.6,10731.4,10727.65,10729.7,0
11/19/2018 9:26:00 AM,10725.4,10730.25,10724.95,10727.85,0
11/19/2018 9:25:00 AM,10725.9,10726.25,10722.95,10724.4,0
11/19/2018 9:24:00 AM,10719.3,10725.9,10717.65,10725.1,0
11/19/2018 9:23:00 AM,10724.9,10726.65,10718.55,10719.2,0
11/19/2018 9:22:00 AM,10728.75,10728.75,10724.45,10724.45,0
11/19/2018 9:21:00 AM,10728.3,10731.85,10724.75,10728.5,0
11/19/2018 9:20:00 AM,10716.35,10727.6,10716.35,10727.55,0
11/19/2018 9:19:00 AM,10716.25,10720.7,10714.9,10717.1,0
11/19/2018 9:18:00 AM,10719.3,10723.75,10714.6,10716.35,0
11/19/2018 9:17:00 AM,10719.1,10720,10713.7,10719,0
11/19/2018 9:16:00 AM,10722.85,10724,10718.05,10719.45,0
11/19/2018 9:15:00 AM,10731.25,10731.25,10718.95,10722.4,0
